W213,file,doc_id,record_no,codes,tall_final,Beskrivelse,author,title,year,place,edition,norm_author,norm_place,modern_place,lat,lon
0,Doc2753OCR.png,Doc2753OCR,1,ST,,,"Mihc, Ernst",Fremtidens Hemmelighed afsløret eller De sidste Ting ... Paa Norsk ved L. Holtermann,1885,Kra.,,"Mihc, Ernst",Kra.,Oslo,59.9139,10.7522
1,Doc3261OCR.png,Doc3261OCR,1,SV,20,Indogermanske språk [-> Indoeuropeiske språk],"Rosing, Svend",Engelsk-Dansk Ordbog,1853,U.s.u.a.,1. opl.,"Rosing, Svend",U.s.u.a.,,,
2,Doc3261OCR.png,Doc3261OCR,2,SV,20,Indogermanske språk [-> Indoeuropeiske språk],"Rosing, Svend",Engelsk-Dansk Ordbog,1899,U.s.u.a.,7. opl.,"Rosing, Svend",U.s.u.a.,,,
3,Doc1813OCR.png,Doc1813OCR,1,PT,92,Annen oppbyggelseslitteratur,"Hilty, Karl",Hvad er det at tro?,1899,Kra.,,"Hilty, Karl",Kra.,Oslo,59.9139,10.7522
4,Doc2866OCR.png,Doc2866OCR,1,MV,50,Norsk misjon - Det Norske Misjonsselskap,Det Norske missionsselskap,Kredsstyrenes fællesmøte i Stavanger 3.-6. april 1913,1913,Stvg.,,Det Norske missionsselskap,Stvg.,Stavanger,58.969975,5.733107
5,Doc3056OCR.png,Doc3056OCR,1,NV,70,Medisin og helse,,Pharmacopoea Norvegica,1879,Chra.,Ed. 2.,,Chra.,Oslo,59.9139,10.7522
6,Doc4079OCR.png,Doc4079OCR,1,Bi,20,"Bibelkunnskap, hermeneutikk","Wette, Wilhelm Martin Leberecht de",Lehrbuch der historisch kritischen Einleitung in die Bibel Alten und Neuen Testaments. T1-2.,1822,Berlin,2. verb. Aufl.,"Wette, Wilhelm Martin Leberecht de",Berlin,Berlin,52.520007,13.404954
7,Doc2496OCR.png,Doc2496OCR,1,MV,20,"Misjon - konferanser, rapporter, oversikter","Løgstrup, Theodor",Nordisk Missionshaandbog,1889,Kbh.,,"Løgstrup, Theodor",Kbh.,Copenhagen,55.676098,12.568337
8,Doc2888OCR.png,Doc2888OCR,1,Li,50,Fransk litteratur,"Nyrop, Kristoffer",Den oldfranske Heltedigtning ...,1883,Kbh.,,"Nyrop, Kristoffer",Kbh.,Copenhagen,55.676098,12.568337
9,Doc3662OCR.png,Doc3662OCR,1,Li,75,Amerikansk litteratur,"Stow, Harriet Beecher",Uncle Tom's cabin; or Life among the Lowly.,1853,London,,Harriet Beecher Stow,London,London,51.5074,-0.1278
10,Doc3841OCR.png,Doc3841OCR,1,KH,,,"Thrap, D(aniel)",Christiansands Stifts Prester i det syttende Aarhundrede.,1899,Chra.,,Daniel Thrap,Chra.,Oslo,59.9139,10.7522
11,Doc0774OCR.png,Doc0774OCR,1,GT,64,Kommentar til profetbøkene,"Caspari, C. P.",Zur Einführung in das Buch Daniel.,1869,Lpz.,,C. P. Caspari,Lpz.,Leipzig,51.3397,12.3731
12,Doc0774OCR.png,Doc0774OCR,2,RV,64,,"Lyng, Georg Vilhelm",Hedenskapets Levnetsløb.,1866,Chra.,,Georg Vilhelm Lyng,Chra.,Oslo,59.9139,10.7522
13,Doc2957OCR.png,Doc2957OCR,1,KH,80,Norges kirkehistorie,Oslo. Kirkemøte:1903.,Indledningsforedrag og Referet af Forhandlingerne paa det kirkelige Møde i Christiania ... 1903.,1903,Chra.,,"Kirkemøte, Oslo",Chra.,Oslo,59.9139,10.7522
14,Doc0792OCR.png,Doc0792OCR,1,Li,60,Engelsk litteratur,"Chancer, Geoffrey",The Canterbury tales. From the text and with the notes and glossary of Thomas Tyrwhitt ...,1853,London,New ed.,Geoffrey Chancer,London,London,51.5074,-0.1278
15,Doc3178OCR.png,Doc3178OCR,1,Jød,40,Rabbinismen,"Raschi, Salomo ben Isaak","Commentarius Hebraicus in libr. Josuae, Judicum, Ruth, Samuelis, Regum, Chronicorum, Ezra, Nehemiae et Estherae, item in Salomonis Proverbia, Ecclesiasten et Canticum canticorum, Latine versus, ... auctus & emend. a Joh. Friderico Breithaupto",1714,Gotha,,Salomo ben Isaak Raschi,Gotha,Gotha,50.9477,10.7092
16,Doc3992OCR.png,Doc3992OCR,1,GT,70,Gammeltestamentlig bibelteologi og religionshistorie,"Vold, Karl",Fra kampen om det Gamle Testamente.,1918,Kra.,,Karl Vold,Kra.,Oslo,59.9139,10.7522
17,Doc3982OCR.png,Doc3982OCR,1,MV,135,Misjon og kirke i Sør-Afrika,"Vogt, Volrath",Indaba yebanta eyokufundwa ezikoleni. I pendulelwe ngomfundisi O. Stavem.,1884,Kra.,,Volrath Vogt,Kra.,Oslo,59.9139,10.7522
18,Doc2907OCR.png,Doc2907OCR,1,ST,,,"Oetinger, Friedrich Christoph",Die Theologie aus der Idee der Lebens abgeëitet,1852,Stuttg.,,"Oetinger, Friedrich Christoph",Stuttg.,Stuttgart,48.7758,9.1829
19,Doc0667OCR.png,Doc0667OCR,1,NT,90,Nytestamentlig teologi. Urkirkens historie,"Bugge, Chr. A.",Das Christus-Mysterium,1914,Kra.,,"Bugge, Chr. A.",Kra.,Kristiania (Oslo),59.9139,10.7522
20,Doc1769OCR.png,Doc1769OCR,1,SV,30,Semittiske språk,Herodotos,Egypt and Scythia described by Herodotus,1886,Lond.,,Herodotos,Lond.,London,51.5074,-0.1278
21,Doc3249OCR.png,Doc3249OCR,1,ST,50,Apologetikk,"Rohnert, W.",Die Inspiration der heiligen Schrift und ihre Bestreiter,1889,Lpz.,,"Rohnert, W.",Lpz.,Leipzig,51.3397,12.3731
22,Doc2141OCR.png,Doc2141OCR,1,Le,30,Teologiske leksika og encyclopedier,,Kirke-Leksikon for Norden,1900,Aarhus/Kbh.,,,Aarhus/Kbh.,Aarhus/Copenhagen,,
23,Doc0355OCR.png,Doc0355OCR,1,NT,10,Tekstutgaver og oversettelser,"Bibelen, N.T. Engelsk",Letter to Young Churches,1951,NY,,"Bibelen, N.T. Engelsk",NY,New York,40.7128,-74.006
24,Doc0890OCR.png,Doc0890OCR,1,Li,60,Engelsk litteratur,"Cowper, William",Poems,1844,London,4th ed.,"Cowper, William",London,London,51.5074,-0.1278
25,Doc1952OCR.png,Doc1952OCR,1,ST,,,"Ihlen, Chr(istian)",For tro og tanke. Kristelige foredrag,1908,Kra.,,"Ihlen, Chr(istian)",Kra.,Kristiania (Oslo),59.9139,10.7522
26,Doc2266OCR.png,Doc2266OCR,1,GT,61,Kommentar til Genesis,August Knobel,Der Prophet Jesaia,1843,,,August Knobel,,,,
27,Doc2266OCR.png,Doc2266OCR,2,GT,61,Kommentar til Genesis,August Dillmann,Der Prophet Jesaia,1890,,5. Aufl.,August Dillmann,,,,
28,Doc2266OCR.png,Doc2266OCR,3,GT,61,Kommentar til Genesis,August Knobel,Die Genesis,1875,,3. Aufl.,August Knobel,,,,
29,Doc4152OCR.png,Doc4152OCR,1,Li,30,Greske klassikere,Xenophon,Kyrou paideia,1853,Lips.,Ed. 3. emend.,Xenophon,Lips.,Leipzig,51.3397,12.3731
30,Doc2097OCR.png,Doc2097OCR,1,ST,,,Immanuel Kant,Kritik der Urtheilskraft,1790,Lpz.,,Immanuel Kant,Lpz.,Leipzig,51.3397,12.3731
31,Doc2097OCR.png,Doc2097OCR,2,ST,,,Immanuel Kant,Kritik der praktischen Vernunft,1788,Lpz.,,Immanuel Kant,Lpz.,Leipzig,51.3397,12.3731
32,Doc1578OCR.png,Doc1578OCR,1,PT,92,Annen oppbyggelseslitteratur,Jens Greve,Er der fast Grund under Fødderne? Aforismer,1897,Kra.,,Jens Greve,Kra.,Oslo,,
33,Doc2725OCR.png,Doc2725OCR,1,MV,10,Misjonsteori – allment,John R. Mott,The decisive hour of Christian missions,1910,N.Y.,,John R. Mott,N.Y.,New York,40.7128,-74.006
34,Doc0698OCR.png,Doc0698OCR,1,PT,,,Joh(ann) Christ. Friedr(ich) Burk,Evangelische Pastoral-Theologie in Beispielen,1838,Stuttg.,,Johann Christian Friedrich Burk,Stuttg.,Stuttgart,48.7758,9.1829
35,Doc3315OCR.png,Doc3315OCR,1,MV,122,Misjon og kirke i India,Johannes Sandegren,Kyrkoherden i Madura och hans vän,1918,Upps.,,Johannes Sandegren,Upps.,Uppsala,59.8586,17.6389
36,Doc0190OCR.png,Doc0190OCR,1,ST,,,Otto Baumgarten,Bismarcks Stellung zu Religion und Kirche,1900,Tüb.,,Otto Baumgarten,Tüb.,Tübingen,48.5229,9.0522
37,Doc1613OCR.png,Doc1613OCR,1,ST,,,"Hagemann, Georg",Logik und Noetik. Eine Leitfaden .. 9./10. Aufl. bearb. von Adolf Dyroff,1915,Freib. i.B.,9./10. Aufl.,Georg Hagemann,Freib. i.B.,Freiburg im Breisgau,47.999,7.842
38,Doc3029OCR.png,Doc3029OCR,1,ST,,,"Petersen, Fredrik",Ægteskab eller fri kjærlighed. Foredrag. 2. opl.,1887,Kra.,2. opl.,Fredrik Petersen,Kra.,Kristiania,59.91,10.75
39,Doc4021OCR.png,Doc4021OCR,1,ST,,,"Wallace, Alfred Russel",Spiritualismen for Videnskabens Domstol. Paa Dansk ved H.L.Hansen,1887,Kbh.,,Alfred Russel Wallace,Kbh.,Copenhagen,55.676,12.568
40,Doc0043OCR.png,Doc0043OCR,1,SV,30,Semittiske språk,Al Adjumiieh,"The Arabic text; ... and an English transl., by J.J.S. Perowne",1852,Cambr.,,Al Adjumiieh,Cambr.,Cambridge,52.205,0.1218
41,Doc1236OCR.png,Doc1236OCR,1,KH,100,Andre europeiske lands kirkehistorie,"Esser, F.",Blodbryllupet i Paris,1907,Kra.,,F. Esser,Kra.,Kristiania,59.91,10.75
42,Doc2086OCR.png,Doc2086OCR,1,KH,,,"Kahnis, Karl Friedrich August",Der innere Gang des deutschen Protestantismus. 3. erw. Ausg.,1874,Lpz.,3. erw. Ausg.,Karl Friedrich August Kahnis,Lpz.,Leipzig,51.339,12.373
43,Doc1910OCR.png,Doc1910OCR,1,ST,15,Filosofihistorie,"Hudson, William Henry",An introduction to the philosophy of Herbert Spencer. With a biographical sketch. 2 nd ed.,1895,London,2 nd ed.,William Henry Hudson,London,London,51.5074,-0.1278
44,Doc3036OCR.png,Doc3036OCR,1,ST,35,Systematisk teologi – monografier,"Petersen, Fredrik",Dr. Søren Kierkegaards Christendomsforkyndelse,1877,Chra.,,Fredrik Petersen,Chra.,Christiania,59.91,10.75
45,Doc1728OCR.png,Doc1728OCR,1,PT,,,"Heegaard, (Poul) S(ophus Vilhelm) (1835-84)",Om Opdragelse. En Fremstilling af Pædagogiken tillige med et Omrids af dens Historie.,1882,Kbh.,2. Opl. D.1-2.,"Heegaard, (Poul) S(ophus Vilhelm)",Kbh.,Copenhagen,55.6761,12.5683
46,Doc2438OCR.png,Doc2438OCR,1,MV,138,Misjon og kirke på Madagaskar,"Luther, M(artin)",Fanoroan-dalana.,1885,Antan.,,"Luther, M(artin)",Antan.,Antananarivo,-18.8792,47.5079
47,Doc0362OCR.png,Doc0362OCR,1,NT,,,,Le Nouveau testament. Version de J.F. Ostervald.,1886,London,N. éd. rev.,,London,London,51.5074,-0.1278
48,Doc1951OCR.png,Doc1951OCR,1,KH,30,"Oldkirkens kirkehistorie, patristikk",Ignatius og Polykarpus. Overs. av S.B. Bugge.,Breve og Martyrium.,1885,Chra.,Shr.,Ignatius og Polykarpus. Overs. av S.B. Bugge.,Chra.,Oslo,59.9139,10.7522
49,Doc3818OCR.png,Doc3818OCR,1,NT,,,"Tholuck, A(ugust)",Commentary on the Sermon on the mount.,1869,Edinb.,4.th ed. by Lundin Brown.,"Tholuck, A(ugust)",Edinb.,Edinburgh,55.9533,-3.1883
50,Doc2443OCR.png,Doc2443OCR,1,MV,138,Misjon og kirke på Madagaskar,"Luther, M(artin)",Katekisma na fotopianarana.,1904,Tanan.,,"Luther, M(artin)",Tanan.,Antananarivo,-18.8792,47.5079
51,Doc2443OCR.png,Doc2443OCR,2,MV,138,Misjon og kirke på Madagaskar,"Luther, M(artin)",Katekisma na fotopianarana.,1912,Tanan.,,"Luther, M(artin)",Tanan.,Antananarivo,-18.8792,47.5079
52,Doc0076OCR.png,Doc0076OCR,1,Le,20,Ordbøker – moderne språk og latin,"Andrews, E.A.",A copious and critical Latin-English lexicon founded on the larger Latin-German lexicon of William Freund,1863,London,New Ed.,"Andrews, E.A.",London,London,51.5074,-0.1278
53,Doc1087OCR.png,Doc1087OCR,1,RV,100,Antikkens religioner,"Dorph, Chr.",Græsk-romerske Guder og Heroer.,1875,Kbh.,,"Dorph, Chr.",Kbh.,Copenhagen,55.6761,12.5683
54,Doc3075OCR.png,Doc3075OCR,1,Li,30,Greske klassikere,Platon,Ausgewählte Schriften,1860,Lpz.,1.-3. Aufl.,Plato,Lpz.,Leipzig,51.3397,12.3731
55,Doc0320OCR.png,Doc0320OCR,1,Bi;GT,42,,,"/Bibelen, GT. Skriftene. Norsk (nynorsk). 1934/",1934,Oslo,,,Oslo,Oslo,59.9139,10.7522
56,Doc4124OCR.png,Doc4124OCR,1,NT,,,"Winer, G(eorg B(enedict)",Det nye Testamentes Grammatik,1852,Chra.,,"Winer, Georg Benedict",Chra.,Oslo,59.9139,10.7522
57,Doc2223OCR.png,Doc2223OCR,1,RV,60,Islam,C.J.Tornberg,Koranen,1874,Lund,,"Tornberg, C.J.",Lund,Lund,55.7047,13.191
58,Doc3641OCR.png,Doc3641OCR,1,Li,70,Tysk litteratur,"Stilling, Heinrich (Jung)",Scenen aus dem Geisterreiche,1831,Frankf. a.M.,4.Aufl.,"Stilling, Heinrich Jung",Frankf. a.M.,Frankfurt am Main,50.1109,8.6821
59,Doc1131OCR.png,Doc1131OCR,1,KH,,,"Daae, L(udvig)",Geistliges Kaldelse i den norske Kirke efter Reformationen. En historisk Afhandling,1879,Chra.,,"Daae, Ludvig",Chra.,Oslo,59.9139,10.7522
60,Doc3661OCR.png,Doc3661OCR,1,KH,50,Reformasjonstidens historie,"Stoughtons, John",Luther ude og hjemme,1880,Bergen,,"Stoughton, John",Bergen,Bergen,60.3913,5.3221
61,Doc1315OCR.png,Doc1315OCR,1,MV,138,Misjon og kirke på Madagaskar,,Misjonslitt. Ny Filazana ny zavatra natao ny sy nambara ny i Jeso-Kristy,1860,U.s.,,,U.s.,Unknown location,,
62,Doc0034OCR.png,Doc0034OCR,1,SV,50,"Malayiske språk, gassisk språk","Ailloud, Laurent",Gramaire malgache-hova,1872,Tanan,,"Ailloud, Laurent",Tanan,Antananarivo,,
63,Doc0849OCR.png,Doc0849OCR,1,ST,,,"Clausen, Henrik Nikolai",Christelig Troeslære,1853,Kbh.,,"Clausen, Henrik Nikolai",Kbh.,Copenhagen,55.6761,12.5683
64,Doc3160OCR.png,Doc3160OCR,1,Li,50,Fransk litteratur,"Racine, (Jean)",Athalie,1911,Paris,6 e ed.,"Racine, Jean",Paris,Paris,48.8566,2.3522
65,Doc0468OCR.png,Doc0468OCR,1,NT,10,Tekstutgaver og oversettelser,"Bibel, N.T. Syrisk",Novum Domini nostri Jesu Christi Testamentum Syriace,1664,Hamb.,,"Bibel, N.T. Syrisk",Hamb.,Hamburg,53.5511,9.9937
66,Doc0468OCR.png,Doc0468OCR,2,NT,10,Tekstutgaver og oversettelser,"Gutbirius, Aegidius",Notae criticae in Novum Testamentum Syriacum; rev. a Johanne Michaele Gutbirio,,,,"Gutbirius, Aegidius",,,,
67,Doc3654OCR.png,Doc3654OCR,1,GT,64,Kommentar til profetbøkene,"Storjohann, (Johan Cordt Harmens)",Profeten Jesaias Trøstebog. Kap.40-66. eftervist i sin Ægthed og fortolket,1913,Kra.,,"Storjohann, Johan Cordt Harmens",Kra.,Oslo,59.9139,10.7522
68,Doc0260OCR.png,Doc0260OCR,1,PT,92,Annen oppbyggelseslitteratur,"Beveridge, John",Give me thine hand. A sermon,1908,Dundee,,"Beveridge, John",Dundee,Dundee,56.462,-2.9707
69,Doc1014OCR.png,Doc1014OCR,1,ST,,,"Davidson, Samuel","The ecclesiastical polity of the New testament unfolded, and its points of coincidence or disagreement with prevailing systems indicated",1854,London,2 nd ed.,"Davidson, Samuel",London,London,51.5074,-0.1278
70,Doc0193OCR.png,Doc0193OCR,1,KH,20,"Almenn kirkehistorie, helhetsfremstillinger","Baun, Friedrich",Kirchengeschichte für Haus und Schule,1881,Nördlingen,,"Baun, Friedrich",Nördlingen,Noerdlingen,48.8519,10.4884
71,Doc3602OCR.png,Doc3602OCR,1,Ge,30,Norsk geografi,,Stavanger-By i det 19 de Aarhundrede. Udg. paa Foranledning af Stavanger Børskomite.,1901,Stvg.,,,Stvg.,Stavanger,58.97,5.73
72,Doc1168OCR.png,Doc1168OCR,1,RV,100,Antikkens religioner,"Eitrem, S.",Beiträge zur griecischen Religionsgeschichte. 2: Katharisches und Rituelles.,1917,Kra.,,"Eitrem, S.",Kra.,Kristiania,59.91,10.75
73,Doc3945OCR.png,Doc3945OCR,1,RV,90,Kinesiske religioner/filosofi,Julius Guill.,Hundert Lieder des Atharva-Veda übers. und mit ... Erläuterungen versehen.,1888,Stuttg.,2. neubearb. Aufl.,"Guill, Julius",Stuttg.,Stuttgart,48.78,9.18
74,Doc1834OCR.png,Doc1834OCR,1,MV,,,"Hoffmann, Wilhelm",Missions-Stunden,1851,Stuttg.,,"Hoffmann, Wilhelm",Stuttg.,Stuttgart,48.78,9.18
75,Doc4185OCR.png,Doc4185OCR,1,MV,90,Misjonærbiografier,"Oehler, Theod(or)",Zur Erinnerung an ...,,U.s.u.å.,,"Oehler, Theod(or)",,Unknown,,
76,Doc1739OCR.png,Doc1739OCR,1,MV,90,Misjonærbiografier,"Heim, J.J.","David Zeizberger, der Apostel der Indianer.",1882,Basel,4. Aufl.,"Heim, J.J.",Basel,Basel,47.56,7.59
77,Doc3492OCR.png,Doc3492OCR,1,NT,90,Nytestamentlig teologi. Urkirkens historie,"Sjøberg, E.",Det kommande fridsriket smat Israels och folkens framtid.,1917,Sth.,,"Sjøberg, E.",Sth.,Stockholm,59.33,18.06
78,Doc1884OCR.png,Doc1884OCR,1,Li,40,Latinske klassikere,"Horatius Flaccus, Q(uintus)",Opera. Nova ed. ster.,1829,Lips.,,"Horatius Flaccus, Quintus",Lips.,Leipzig,51.34,12.37
79,Doc1590OCR.png,Doc1590OCR,1,PT,92,Annen oppbyggelseslitteratur,"Grove-Rasmussen, Andreas Christian Ludvig",Kristelig Husven. Daglig Læsning knyttet til de nye Evangelietekster.,1892,Odense,,"Grove-Rasmussen, Andreas Christian Ludvig",Odense,Odense,55.4038,10.4024
80,Doc0097OCR.png,Doc0097OCR,1,Li,30,Greske klassikere,Aristophanes,"Komedier (af) Aristofanes, overs. af N.V. Dorph. Freden. Ridderne. Fuglene. Hvepserne.",,Kbh.,,Aristophanes,Kbh.,Copenhagen,55.6761,12.5683
81,Doc0097OCR.png,Doc0097OCR,2,Li,30,Greske klassikere,Aristophanes,Freden.,1858,,,Aristophanes,,,,
82,Doc0097OCR.png,Doc0097OCR,3,Li,30,Greske klassikere,Aristophanes,Ridderne.,1857,,,Aristophanes,,,,
83,Doc0097OCR.png,Doc0097OCR,4,Li,30,Greske klassikere,Aristophanes,Fuglene.,1856,,,Aristophanes,,,,
84,Doc0097OCR.png,Doc0097OCR,5,Li,30,Greske klassikere,Aristophanes,Hvepserne.,1860,,,Aristophanes,,,,
85,Doc1410OCR.png,Doc1410OCR,1,MV,122,Misjon og kirke i India,"Fuller, Jenny",Nød. Et Indblik i den indiske Kvindeverden. Paa Dansk ved Cecilia Krarup.,1911,Kbh.,,"Fuller, Jenny",Kbh.,Copenhagen,55.6761,12.5683
86,Doc3442OCR.png,Doc3442OCR,1,PT,94,Lærebøker i kristendomskunnskap,"Segond, Louis",Récits bibliques a l'usage de la jeunesse. Ancien testament.,1895,Geneve,11 e éd.,"Segond, Louis",Geneve,Geneva,46.2044,6.1432
87,Doc2609OCR.png,Doc2609OCR,1,SV,,,"Meinhof, Carl",Grundzüge einer vergleichenden Grammatik der Bantusprachen.,1906,Berlin,,"Meinhof, Carl",Berlin,Berlin,52.52,13.405
88,Doc3216OCR.png,Doc3216OCR,1,Ku,,,"Richardson, J.",Folk-lore and folk-tales of Madagascar: selections from the traditionary lore of the Malagasy people (in the native language) Vol.1.,1887,Antananarivo,,"Richardson, J.",Antananarivo,Antananarivo,-18.8792,47.5079
89,Doc0130OCR.png,Doc0130OCR,1,KH,30,"Oldkirkens kirkehistorie, patristikk","Augustinus, Aurelius",De civitate Dei libri 22.,1825,Lips.,,"Augustinus, Aurelius",Lips.,Leipzig,51.3397,12.3731
90,Doc0775OCR.png,Doc0775OCR,1,NT,,,"Caspari, Ch. Ed.",Chronologisch-geographische Einleitung in das Leben Jesu Christi.,1869,Hamb.,,"Caspari, Ch. Ed.",Hamb.,Hamburg,53.5511,9.9937
91,Doc0754OCR.png,Doc0754OCR,1,MV,10,Misjonsteori – allment,"Carpenter, C.H.",The Subidy System in Missions: Shall it be extirpated?,1885,Boston,,,Boston,Boston,42.3601,-71.0589
92,Doc0776OCR.png,Doc0776OCR,1,Li,70,Tysk litteratur,"Caspari, K(arl) H(einrich)",Fortællinger og Folkesagn fra gammel Tid,1885,Kra.,4. Opl. af K.D.H.,,Kra.,Oslo,,
93,Doc1034OCR.png,Doc1034OCR,1,Hi,10,Politisk historie og kulturhistorie,"Delitzsch, Friedrich",Geschichte Babyloniens und Assyriens,1891,Calw,2. Aufl.,,Calw,Calw,48.7147,8.7348
94,Doc0186OCR.png,Doc0186OCR,1,Ge,20,Enkelte lands geografi,"Bassøe, Dorthea",Erindringer fra 4 Aars Ophold i Japan,1896,Kra.,,,Kra.,Oslo,,
95,Doc1867OCR.png,Doc1867OCR,1,Li,30,Greske klassikere,Homer(os),"Iliad, the first three books, according to the ordinary text; and also with the ... digamma; ... By Charles Anthon",1863,London,A new ed. by Benjamin Davies,,London,London,51.5074,-0.1278
96,Doc4078OCR.png,Doc4078OCR,1,NT,,,"Wette, W.M.L. de",Kurzgefasstes exegetisches Handbuch zum Neuen Testament,1848,Lpz.,3. Ausg.,,Lpz.,Leipzig,51.3397,12.3731
97,Doc1051OCR.png,Doc1051OCR,1,ST,,,"Dick, Tomas",The philosophy of a future state,1837,Glasgow,3 th ed.,,Glasgow,Glasgow,55.8609,-4.2514
98,Doc3200OCR.png,Doc3200OCR,1,NT,,,"Renan, Ernest",Jesu Levnet,1864,Kbh.,7de Oplag,,Kbh.,Copenhagen,55.6761,12.5683
99,Doc0113OCR.png,Doc0113OCR,1,PT,92,Annen oppbyggelseslitteratur,"Ashworth, John","Strange tales, from humble life.",1865,London,,"Ashworth, John",London,London,51.5074,-0.1278
100,Doc1738OCR.png,Doc1738OCR,1,GT,66,Kommentar til Salmene,"Heiligstedt, August",Die Psalmen. Hebräischer Text mit einer kurzen Auslegung Psalm. 1-78.,1876,Halle a.S.,,"Heiligstedt, August",Halle a.S.,Halle (Saale),51.4823,11.9665
101,Doc0218OCR.png,Doc0218OCR,1,KH,,,"Belsheim, J(ohannes)",Den lutherske Kirkes Reformatorer og nogle af deres Medarbeidere. Frit overs. og bearb. fra Tysk.,1880,Kra.,,"Belsheim, Johannes",Kra.,Kristiania (now Oslo),59.9139,10.7522
102,Doc2565OCR.png,Doc2565OCR,1,ST,,,"Mansel, Henry Longueville",Metaphysics or the Philosophy of consciousness ... 2nd Ed.,1866,Edinb.,2nd Ed.,"Mansel, Henry Longueville",Edinb.,Edinburgh,55.9533,-3.1883
103,Doc2444OCR.png,Doc2444OCR,1,PT,94,Lærebøker i kristendomskunnskap,"Luther, Martin",Der Kleine Catechismus Dr. M. Lutheri durch ... Fragen und Antworten zum ... Gebrauch in den Mecklenburgischen Kirchen ...,,Schwerin u.å.,,"Luther, Martin",Schwerin u.a.,Schwerin and others,53.6294,11.4139
104,Doc1684OCR.png,Doc1684OCR,1,ST,,,"Hanson, Ola","Friedrich Nietzsche, Hans Personlighed og hans System. Overs. af Arne Garborg.",1890,Chra.,,"Hanson, Ola",Chra.,Kristiania (now Oslo),59.9139,10.7522
105,Doc1684OCR.png,Doc1684OCR,2,ST,,,"Kalthoff, A.",Friedrich Nietzsche und die Kulturprobleme unserer Zeit. Vorträge.,1900,Berlin,,"Kalthoff, A.",Berlin,Berlin,52.52,13.405
106,Doc3611OCR.png,Doc3611OCR,1,NV,10,Naturvitenskap – allment,"Steenstrup, Japetus","Til 'Istidens' Gang i Norden, navnlig dens Udgang og Forsvinden.",1896,Kbh.,,"Steenstrup, Japetus",Kbh.,Copenhagen,55.6761,12.5683
107,Doc0439OCR.png,Doc0439OCR,1,Bi,,,,Bibelen. NT. Engelsk Rev. Berkeley. The New Testament : the Berkeley Version : Det Nye Testamente på moderne norsk.,1973,Kristiansand; Oslo; Bergen,1970 edition,,Kristiansand; Oslo; Bergen,Kristiansand; Oslo; Bergen,58.1467,7.9956
108,Doc3273OCR.png,Doc3273OCR,1,PT,92,Annen oppbyggelseslitteratur,"Rudin, W(aldemar)",Icke viljen vel äfven I gå bort? Predikan,1892,Kra.,,"Rudin, Waldemar",Kra.,Oslo,59.9139,10.7522
109,Doc3842OCR.png,Doc3842OCR,1,KH,,,"Thrap, D(aniel)",Knud Spødervold og de stærk troende.,1892,Kra.,,"Thrap, Daniel",Kra.,Oslo,59.9139,10.7522
110,Doc2238OCR.png,Doc2238OCR,1,Ti,40,Tidsskrift – blandet innhold,,"Kringsjaa. B.12. Aarg.18.H.3 (2 ekspl.), 4.",1898,Kra.,,,Kra.,Oslo,59.9139,10.7522
111,Doc2238OCR.png,Doc2238OCR,2,Ti,40,Tidsskrift – blandet innhold,,"Kringsjaa. B.12. Aarg.18.H.3 (2 ekspl.), 4.",1910,Kra.,,,Kra.,Oslo,59.9139,10.7522
112,Doc3237OCR.png,Doc3237OCR,1,GT,,,"Robertson, James",Fem og tyve Aar paa en hebræisk Lærestol. Autor. Overs.,1904,Kbh.,2 ekspl.,"Robertson, James",Kbh.,Copenhagen,55.6761,12.5683
113,Doc2921OCR.png,Doc2921OCR,1,MV,138,Misjon og kirke på Madagaskar,"Olsen, A(nders)",Ny Katekista sy ny raharahany.,1913,Tanan.,,"Olsen, Anders",Tanan.,Antananarivo,-18.8792,47.5079
114,Doc0344OCR.png,Doc0344OCR,1,NT,,,,Bibelen. N.T. Luk. Bretonskt. An aviel hervez Lucas.,1866,London,,,London,London,51.5074,-0.1278
115,Doc1730OCR.png,Doc1730OCR,1,NV,20,Astronomi,"Heegaard, Poul",Populær Astronomi,1900,Kra.,,"Heegaard, Poul",Kra.,Oslo,59.9139,10.7522
116,Doc1730OCR.png,Doc1730OCR,2,NV,20,Astronomi,"Christensen, Odin T(idemand)",Populær Kemi.,1899,Kra.,,"Christensen, Odin Tidemand",Kra.,Oslo,59.9139,10.7522
117,Doc0623OCR.png,Doc0623OCR,1,SV,10,Språkvitenskap – allment,"Brown, R.Grant",The use of Roman character for Oriental languages.,1912,,2 ekspl.,"Brown, R. Grant",,,,
118,Doc1299OCR.png,Doc1299OCR,1,Li,50,Fransk litteratur,"Fénelon, (Francois de Salignac de la Motte)",Selections from (his) writings: With a memoir of his life. By (Eliza Lee) Follen.,1853,London,,"Fénelon, François de Salignac de la Mothe-Fénelon",London,London,51.5074,-0.1278
119,Doc3204OCR.png,Doc3204OCR,1,GT,70,Gammeltestamentlig bibelteologi og religionshistorie,"Reusch, Fr. Heinrich",Bibel und Natur. Vorlesungen über die mosaische Urgeschichte und ihr Verhältniss zu den Ergebnissen der Naturforschung. 4. verm. Aufl.,1876,Bonn,4. verm. Aufl.,"Reusch, Franz Heinrich",Bonn,Bonn,50.7374,7.0982
120,Doc3230OCR.png,Doc3230OCR,1,MV,138,Misjon og kirke på Madagaskar,,Ny Ritualy lutherana,1878,Antan,2 ekspl.,,Antan,Antananarivo,-18.8792,47.5079
121,Doc3665OCR.png,Doc3665OCR,1,GT,20,"Ordbøker, konkordanser og grammatikker","Strack, Hermann L(ebrecht)",Grammatik des Biblisch-Aramäischen mit den ... Texten und einem Wörterbuch 3. neubearb. Aufl.,1901,Lpz.,3. neubearb. Aufl.,"Strack, Hermann Lebrecht",Lpz.,Leipzig,51.3397,12.3731
122,Doc1558OCR.png,Doc1558OCR,1,MV,123,Misjon og kirke i Japan og det fjerne Østen,"Gundert, H(ermann)",Imadiddin. Ein bekehrter Muhammedaner.,1881,Basel,,"Gundert, Hermann",Basel,Basel,47.5596,7.5886
123,Doc4091OCR.png,Doc4091OCR,1,PT,92,Annen oppbyggelseslitteratur,"(Whately, Richard ?)","Lectures on prayer. By a country pastor, author of ... Lectures on the scripture revelation of a future state.",1860,London,,"Whately, Richard",London,London,51.5074,-0.1278
124,Doc1804OCR.png,Doc1804OCR,1,Li,70,Tysk litteratur,"Heyse, Paul",Ved den døde sjø. Novelle. Overs. af Th. Blakstad. Fagerstrand pr. Høvik u. å.,,Fagerstrand,,"Heyse, Paul",Fagerstrand,Fagerstrand,59.7694,10.595
125,Doc2875OCR.png,Doc2875OCR,1,Te,10,Matematikk,F. P. B.,Nouveau traité d'arithmétique décimale ...,1876,Tours,,F. P. B.,Tours,Tours,47.3941,0.6848
126,Doc1415OCR.png,Doc1415OCR,1,ST,,,"Führer, C.E.","Weltende und Endgericht nach Mythologie, Naturwissenschaft und Bibel. Vortrag. 3. Aufl.",1896,Gütersl.,3. Aufl.,"Führer, C.E.",Gütersl.,Gütersloh,51.9069,8.3818
127,Doc1853OCR.png,Doc1853OCR,1,SV,20,Indogermanske språk [-> Indoeuropeiske språk],"Holmboe, Chr(istopher) Andr(eas)","Det norske Sprogs væsentlige Ordforraad, sammenlignet med Sanskrit og andre ... Bidrag til en norsk etymologisk Ordbog.",1852,Wien,,"Holmboe, Christopher Andreas",Wien,Vienna,48.2082,16.3738
128,Doc1853OCR.png,Doc1853OCR,2,SV,20,Indogermanske språk [-> Indoeuropeiske språk],"Holmboe, Chr(istopher) Andr(eas)",Norsk og Keltisk. Om ... indbyrdes Laan.,1854,Chra.,,"Holmboe, Christopher Andreas",Chra.,Oslo,59.9139,10.7522
129,Doc1393OCR.png,Doc1393OCR,1,GT,68,Kommentar til skriftene forøvrig,"Fritzsche, Otto Fridolin",Kurzgefasstes exegetisches Handbuch zu den Apokryphen des Alten Testamentes,1851,Lpz.,B.1-3. 6 Lfg. i. 3 B.,"Fritzsche, Otto Fridolin",Lpz.,Leipzig,51.3397,12.3731
130,Doc1843OCR.png,Doc1843OCR,1,Li,80,Norrøn og nordisk litteratur,"Holberg, Ludvig",Niels Klims underjordiske Reise,1880,Kbh.,,"Holberg, Ludvig",Kbh.,Copenhagen,55.6761,12.5683
131,Doc1398OCR.png,Doc1398OCR,1,KH,80,Norges kirkehistorie,,Kristiansand Kirkemøde 1904. Referat.,1904,Chr. sand,,,Chr. sand,Kristiansand,58.1467,7.9956
132,Doc1323OCR.png,Doc1323OCR,1,ST,50,Apologetikk,"Fischer, Karl Phil",Die speculative Dogmatik von Dr. David Friedr. Strauss. Geprüft.,1841,Tüb.,2 B i 1.,"Fischer, Karl Phil",Tüb.,Tübingen,48.5227,9.0522
133,Doc0240OCR.png,Doc0240OCR,1,KH,,,Bernhard (av Clairvaux),Die Reden des heil. Bernhard über das Hohelied ... deutsch bearb. von Victor Fermbacher.,1862,Lpz.,,Bernhard (av Clairvaux),Lpz.,Leipzig,51.3397,12.3731
134,Doc0240OCR.png,Doc0240OCR,2,KH,,,"Martensen, H.",Mester Eckart. Et Bidrag til at oplyse Middelalderens Mystik. Ny Udg.,1851,Kbh.,,"Martensen, H.",Kbh.,Copenhagen,55.6761,12.5683
135,Doc2318OCR.png,Doc2318OCR,1,NT,,,"Larsen, L(aurits) C(hristian)",Forklarende Bemærkninger til Johannes's Evangelium. Indbydelsesskrift til den offentlige Hovedexamen ... 1859 ved Stavanger lærde og Realskole.,1859,Stvg.,,"Larsen, Laurits Christian",Stvg.,Stavanger,58.969,5.7331
136,Doc2318OCR.png,Doc2318OCR,2,NT,,,,Aars's og Voss's Latin- og Realskole. Plan for Asbjørnsen og Jørgen Moe. 3.Udg.,1866,Chra.,3.Udg.,,Chra.,Oslo,59.9139,10.7522
137,Doc3493OCR.png,Doc3493OCR,1,ST,35,Systematisk teologi – monografier,"Sjøberg, E.",Tillståndet i Dödsriket ...,1915,Sth.,,"Sjøberg, E.",Stockholm,Stockholm,59.3293,18.0686
138,Doc0765OCR.png,Doc0765OCR,1,GT,64,Kommentar til profetbøkene,"Caspari, Carl Paul",Commentar til de 12 første Capitler af Propheten Jesaia. 1. Halvd. C. 1-6.,1867,Chra.,,"Caspari, Carl Paul",Christiania,Oslo,59.9139,10.7522
139,Doc0765OCR.png,Doc0765OCR,2,GT,64,Kommentar til profetbøkene,"Caspari, Carl Paul",Beiträge zur Einleitung in das Buch Jesaia.,1848,Berlin,,"Caspari, Carl Paul",Berlin,Berlin,52.52,13.405
140,Doc0272OCR.png,Doc0272OCR,1,NT,10,Tekstutgaver og oversettelser,,Bibelen. Kinesisk. Kuan-hua sin ioh ts'uen shu. Han-tsi fan lo-ma-tsi.,1888,Luen-tuen (London),,,London,London,51.5074,-0.1278
141,Doc1506OCR.png,Doc1506OCR,1,NT,45,Kommentar til Johannesevangeliet,Godet. F(rédéric) (1812-1900),Commentar zu dem Evangelium Johannis. Deutsch bearb. von E.R. Wunderlich.,1869,Hann.,Autor. Ausg.,"Godet, Frédéric",Hannover,Hannover,52.3759,9.732
142,Doc0619OCR.png,Doc0619OCR,1,SV,30,Semittiske språk,"Brockelmann, Carl",Lexicon Syriacum,1895,Edinb.,,"Brockelmann, Carl",Edinburgh,Edinburgh,55.9533,-3.1883
143,Doc1193OCR.png,Doc1193OCR,1,ST,,,"Engelskjøn, C(hristian August)",Under eller Natur ? En Fremstilling av underbare Sygehelbredelsers Væsen paa Grundlag af Erfaring fra Hypnotismen.,1889,Kra.,,"Engelskjøn, Christian August",Kristiania,Oslo,59.9139,10.7522
144,Doc0872OCR.png,Doc0872OCR,1,Hi,10,Politisk historie og kulturhistorie,"Cooper, Elizabeth",A popular history of America ...,1865,London,,"Cooper, Elizabeth",London,London,51.5074,-0.1278
145,Doc3563OCR.png,Doc3563OCR,1,SV,10,Språkvitenskap – allment,"Spieser, J.",Lautschrift.,1906,Langensalza,Særtr. av Enzyklopäd. Handbuch der Pädagogik 2. B.5.,"Spieser, J.",Langensalza,Bad Langensalza,51.1102,10.6446
146,Doc4112OCR.png,Doc4112OCR,1,SV,30,Semittiske språk,"Willmet, Jo(h)annes",Lexicon linguae Arabicae in Coranum Haririum et Vitam Timuri,1784,Lugd. Bat.,,"Willmet, Johannes",Lugd. Bat.,Leiden,52.1601,4.497
147,Doc4125OCR.png,Doc4125OCR,1,NT,,,"Winer, G(eorg) B(enedict)",Det nye Testamentes Grammatik.,1852,Chra.,,"Winer, Georg Benedict",Chra.,Oslo,59.9139,10.7522
148,Doc1518OCR.png,Doc1518OCR,1,MV,122,Misjon og kirke i India,Gowinda,Der Elephantführer. Ein Lebensbild aus Malabar.,1877,Basel,2. Aufl.,Gowinda,Basel,Basel,47.5596,7.5886
149,Doc2707OCR.png,Doc2707OCR,1,ST,10,Filosofi og idéhistorie,"Monrad, M(arcus) J(acob)",Udsigt over den høiere Logik.,1881,Chra.,,"Monrad, Marcus Jacob",Chra.,Oslo,59.9139,10.7522
150,Doc2627OCR.png,Doc2627OCR,1,SV,20,Indogermanske språk [-> Indoeuropeiske språk],"Meringer, Rudolf",Indogermanische Sprachwissenschaft,1899,Lpz.,2. durchges. Aufl.,"Meringer, Rudolf",Lpz.,Leipzig,51.3397,12.3731
151,Doc1823OCR.png,Doc1823OCR,1,MV,10,Misjonsteori – allment,,"Hjælp for ledere av Missionsstudiekredse, der samles om ""Den afgørende time i den kristne Mission"".",1911,Kbh.,,,Kbh.,Copenhagen,55.6761,12.5683
152,Doc2336OCR.png,Doc2336OCR,1,KH,152,Protestantiske kirkesamfunn og vekkelsesbevegelser,"Lecky, V. E. H.",Civilisationens indflydelse paa menneskenes mirakltro. I forkortet udg. ved Joh. L. Ølver.,1896,Kra.,,"Lecky, William Edward Hartpole",Kra.,Oslo,59.9139,10.7522
153,Doc2339OCR.png,Doc2339OCR,1,GT,20,"Ordbøker, konkordanser og grammatikker","Lee, Samuel","A lexicon, Hebrew, Chaldee, and English, ... 3 rd thousand",1844,London,,"Lee, Samuel",London,London,51.5074,-0.1278
154,Doc1555OCR.png,Doc1555OCR,1,SV;DB,20,,"Gundersen, B(ertrand)",Tysk læsebog for middelskolens højere klasser.,1886,Kra.,,"Gundersen, Bertrand",Kra.,Oslo,59.9139,10.7522
155,Doc1555OCR.png,Doc1555OCR,2,SV;DB,20,,,Særtr. af de nye stykker i 2. udg.,1890,Kra.,,,Kra.,Oslo,59.9139,10.7522
156,Doc1555OCR.png,Doc1555OCR,3,SV;DB,20,,,Glossar ved B. Gundersen og J. Kofoed.,1893,Kra.,,,Kra.,Oslo,59.9139,10.7522
157,Doc3682OCR.png,Doc3682OCR,1,KH;DB,80,,"Strømme, Ø. C. A.",Forsvar og Angreb Et Indlæg i den Harnackske Strid.,1901,Kra.,,"Strømme, Ø. C. A.",Kra.,Oslo,59.9139,10.7522
158,Doc1266OCR.png,Doc1266OCR,1,NT;DB,30,,"Fairbairn, Patrick","Hermeneutical manual: or, Introduction to the exegetical study of the ... New Testament.",1858,Edinb.,,"Fairbairn, Patrick",Edinb.,Edinburgh,55.9533,-3.1883
159,Doc1158OCR.png,Doc1158OCR,1,SV;DB,20,,"Eibe, N(iels) Jul(ius)",Cursus paa 100 Timer i Tydsk ...,1866,Kbh.,,"Eibe, Niels Julius",Kbh.,Copenhagen,55.6761,12.5683
160,Doc0211OCR.png,Doc0211OCR,1,PT;DB,92,,"Beecher, Henry Ward",One thousand gems. Ed. and compiled by G. D. Evans. 3 rd thous.,1872,London,,"Beecher, Henry Ward",London,London,51.5074,-0.1278
161,Doc3184OCR.png,Doc3184OCR,1,GT;DB,,,"Rawlinson, G.",Historical Illustrations of the Old Testament. 12 th thousand.,,London u. å.,,"Rawlinson, G.",London u. å.,London,51.5074,-0.1278
162,Doc2356OCR.png,Doc2356OCR,1,MV;DB,138,,,Misjonslitt. Gassisk. Lesona amy ny teny englisy.,,Antan. u. å.,,,Antan. u. å.,Antananarivo,-18.8792,47.5079
163,Doc3459OCR.png,Doc3459OCR,1,ST;DB,,,"Seneca, L(ucius) A(nnaeus)",Epistolae selectae ad Lucillum. Ed. classique ... par D. Turnebe.,1867,Paris,,"Seneca, Lucius Annaeus",Paris,Paris,48.8566,2.3522
164,Doc2773OCR.png,Doc2773OCR,1,GT,60,Kommentarverk til hele GT,"Münster, G.",Videnskaben og den bibelske Skbælsesberetning.,1906,Kbh.,,G. Münster,Kbh.,Copenhagen,55.6761,12.5683
165,Doc0464OCR.png,Doc0464OCR,1,NT,10,Tekstutgaver og oversettelser,,El evangelio de nuestro senor Jesu-Christo sgun san Lucas Antigua version de Cipriano de Valera.,1865,London,rev.,,London,London,51.5074,-0.1278
166,Doc0653OCR.png,Doc0653OCR,1,ST,,,"Brøchner, H.",Bidrag til Opfattelse af Philosophien's historiske Udvikling.,1869,Kbh.,,H. Brøchner,Kbh.,Copenhagen,55.6761,12.5683
167,Doc0653OCR.png,Doc0653OCR,2,ST,,,"Brøchner, H.",Benedict Spinoza. En Monographie.,1857,Kbh.,,H. Brøchner,Kbh.,Copenhagen,55.6761,12.5683
168,Doc2421OCR.png,Doc2421OCR,1,NV,70,Medisin og helse,Lund Universitet. Medicinska fakulteten.,Univ. progr. Malaria och mosquitos ...,1900,Lund,,Lund Universitet. Medicinska fakulteten,Lund,Lund,55.7047,13.191
169,Doc2514OCR.png,Doc2514OCR,1,Jød,10,Jødedommen - allment og blandet,"Löwy, D.","Jellinek, Adolf (Seine) letzten Reden ...",1894,Wien,"Særtr. av ""Neuzeit""",D. Löwy,Wien,Vienna,48.2082,16.3738
170,Doc3560OCR.png,Doc3560OCR,1,PT,,,"Spencer, Herbert",Opdragelse.,,Fagerstrand-pr. Høvik,,Herbert Spencer,Fagerstrand-pr. Høvik,,,
171,Doc2840OCR.png,Doc2840OCR,1,ST,30,Dogmatikk,"Nitzsch, Carl Immanuel",System der Christlichen Lehre.,1839,Bonn,4. verb. verm. Aufl.,Carl Immanuel Nitzsch,Bonn,Bonn,50.7374,7.0982
172,Doc3443OCR.png,Doc3443OCR,1,NV,30,Fysikk,"Seguin, M.",Cours de physique ... Classe de troisieme ...,1882,Paris,,M. Seguin,Paris,Paris,48.8566,2.3522
173,Doc2426OCR.png,Doc2426OCR,1,ST,,,"Luthardt, Chr. Ernst",Apologetische Vorträge über die Grundwahrheiten des Christenthums,1867,Lpz.,5. verb. Aufl.,"Luthardt, Chr. Ernst",Lpz.,Leipzig,51.3397,12.3731
174,Doc2426OCR.png,Doc2426OCR,2,,,,,Till christna trons försvar. 10 föredrag hållna af C.A. Auberlen o.fl.,1863,Sth.,,,Sth.,Stockholm,59.3293,18.0686
175,Doc1717OCR.png,Doc1717OCR,1,KH,,,"Hauge, Alfred",Hans Nielsen Hauge 1771-1824,1924,Kra.,,"Hauge, Alfred",Kra.,Oslo,59.9139,10.7522
176,Doc0676OCR.png,Doc0676OCR,1,NT,,,"Bugge, F(rederik) W(ilhelm)","Lukas-Evangeliet. Indledet, oversat og forklaret",1889,Chra.,,"Bugge, Frederik Wilhelm",Chra.,Oslo,59.9139,10.7522
177,Doc3248OCR.png,Doc3248OCR,1,PT,92,Annen oppbyggelseslitteratur,"Rogndokken, A.",500' fortællinger for skolen og hjemmet,1895,Kra.,,"Rogndokken, A.",Kra.,Oslo,59.9139,10.7522
178,Doc3742OCR.png,Doc3742OCR,1,MV,70,Nordisk misjon - selskap utenfor Norge,"Sørensen, Vilh(elm)",Har de nordiske Kirker særlige Forudsætninger for Deltagelse i Missionsarbejdet og en særlig Opgave i dette?,1902,Kbh.,,"Sørensen, Vilhelm",Kbh.,Copenhagen,55.6761,12.5683
179,Doc4119OCR.png,Doc4119OCR,1,Bi,10,Bibelske oppslagsverk,"Winer, Georg Benedict",Biblisches Realwoerterbuch,1847,Lpz.,3. verb. Aufl.,"Winer, Georg Benedict",Lpz.,Leipzig,51.3397,12.3731
180,Doc2630OCR.png,Doc2630OCR,1,KH,100,Andre europeiske lands kirkehistorie,"Merle d'Aubigné, J(ean) H(enri)",To Konger og to Kongeriger eller Skotlands trehundredaaarige Kamp for kirkelig Frihed. Fra det Franske ved C.M. Eckhoff,1873,Bergen,,"Merle d'Aubigné, Jean Henri",Bergen,Bergen,60.3913,5.3221
181,Doc1552OCR.png,Doc1552OCR,1,PT,92,Annen oppbyggelseslitteratur,"G(uldberg), H.R.","Vægter, hvor langt paa Natten? Et Midnatsraab",1887,Kra.,,"Guldberg, H.R.",Kra.,Oslo,59.9139,10.7522
182,Doc2939OCR.png,Doc2939OCR,1,NT,,,,Evighed,,Kra.,,,Kra.,Oslo,59.9139,10.7522
183,Doc2112OCR.png,Doc2112OCR,1,NT,,,"Keil, Carl Friedrich",Commentar über das Evangelium des Matthäus,1877,Lpz.,,"Keil, Carl Friedrich",Lpz.,Leipzig,51.3397,12.3731
184,Doc3840OCR.png,Doc3840OCR,1,KH,80,Norges kirkehistorie,"Thrapp, D.",Brødremenigheten i Norge,1908,Kra.,,"Thrapp, D.",Kra.,Oslo,59.9139,10.7522
185,Doc0966OCR.png,Doc0966OCR,1,MS,,,"Dahle, Lars",Nomina propria personalia linguae Madag.,1885,Antan.,,"Dahle, Lars",Antan.,Antananarivo,-18.8792,47.5079
186,Doc1083OCR.png,Doc1083OCR,1,SV,20,Indogermanske språk [-> Indoeuropeiske språk],"Donaldson, John William",The new Cratylus or Contributions towards a more accurate knowledge of the Greek language,1859,London,3rd ed. rev.,"Donaldson, John William",London,London,51.5074,-0.1278
187,Doc1831OCR.png,Doc1831OCR,1,SV,30,Semittiske språk,"Hoffmann, Andreas Theophilus",Grammatica Syriaca. Libri 3,1827,Hala,,"Hoffmann, Andreas Theophilus",Hala,Halle (Saale),51.4828,11.969
188,Doc0763OCR.png,Doc0763OCR,1,GT,,,"Caspari, Carl Paul",Bibelske Afhandlinger,1884,Chra.,,"Caspari, Carl Paul",Chra.,Oslo,59.9139,10.7522
189,Doc2555OCR.png,Doc2555OCR,1,Ku;MV,,,,Folk-lore and folk-tales of Madagascar,1887,Antananarivo,,,Antananarivo,Antananarivo,-18.8792,47.5079
190,Doc4100OCR.png,Doc4100OCR,1,NV,50,Zoologi,"Wigand, Albert","Darwinismen, et Tidens Tegn",1880,Kbh,,Albert Wigand,Kbh,Copenhagen,55.6761,12.5683
191,Doc1012OCR.png,Doc1012OCR,1,MV,138,Misjon og kirke på Madagaskar,"Davidson, Andrew",Aretina sy fanasitranana,1876,Antan,,Andrew Davidson,Antan,Antananarivo,-18.8792,47.5079
192,Doc2659OCR.png,Doc2659OCR,1,PT,92,Annen oppbyggelseslitteratur,"Miller, J.R.",Det største i livet,1908,Kra,2. tus,J.R. Miller,Kra,Oslo,59.9139,10.7522
193,Doc1866OCR.png,Doc1866OCR,1,Li,30,Greske klassikere,Homeros,The Iliad,1720,London,,Homer,London,London,51.5074,-0.1278
194,Doc3242OCR.png,Doc3242OCR,1,Et,10,Etnologi – allment,"Rocholl, R.",Die Philosophie der Geschichte. Darstellung und Kritik,1878,Gött,,R. Rocholl,Gött,Göttingen,51.5413,9.9151
195,Doc3057OCR.png,Doc3057OCR,1,NT,47,Kommentar til Paulinske brev,"Philippi, Friedrich Adolph",Commentar über den Brief Pauli an die Römer,1866,Frankf. a.M.,3.verb.verm. Aufl,Friedrich Adolph Philippi,Frankf. a.M.,Frankfurt am Main,50.1109,8.6821
196,Doc2098OCR.png,Doc2098OCR,1,ST,,,"Kant, Immanuel",Die Religion innerhalb der Grenzen der blossen Vernunft,1794,Königsb,2. verm. Aufl,Immanuel Kant,Königsb,Kaliningrad,54.7104,20.4522
197,Doc0984OCR.png,Doc0984OCR,1,MS,,,"Dahle, Lars",Regnskabsbog for offentlige Udgifter (1888-1905),,,,Lars Dahle,,,,
198,Doc2044OCR.png,Doc2044OCR,1,ST,35,Systematisk teologi – monografier,"Johnson, Gisle (Christian)",Nogle Ord om Barnedaaben.,1857,Chra.,,"Johnson, Gisle (Christian)",Chra.,Oslo,59.9139,10.7522
199,Doc1346OCR.png,Doc1346OCR,1,Ti,40,Tidsskrift – blandet innhold,,For kirke og kultur.,1894,Kra.,B.1-5.,,Kra.,Oslo,59.9139,10.7522
200,Doc1346OCR.png,Doc1346OCR,2,Ti,40,Tidsskrift – blandet innhold,Eivind Berggrav-Jensen,Aarg. 24.,1917,Kra.,,Eivind Berggrav-Jensen,Kra.,Oslo,59.9139,10.7522
201,Doc1276OCR.png,Doc1276OCR,1,KH,,,"Farquar, J.N.","Teosofien, dens Historie og dens Lære.",1919,Kbh.,,"Farquar, J.N.",Kbh.,Copenhagen,55.6761,12.5683
202,Doc3073OCR.png,Doc3073OCR,1,MV,122,Misjon og kirke i India,"Plath, Karl Heinrich Christian",Gossners Mission unter Hindus und Kohls um Neujahr 1878. Reisebriefe.,1879,Berlin,,"Plath, Karl Heinrich Christian",Berlin,Berlin,52.52,13.405
203,Doc3055OCR.png,Doc3055OCR,1,KH,50,Reformasjonstidens historie,"Pfender, Charles",Vie de Martin Luther.,1883,Paris,,"Pfender, Charles",Paris,Paris,48.8566,2.3522
204,Doc1064OCR.png,Doc1064OCR,1,SV,20,Indogermanske språk [-> Indoeuropeiske språk],"Diez, Friedrich",An etymological dictionary of the Romance languages.,1864,London,,"Diez, Friedrich",London,London,51.5074,-0.1278
205,Doc1232OCR.png,Doc1232OCR,1,SV,10,Språkvitenskap – allment,(Esperanto),Norsk-esperanto ordliste.,,U.s.u.å.,"Tillegg til ""Vaar-sol"" nr. 26.",(Esperanto),U.s.u.å.,Unknown,,
206,Doc2013OCR.png,Doc2013OCR,1,KH,,,"(Jensen, Gustav)",Den til revision av stiftsprovst G. Jensens salmebokutkast nedsatte komite. Indstilling.,1908,Hamar,,"(Jensen, Gustav)",Hamar,Hamar,60.7945,11.0672
207,Doc1821OCR.png,Doc1821OCR,1,ST,50,Apologetikk,"Hitchcock, Edward","Religious truth, illustrated from science",1864,Glasgow,,"Hitchcock, Edward",Glasgow,Glasgow,55.8642,-4.2518
208,Doc0323OCR.png,Doc0323OCR,1,SV;GT,30,,Christophori Cellari,"Horae Samaritanae, hoc est, Excerpta Pentateuchi Samaritanae versionis cum Latina interpretatione ... Etiam Grammatica Samaritana ... & glossarium ...",1682,Ciza,,Christophori Cellari,Ciza,Ciza,,
209,Doc3088OCR.png,Doc3088OCR,1,KH,20,"Almenn kirkehistorie, helhetsfremstillinger","Platou, J. M.",En liten kirkehistorie til skolebrug,1891,Stvg.,2 ekspl.,"Platou, J. M.",Stvg.,Stavanger,58.9699756,5.7331073
210,Doc3754OCR.png,Doc3754OCR,1,ST,,,"Taine, H.",Kunstens Filosofi. Forelæsninger ... Efter Orig. 2.Udg. paa Dansk ved N.K.,1873,Kbh.,,"Taine, H.",Kbh.,Copenhagen,55.6761,12.5683
211,Doc3887OCR.png,Doc3887OCR,1,ST,,,"Tymms, T. Vincent",The mystery of God. A consideration of some intellectual hindraces to faith. 5th ed.,1893,London,5th ed.,"Tymms, T. Vincent",London,London,51.5074,-0.1278
212,Doc3096OCR.png,Doc3096OCR,1,NV,70,Medisin og helse,"Plehn, Friedrich",Tropenhygiene mit specieller Berücksichtigung der deutschen Kolonien,1902,Jena,,"Plehn, Friedrich",Jena,Jena,50.9271,11.5892
213,Doc3995OCR.png,Doc3995OCR,1,RV,20,Religionsfenomenologi,"Vold, Karl",Naturdyrkelse (totemismus) i de gammelsemitiske religioner,1904,Kra.,,"Vold, Karl",Kra.,Oslo,59.9139,10.7522
214,Doc0825OCR.png,Doc0825OCR,1,Li,40,Latinske klassikere,"Cicero, (Marcus Tullius)","Extracts, narrative and descriptive. With English notes by Henry Walford. New ed.",1871,Oxf.,New ed.,"Cicero, Marcus Tullius",Oxf.,Oxford,51.752,-1.2577
215,Doc3666OCR.png,Doc3666OCR,1,GT,20,"Ordbøker, konkordanser og grammatikker","Strack, Herm(ann) L.",Hebräische Grammatik,1883,Karlsruhe,,"Strack, Hermann L.",Karlsruhe,Karlsruhe,49.0094,8.4043
216,Doc4087OCR.png,Doc4087OCR,1,ST,10,Filosofi og idéhistorie,"Whately, Richard",Elements of rhetoric,1863,London,Reprint from the 7th ed.,"Whately, Richard",London,London,51.5074,-0.1278
217,Doc1703OCR.png,Doc1703OCR,1,Ti,20,Misjonsblad (utenfor Norge),Hartford Seminary Foundation Bulletin,"Year Book 1916-17, vol. III.nr.6",1917,"Hartford,Conn.",,Hartford Seminary Foundation Bulletin,"Hartford, Conn.","Hartford, Connecticut",41.7637,-72.6851
218,Doc1703OCR.png,Doc1703OCR,2,Ti,20,Misjonsblad (utenfor Norge),,"Year Book,1917-18. vol.IV.nr.5",1918,"Hartford, Conn.",,,"Hartford, Conn.","Hartford, Connecticut",41.7637,-72.6851
219,Doc3875OCR.png,Doc3875OCR,1,PT,,,Trient. Kirkemøte,Horae diurnae breviarii Romani,1854,Lyon,,Trient. Kirkemøte,Lyon,Lyon,45.764,4.8357
220,Doc0874OCR.png,Doc0874OCR,1,KH,,,"Corliss, J.O.",Adventismens Oprindelse og Historie samt dens Virkninger,,U.s.u.a.,,"Corliss, J.O.",U.s.u.a.,,,
221,Doc1667OCR.png,Doc1667OCR,1,GT,50,Den nære orients arkeologi,"Handcock, P.S.P.",The latest light on Bible lands,1914,London,2nd ed. rev.,"Handcock, P.S.P.",London,London,51.5074,-0.1278
222,Doc2579OCR.png,Doc2579OCR,1,KH,40,Middelalderens kirkehistorie,"Martensen, H(ans)",Mester Eckart,1851,Kbh.,Ny Udg.,"Martensen, Hans",Kbh.,Copenhagen,55.6761,12.5683
223,Doc2579OCR.png,Doc2579OCR,2,KH,40,Middelalderens kirkehistorie,Bernhard av Clairvaux,Die Reden des heil. Bernhard über das Hohelied,1862,Lpz.,deutsch bearb. von Victor Fernbacher,Bernhard von Clairvaux,Lpz.,Leipzig,51.3397,12.3731
224,Doc1160OCR.png,Doc1160OCR,1,Ti,40,Tidsskrift – blandet innhold,,Die Eiche. Vierteljahrsschrift für Freundschaftsarbeit der Kirchen,1915,Berlin,,,Berlin,Berlin,52.52,13.405
225,Doc1117OCR.png,Doc1117OCR,1,GT,60,Kommentarverk til hele GT,"Dächsel, August","Jobs Bog, Psalmernes Bog, Salomos Ordsprog, Prædikerens Bog og Salomos Højsang, med en i Texten indskudt Fortolkning. Overs. ved E.F.Eckhoff.",1886,Bergen,,"Dächsel, August",Bergen,Bergen,60.39299,5.32415
226,Doc1661OCR.png,Doc1661OCR,1,Li,80,Norrøn og nordisk litteratur,"Hammerich, Fr.",De episk-kristelige Oldkvad hos de gotiske Folk.,1873,Kbh.,,"Hammerich, Fr.",Kbh.,København,55.6761,12.5683
227,Doc0806OCR.png,Doc0806OCR,1,NT,,,Christianus,"Das Evangelium des Reichs oder vergangenheit, Gegenwart und Zukunft des Reiches Gottes auf Erden.",1859,Lpz.,,Christianus,Lpz.,Leipzig,51.3396955,12.3730747
228,Doc4089OCR.png,Doc4089OCR,1,NT,47,Kommentar til Paulinske brev,"Whately, Richard","Essays (2. s.) on some of the difficulties in the writings of the apostle Paul, and in other parts of the New Testament. 8th ed. rev.",1861,London,8th ed. rev.,"Whately, Richard",London,London,51.5074,-0.1278
229,Doc4001OCR.png,Doc4001OCR,1,MV,30,Misjonshistorie,"Vormbaum, Reinhold",Evangelisk Missjonshistoria uti Lefnadsteckningar. B.1-4.,1862,Sth.,,"Vormbaum, Reinhold",Sth.,Stockholm,59.3293,18.0686
230,Doc3789OCR.png,Doc3789OCR,1,Hi,10,Politisk historie og kulturhistorie,"Taylor, T.S.",First principles of English history. 15th thous.,,London,15th thous.,"Taylor, T.S.",London,London,51.5074,-0.1278
231,Doc1365OCR.png,Doc1365OCR,1,SV,20,Indogermanske språk [-> Indoeuropeiske språk],,"Le Français en Russie... Méthode Polyglotte Kuntzé. I sm.b.: Danskerene i Frankrig... Polyglott Kuntze, Utg.",,Bonn,,,Bonn,Bonn,50.7374,7.0982
232,Doc1330OCR.png,Doc1330OCR,1,PT,92,Annen oppbyggelseslitteratur,"Fleischer, Andreas",Syn Og Daad.,1919,Stvg.,,"Fleischer, Andreas",Stvg.,Stavanger,58.9699756,5.7331073
233,Doc2092OCR.png,Doc2092OCR,1,GT,61,Kommentar til Genesis,"Kalisch, M.",A historical and critical commentary on the Old testament ... Exodus.,1855,London,,"Kalisch, M.",London,London,51.5074,-0.1278
234,Doc2171OCR.png,Doc2171OCR,1,PT,80,Hymnologi og kirkemusikk,"Klemm, Karl Julius",Das Sächsische Perikopenbuch ... Predigtentwürfen,1867,Lpz.,,"Klemm, Karl Julius",Leipzig,Leipzig,51.3397,12.3731
235,Doc2171OCR.png,Doc2171OCR,2,PT,80,Hymnologi og kirkemusikk,"Wolff, O.L.B.",Hausschatz der Volkspoesie ... Volkslieder aller Länder und Zeiten,1853,Lpz.,4. Aufl.,"Wolff, O.L.B.",Leipzig,Leipzig,51.3397,12.3731
236,Doc0382OCR.png,Doc0382OCR,1,NT,10,Tekstutgaver og oversettelser,Bibelen. N.T. Gresk.,The New testament in the original Greek,1881,Cambr.,"1 Vol. + Introduction, Appendix",Bibelen. N.T. Gresk.,Cambridge,Cambridge,52.2053,0.1218
237,Doc2254OCR.png,Doc2254OCR,1,PT,,,"Krummel, L.",Die Episteln des Kirchenjahres erklärt,1890,Basel,,"Krummel, L.",Basel,Basel,47.5596,7.5886
238,Doc2442OCR.png,Doc2442OCR,1,MV,138,Misjon og kirke på Madagaskar,"Luther, M(artin)",Katekisme,1873,Stvg.,,"Luther, Martin",Stuttgart,Stuttgart,48.7758,9.1829
239,Doc3309OCR.png,Doc3309OCR,1,PT,80,Hymnologi og kirkemusikk,,Salmer til Brug ved Missionsmøder,1862,Stvg.,4. Opl.,,Stavanger,Stavanger,58.9699756,5.7331073
240,Doc3309OCR.png,Doc3309OCR,2,PT,80,Hymnologi og kirkemusikk,,Salmer,1889,Stvg.,3 ekspl.,,Stavanger,Stavanger,58.9699756,5.7331073
241,Doc3136OCR.png,Doc3136OCR,1,NT,100,Nytestamentlige apokryper,"Preuschen, Erwin",Antilegomena. Die Reste der ausserkanonischen Evangelien und urchristlichen Ueberlieferungen hg. und übers.,1901,Giessen,,"Preuschen, Erwin",Giessen,Giessen,50.5841,8.6784
242,Doc3136OCR.png,Doc3136OCR,2,NT,100,Nytestamentlige apokryper,"Nestle, Eberhard",Novi testamenti Graeci supplementum ed. de Gebhardt-Tischendorfianis,1896,Lips.,,"Nestle, Eberhard",Leipzig,Leipzig,51.3397,12.3731
243,Doc1177OCR.png,Doc1177OCR,1,Jød,40,Rabbinismen,Elias Levita,"The Massoreth ha-massoreth, being an exposition of the massoretic notes on the Hebrew Bible ... in Hebrew with an English translation... by Christian D. Ginsburg",1867,London,,Elias Levita,London,London,51.5074,-0.1278
244,Doc2142OCR.png,Doc2142OCR,1,KH,,,Det kirkelige Udvalg,Udkast til Lov om Folkekirkens Forfatning (m.m.),1905,Danmark,,Det kirkelige Udvalg,Danmark,Denmark,56.2639,9.5018
245,Doc4204OCR.png,Doc4204OCR,1,ST,10,Filosofi og idéhistorie,"Aars, Kristian B.-R.",The world around us and our soul in the world. Essay concerning the a priori and the universe.,1915,Kra.,,"Aars, Kristian B.-R.",Kra.,Oslo,59.9139,10.7522
246,Doc2665OCR.png,Doc2665OCR,1,PT,748,,Tridentinerkonsilet,"Missale Romanum ex decreto sacrosancti Consilii Tridentini restitutum, Pii V. pont. max. iussu editum, et Clementis VIII auctoritate recognitum",1612,Venețiis,,Tridentinerkonsilet,Venețiis,Venice,45.4408,12.3155
247,Doc0951OCR.png,Doc0951OCR,1,SV,20,Indogermanske språk [-> Indoeuropeiske språk],"Dahle, L(ars)",Et fredeligt indlæg i maalsagen,1900,Bergen,,"Dahle, Lars",Bergen,Bergen,60.39299,5.32415
248,Doc0951OCR.png,Doc0951OCR,2,SV,20,Indogermanske språk [-> Indoeuropeiske språk],"Jessen, Edvin",Dansk Etymologisk Ordbog,1900,Kbh.,,"Jessen, Edvin",Kbh.,Copenhagen,55.6761,12.5683
249,Doc1863OCR.png,Doc1863OCR,1,Va,20,?,"Holtzendorff, F(ranz) v(on)",Den europæiske folkeret ... overs. af Francis Hagerup,1885,Kra.,,"Holtzendorff, Franz von",Kra.,Oslo,59.9139,10.7522
250,Doc1764OCR.png,Doc1764OCR,1,ST,50,Apologetikk,"Herder, J(ohann) G(ottfried von)",Vom Geist des Christenthums. Nebst einigen Abhandlungen verwandten Inhalts,1798,Lpz.,,"Herder, Johann Gottfried von",Lpz.,Leipzig,51.3397,12.3731
251,Doc2927OCR.png,Doc2927OCR,1,Te,10,Matematikk,"Olsen, E(rik)","Samling af Opgaver i den elementaire Regning ..., 2. Opl.",1863,Chra.,2. Opl.,"Olsen, Erik",Chra.,Oslo,59.9139,10.7522
252,Doc4187OCR.png,Doc4187OCR,1,ST,20,Prinsipplære og religionshistorie,"Ørsted, H(ans) C(hristian)",Aanden i Naturen. 3. Udg. B.1-2.,1856,Kbh.,3. Udg.,"Ørsted, Hans Christian",Kbh.,Copenhagen,55.6761,12.5683
253,Doc4187OCR.png,Doc4187OCR,2,ST,20,Prinsipplære og religionshistorie,"Chalybæus, Heinrich Moritz",Historisk Udvikling af den speculative Philosophie fra Kant til Hegel ... Efter 2. forb. Opl. overs. af S. Kattrup.,1841,Kbh.,2. forb. Opl.,"Chalybæus, Heinrich Moritz",Kbh.,Copenhagen,55.6761,12.5683
254,Doc1539OCR.png,Doc1539OCR,1,ST,35,Systematisk teologi – monografier,"Grønsdal, H.",Christi gjenkomst til Tusindårsriget.,1887,Bergen,,"Grønsdal, H.",Bergen,Bergen,60.39299,5.32415
255,Doc2785OCR.png,Doc2785OCR,1,GT,,,"Möller, Wilhelm","Religionshistorien og Bibelkritiken. Overs. efter ""Luthersk Kirketidende"".",1908,Chra.,,"Möller, Wilhelm",Chra.,Oslo,59.91386,10.75224
256,Doc1623OCR.png,Doc1623OCR,1,PT,,,"Hagenbach, K(arl) R(udolf)",Grundlinien der Liturgik und Homiletik.,1863,Lpz.,,"Hagenbach, Karl Rudolf",Lpz.,Leipzig,51.33962,12.37129
257,Doc0098OCR.png,Doc0098OCR,1,ST,,,Aristot(e)le(s),"The metaphysics ... transl. ..., with notes ... By John H. M'Mahon.",1857,London,,Aristotle,London,London,51.50735,-0.12776
258,Doc2760OCR.png,Doc2760OCR,1,Et,10,Etnologi – allment,"Müller, Friedrich",Allgemeine Ethnographie. 2. umgearb. Aufl.,1879,Wien,2. umgearb. Aufl.,"Müller, Friedrich",Wien,Vienna,48.20849,16.37208
259,Doc0647OCR.png,Doc0647OCR,1,ST,,,"Bruun, Frantz",Bibelens Jesus og Vantroens Jesus. Hvem er den sande?,1890,Kra.,,"Bruun, Frantz",Kra.,Oslo,59.91386,10.75224
260,Doc2237OCR.png,Doc2237OCR,1,RV,60,Islam,"Kremer, Alfred von",Geschichte der herrschenden Ideen des Islams ...,1868,Lpz.,,"Kremer, Alfred von",Lpz.,Leipzig,51.33962,12.37129
261,Doc1883OCR.png,Doc1883OCR,1,Li,40,Latinske klassikere,"Horatius Flaccus, Q(uintus)",Oden und Epoden. Für den Schulgebrauch erkl. von C.W. Nauck. 9. Aufl.,1876,Lpz.,9. Aufl.,"Horatius Flaccus, Quintus",Lpz.,Leipzig,51.33962,12.37129
262,Doc0909OCR.png,Doc0909OCR,1,Hi,10,Politisk historie og kulturhistorie,"Curtis, John Charles",Outlines of English history,1872,London,17th ed.,"Curtis, John Charles",London,London,51.5074,-0.1278
263,Doc0242OCR.png,Doc0242OCR,1,PT,92,Annen oppbyggelseslitteratur,"Bernhoft, Th(eodor) C(hristian)",Følg Jesus. En Bog for Konfirman der.,1906,Kra.,8. opl.,"Bernhoft, Theodor Christian",Kra.,Oslo,,
264,Doc3214OCR.png,Doc3214OCR,1,NV,70,Medisin og helse,"Ribbing, Seved",Om den sexuelle Hygieine,1889,Kbh.,,"Ribbing, Seved",København,Copenhagen,55.6761,12.5683
265,Doc2508OCR.png,Doc2508OCR,1,SV,20,Indogermanske språk [-> Indoeuropeiske språk],"Løkke, Jakob",Modersmaalets Formlære i udførlig Fremstilling,1855,Kra.,,"Løkke, Jakob",Kra.,Oslo,,
266,Doc0597OCR.png,Doc0597OCR,1,SV,20,Indogermanske språk [-> Indoeuropeiske språk],"Brekke, K(nud)","Ny engelsk læsebog, glossar",1901,Kra.,3. udg.,"Brekke, Knud",Kra.,Oslo,,
267,Doc0850OCR.png,Doc0850OCR,1,KH,,,"Clausen, Henrik Nikolai",Det evangeliske Kirkelivs Nutid og Fremtid,1878,Kbh.,2. omarb. forøg. Udg. B.1-2.,"Clausen, Henrik Nikolai",København,Copenhagen,55.6761,12.5683
268,Doc3923OCR.png,Doc3923OCR,1,ST,35,Systematisk teologi – monografier,"Urwick, William",The second advent of Christ,1839,Dublin,,"Urwick, William",Dublin,Dublin,53.3498,-6.2603
269,Doc4111OCR.png,Doc4111OCR,1,RV,90,Kinesiske religioner/filosofi,"Williams, Monier",Hinduism,1878,London,6th thous.,"Williams, Monier",London,London,51.5074,-0.1278
270,Doc0441OCR.png,Doc0441OCR,1,Bi;NT,,,,Bibelen. N. T. Norsk,1959,Oslo,,,Oslo,Oslo,59.9139,10.7522
271,Doc3976OCR.png,Doc3976OCR,1,PT,94,Lærebøker i kristendomskunnskap,"Vogt, Volrath",(En større) Bibelhistorie med Beskrivelse af det Hellige Land,1861,Chra,,"Vogt, Volrath",Chra,Oslo,59.9139,10.7522
272,Doc0265OCR.png,Doc0265OCR,1,Bi,40,Bibelutgaver,,"The Holy Bible, containing the Old and New Testaments",1853,London,,,London,London,51.5074,-0.1278
273,Doc4188OCR.png,Doc4188OCR,1,NV,70,Medisin og helse,"Oestreich, R.",Compendium der Physiologie des Menschen,1891,Berlin,,"Oestreich, R.",Berlin,Berlin,52.52,13.405
274,Doc0312OCR.png,Doc0312OCR,1,GT,10,Tekstutgaver og oversettelser,,Bibelen. G. T. Apokryfer. Norsk.,1873,Chra,,,Chra,Oslo,59.9139,10.7522
275,Doc1840OCR.png,Doc1840OCR,1,GT,,,"Hognestad, Peter",Det gamle Testamentet og bibelsoga,1912,Kra,,"Hognestad, Peter",Kra,Oslo,59.9139,10.7522
276,Doc2007OCR.png,Doc2007OCR,1,GT,20,"Ordbøker, konkordanser og grammatikker","Jarrett, Thomas",A new lexicon of the Hebrew language,1848,London,,"Jarrett, Thomas",London,London,51.5074,-0.1278
277,Doc3777OCR.png,Doc3777OCR,1,KH,80,Norges kirkehistorie,"Taranger, Absalon",Den angelsaksiske kirkes indflytelse paa den norske,1890,Kra,,"Taranger, Absalon",Kra,Oslo,59.9139,10.7522
278,Doc1018OCR.png,Doc1018OCR,1,Ge,20,Enkelte lands geografi,"Davis, John Francis",Chineserme. En almindelig Beskrivelse af China og dets Indbyggere. Overs. af Engelsk ved L. Moltke.,1843,Kbh.,,"Davis, John Francis",Kbh.,Copenhagen,55.6761,12.5683
279,Doc1144OCR.png,Doc1144OCR,1,ST,,,"Ebrard, August",Das Dogma vom heiligen Abendmahl und seine Geschichte. B.1-2.,1845,Frankf. a.M.,,"Ebrard, August",Frankf. a.M.,Frankfurt am Main,50.1109,8.6821
280,Doc2965OCR.png,Doc2965OCR,1,ST,35,Systematisk teologi – monografier,"Oswald, J.H.",Eschatologie das ist die letzten Dinge dargestellt nach der Lehre der katholischen kirche. 5. verb. Aufl.,1893,Paderborn,,"Oswald, J.H.",Paderborn,Paderborn,51.7189,8.7575
281,Doc1517OCR.png,Doc1517OCR,1,PT,,,"Gow, Alex(ander) M.",The primer of politeness,1883,Philadelphia,,"Gow, Alexander M.",Philadelphia,Philadelphia,39.9526,-75.1652
282,Doc1244OCR.png,Doc1244OCR,1,Li,30,Greske klassikere,Euripides,The Alcestis. By A. Sidgwick. New ed.,1877,London,New ed.,Euripides,London,London,51.5074,-0.1278
283,Doc0977OCR.png,Doc0977OCR,1,MV,138,Misjon og kirke på Madagaskar,"Dahle, L.",Ny Fihavian'ny Soratra Masina avy amin'Andriamanitra sy ny olombelona,1915,T.rive,,"Dahle, L.",T.rive,,,
284,Doc1724OCR.png,Doc1724OCR,1,PT,92,Annen oppbyggelseslitteratur,"Havergal, F.R.",I en malers atelier.,1902,Kra.,,"Havergal, F.R.",Kra.,Oslo,59.9139,10.7522
285,Doc0756OCR.png,Doc0756OCR,1,SV,20,Indogermanske språk [-> Indoeuropeiske språk],"Carré, I.",Le vocabulaire francais ... Cours préparatoire. Livre de l'élève. 12 e éd.,1897,Paris,12 e éd.,"Carré, I.",Paris,Paris,48.8566,2.3522
286,Doc2350OCR.png,Doc2350OCR,1,Hi,10,Politisk historie og kulturhistorie,"Lenormant, Francois",A manual of the ancient history of the East,1870,London,Vol.1-2,François Lenormant,London,London,51.5074,-0.1278
287,Doc0401OCR.png,Doc0401OCR,1,NT,10,Tekstutgaver og oversettelser,,Bibelen. N.T. Hebraisk. Berith hadasa al pe hammasiah.,1838,London,,,London,London,51.5074,-0.1278
288,Doc3439OCR.png,Doc3439OCR,1,NT,,,"Seeley, John Robert","Se, hvilket Menneske. Et Billede af Jesu Christi Liv og Gjerning",1874,Kbh.,11. Opl.,John Robert Seeley,Kbh.,Copenhagen,55.6761,12.5683
289,Doc0593OCR.png,Doc0593OCR,1,NV,50,Zoologi,"Brehm, A.E.","Krybdyrenes og Paddenes, Fiskenes samt lavere Dyrs Liv",1879,Kbh.,,Alfred Edmund Brehm,Kbh.,Copenhagen,55.6761,12.5683
290,Doc0433OCR.png,Doc0433OCR,1,NT,10,Tekstutgaver og oversettelser,,Bibelen. N.T. Norsk Godt nytt,1975,Oslo,,,Oslo,Oslo,59.9139,10.7522
291,Doc2245OCR.png,Doc2245OCR,1,ST,,,"Krogh-Tonning, K(nud)",Den Christelige Dogmatik,1894,Chra.,B.3-4,Knud Krogh-Tonning,Chra.,Oslo,59.9139,10.7522
292,Doc3685OCR.png,Doc3685OCR,1,MV,10,Misjonsteori – allment,,Students and the present Missionary Crisis,1910,N.Y.,,,N.Y.,New York,40.7128,-74.006
293,Doc1742OCR.png,Doc1742OCR,1,KH,,,"Helgeby, P.",Om Frelsesarmeen. Foredrag,1892,Vdasø,,P. Helgeby,Vdasø,Vadsø,70.0748,29.7483
294,Doc0631OCR.png,Doc0631OCR,1,KH,,,"Brun, Christen","Oplysningens tidsalder, dens religiøse ideer i deres historiske oprindelse og karakter",1886,Chra.,,"Brun, Christen",Chra.,Oslo,59.9139,10.7522
295,Doc4158OCR.png,Doc4158OCR,1,PT,94,Lærebøker i kristendomskunnskap,"Ytreberg, K.N.",Kristelig barnelærdom,1918,Kra.,,"Ytreberg, K.N.",Kra.,Oslo,59.9139,10.7522
296,Doc0287OCR.png,Doc0287OCR,1,SV,50,"Malayiske språk, gassisk språk",,Bibelen. G.T. Salmer. The psalms of David in Malagasy,,London,,,London,London,51.5074,-0.1278
297,Doc2529OCR.png,Doc2529OCR,1,Va,20,?,"Machiavelli, (Niccolo di Bernardo dei)",Fyrsten,1876,Kbh.,,"Machiavelli, Niccolo di Bernardo dei",Kbh.,Copenhagen,55.6761,12.5683
298,Doc0592OCR.png,Doc0592OCR,1,NV,50,Zoologi,"Brehm, A.E.",Fuglenes Liv,1871,Kbh.,,"Brehm, A.E.",Kbh.,Copenhagen,55.6761,12.5683
299,Doc0417OCR.png,Doc0417OCR,1,NT,10,Tekstutgaver og oversettelser,,Bibelen. N.T. Rom. Kinesisk,1907,Shanghai,,,Shanghai,Shanghai,31.2304,121.4737
300,Doc0895OCR.png,Doc0895OCR,1,NT,,,"Cremer, Hermann",Biblisch-theologisches Wörterbuch der Neutestamentlichen Gräcität,1872,Gotha,2. verm. verb. Aufl.,"Cremer, Hermann",Gotha,Gotha,50.946,10.6978
301,Doc3879OCR.png,Doc3879OCR,1,MV,15,"Misjon - fortellinger, misjonsmotivering","Tschandran, Philipp",Phillipp Tschandran und sein Vaterhaus,1866,Basel,,"Tschandran, Philipp",Basel,Basel,47.5596,7.5886
302,Doc1815OCR.png,Doc1815OCR,1,MV,138,Misjon og kirke på Madagaskar,,Misjonslitt. Gassisk. Hira fivavahana.,,U.s.u.å.,,,U.s.u.å.,Unknown,,
303,Doc1290OCR.png,Doc1290OCR,1,SV,50,"Malayiske språk, gassisk språk","Favre, P(aul)",Grammaire de la langue malaise.,1876,Vienne,,Paul Favre,Vienne,Vienna,48.2082,16.3738
304,Doc3530OCR.png,Doc3530OCR,1,GT,40,Israels historie,"Smith, William",The Old Testament history. New ed.,1874,London,New ed.,William Smith,London,London,51.5074,-0.1278
305,Doc3576OCR.png,Doc3576OCR,1,PT,92,Annen oppbyggelseslitteratur,"Spurgeon, C(harles H(addon)",Den største Kamp i Verden. Hyrdetale.,1891,Kbh.,,Charles Haddon Spurgeon,Kbh.,Copenhagen,55.6761,12.5683
306,Doc3941OCR.png,Doc3941OCR,1,Et,10,Etnologi – allment,"Vambéry, Arminius",Kulturskildringer fra Orienten.,1877,Kbh.,,Arminius Vambéry,Kbh.,Copenhagen,55.6761,12.5683
307,Doc3518OCR.png,Doc3518OCR,1,PT,80,Hymnologi og kirkemusikk,"Skaar, J(ohannes) N(ilsson)","Lovsange og aandelige Viser. 3., forøg. Udg.",1881,Kra.,"3., forøg. Udg.",Johannes Nilsson Skaar,Kra.,Oslo,59.9139,10.7522
308,Doc3518OCR.png,Doc3518OCR,2,PT,80,Hymnologi og kirkemusikk,"Skaar, J(ohannes) N(ilsson)",Ny Samling.,1900,Kra.,,Johannes Nilsson Skaar,Kra.,Oslo,59.9139,10.7522
309,Doc0866OCR.png,Doc0866OCR,1,Li,60,Engelsk litteratur,"(Comte, William)",Doctor Syntax ...,,London,,William Comte,London,London,51.5074,-0.1278
310,Doc1175OCR.png,Doc1175OCR,1,RV,100,Antikkens religioner,"Eitrem, S.",Opferritus und Voropfer der Griechen und Römer.,1914,Kra.,(B.1.),S. Eitrem,Kra.,Oslo,59.9139,10.7522
311,Doc0649OCR.png,Doc0649OCR,1,SV,20,Indogermanske språk [-> Indoeuropeiske språk],"Bruun, (Jens) Schou",Grammaire francaise,1899,Chra.,,"Bruun, Jens Schou",Christiana,Oslo,59.9139,10.7522
312,Doc2047OCR.png,Doc2047OCR,1,MV,138,Misjon og kirke på Madagaskar,"Johnson, Johannes",Ahoana hoy ny Tompo ?,1913,Tanan.,,"Johnson, Johannes",Tananarive,Antananarivo,-18.8792,47.5079
313,Doc1638OCR.png,Doc1638OCR,1,Li,10,Litteraturhistorie - allment,"Hallam, Henry","Introduction to the literature of Europe, in the 15., 16., and 17. centuries",1854,London,4th ed. Vol. 1-3,"Hallam, Henry",London,London,51.5074,-0.1278
314,Doc0618OCR.png,Doc0618OCR,1,PT,80,Hymnologi og kirkemusikk,"Brochmann, J.H.H.",40 Latinske Salmer. Med Oversættelse samt Oplysninger og Musikbilag,1901,Chra.,,"Brochmann, J.H.H.",Christiana,Oslo,59.9139,10.7522
315,Doc3030OCR.png,Doc3030OCR,1,ST,,,"Petersen, Fredrik","Forskningen og den christelige Tro. (Omarbejdelse: Om Skabelsen, Opholdelsen og Styrelsen. 1. Bog: Forskningen)",1886,Kra.,,"Petersen, Fredrik",Kristiania,Oslo,59.9139,10.7522
316,Doc3030OCR.png,Doc3030OCR,2,ST,,,"Petersen, Fredrik","Om Skabelsen, Opholdelsen og Styrelsen. 2. Bog: Theologien",1885,Chra.,,"Petersen, Fredrik",Christiana,Oslo,59.9139,10.7522
317,Doc3030OCR.png,Doc3030OCR,3,ST,,,"Petersen, Fredrik",Modern Moral eller kristelig Moral ?,1889,Kbh.,,"Petersen, Fredrik",København,Copenhagen,55.6761,12.5683
318,Doc4038OCR.png,Doc4038OCR,1,PT,,,"Warneck, Gustav",Hvorfor udretter vor Prædiken saa lidt? Praktiske theologische Aforismer,1882,Kbh.,,"Warneck, Gustav",København,Copenhagen,55.6761,12.5683
319,Doc3886OCR.png,Doc3886OCR,1,PT,92,Annen oppbyggelseslitteratur,"Tybring, Fred(rik)",Vor tanke og vor tro,1912,Kra.,,"Tybring, Fredrik",Kristiania,Oslo,59.9139,10.7522
320,Doc0154OCR.png,Doc0154OCR,1,PT,94,Lærebøker i kristendomskunnskap,"Bang, A(nton) Chr(istian)",Forklaring over Dr. M. Luthers lille katekismus,1892,Kra.,4. opl.,"Bang, Anton Christian",Kristiania,Oslo,59.9139,10.7522
321,Doc0154OCR.png,Doc0154OCR,2,PT,94,Lærebøker i kristendomskunnskap,"Bang, A(nton) Chr(istian)",Forklaring over Dr. M. Luthers lille katekismus,1899,Kra.,7. opl.,"Bang, Anton Christian",Kristiania,Oslo,59.9139,10.7522
322,Doc1707OCR.png,Doc1707OCR,1,NV,50,Zoologi,"Hartwig, Georg",Die Tropenwelt im Thier- und Pflanzenleben.,1860,Wiesb.,,Georg Hartwig,Wiesbaden,Wiesbaden,50.0782,8.2398
323,Doc1438OCR.png,Doc1438OCR,1,Li,79,Russisk litteratur,"Garschim, Vsevolod",Fire Fortællinger.,1892,Kra.,,Vsevolod Garschim,Kristiania,Oslo,59.9139,10.7522
324,Doc0613OCR.png,Doc0613OCR,1,Ge,30,Norsk geografi,"Broch, O(le) J(acob)","Kongeriget Norge og det norske Folk, ... Beretning ... til Kongressen for Sundhedsforhold og Redningsvæsen i Bryssel 1876.",1876,Kra.,,Ole Jacob Broch,Kristiania,Oslo,59.9139,10.7522
325,Doc3018OCR.png,Doc3018OCR,1,MV,138,Misjon og kirke på Madagaskar,,Misjonslitt. Gassisk. Perikopa amy ny Fiangonana Lutherana.,1883,Antan.,,,Antananarivo,Antananarivo,-18.8792,47.5079
326,Doc0497OCR.png,Doc0497OCR,1,PT,92,Annen oppbyggelseslitteratur,"Birkedal, Vilhelm",KirkeklokkeKlangen i den norske Dal. En Fortælling. 3. Opl.,1873,Odense,,Vilhelm Birkedal,Odense,Odense,55.4038,10.4024
327,Doc1920OCR.png,Doc1920OCR,1,GT,66,Kommentar til Salmene,"Hupfeld, Hermann",Die Psalmen.,1867,Gotha,2. Aufl.,Hermann Hupfeld,Gotha,Gotha,50.9482,10.7016
328,Doc1920OCR.png,Doc1920OCR,2,GT,66,Kommentar til Salmene,"Hupfeld, Hermann",Die Psalmen. Übersetzt und ausgelegt. 2. Aufl. hg. von Eduard Riehm. B.1-4.,1871,Gotha,,Hermann Hupfeld,Gotha,Gotha,50.9482,10.7016
329,Doc3538OCR.png,Doc3538OCR,1,MV,138,Misjon og kirke på Madagaskar,Société des missions évangéliques de Paris,La question scolaire et religieuse a Madagascar ...,1907,Paris,,Société des missions évangéliques de Paris,Paris,Paris,48.8566,2.3522
330,Doc0982OCR.png,Doc0982OCR,1,,,,"(Dahle, Lars",Nytestamentlig synonymik),,,,Lars Dahle,,,,
331,Doc1100OCR.png,Doc1100OCR,1,NV,70,Medisin og helse,"Druitt, Robert",Håndbog i Chirurgien,1856,Chra,,"Druitt, Robert",Chra,Oslo,59.9139,10.7522
332,Doc3504OCR.png,Doc3504OCR,1,KH,100,Andre europeiske lands kirkehistorie,"Skeats, Herbert S.",A history of the free churches of England from A.D. 1688-A.D. 1851. 2'nd ed.,1869,London,2'nd ed.,"Skeats, Herbert S.",London,London,51.5074,-0.1278
333,Doc1512OCR.png,Doc1512OCR,1,MV,138,Misjon og kirke på Madagaskar,,"The gospel in Madagascar: A brief account of the English mission ... By the author of ""The life of the Rev. W.B. Johnson"".",1863,London,,,London,London,51.5074,-0.1278
334,Doc3274OCR.png,Doc3274OCR,1,PT,92,Annen oppbyggelseslitteratur,"Rudin, W(aldemar)",Predikan hållen wid K.F.U.M. 11. werldskonferens i Stockholm ... 1888.,1892,Helsingf,,"Rudin, Waldemar",Helsingf,Helsinki,60.1699,24.9384
335,Doc0988OCR.png,Doc0988OCR,1,MS,,,"Dahle, L(ars)",Stilebog,,Stvg,(1864-65),"Dahle, Lars",Stvg,Stavanger,58.9698,5.7331
336,Doc4066OCR.png,Doc4066OCR,1,MV,90,Misjonærbiografier,"Wendebourg, W(ilhelm)",Louis Harms als Missionsmann,1910,Hermanns b,,"Wendebourg, Wilhelm",Hermanns b,Hermannsburg,52.8409,9.9461
337,Doc2143OCR.png,Doc2143OCR,1,KH,,,Det Kirkelige Udvalg,Forhandlingerne,,Kbh,"1904-05. Saml. 1./2.,3.",Det Kirkelige Udvalg,Kbh,Copenhagen,55.6761,12.5683
338,Doc2702OCR.png,Doc2702OCR,1,ST,18,Psykologi,"Monrad, M(arcus) J(acob)",Om Menneskets Sjæl,1864,Chra,,"Monrad, Marcus Jacob",Chra,Oslo,59.9139,10.7522
339,Doc2702OCR.png,Doc2702OCR,2,ST,18,Psykologi,"Fortlage, C.",Psykologiske Foredrag,1876,Kbh,,"Fortlage, C.",Kbh,Copenhagen,55.6761,12.5683
340,Doc0801OCR.png,Doc0801OCR,1,MV,121,Misjon og kirke i Kina,"Christensen, Anders",Ungdom der vaagner.,1915,Kbh.,,"Christensen, Anders",Kbh.,Copenhagen,55.6761,12.5683
341,Doc3691OCR.png,Doc3691OCR,1,Ge,20,Enkelte lands geografi,Stuttgart,Plan von Stuttg.,1867,,,Stuttgart,,,,
342,Doc4067OCR.png,Doc4067OCR,1,MV,122,Misjon og kirke i India,"Wenger, A.","Altes und Neues aus Indien. Aus Missionar Leopolds ""Erinnerungen"".",1880,Basel,,"Wenger, A.",Basel,Basel,47.5596,7.5886
343,Doc3683OCR.png,Doc3683OCR,1,NT,,,"Stuart, Moses",A commentary on the Epistle to the Hebrews. Republ. by E. Henderson.,1833,London,,"Stuart, Moses",London,London,51.5074,-0.1278
344,Doc0747OCR.png,Doc0747OCR,1,GT,30,Innledningsvitenskap,"Cappellus, Ludovicus (Cappel, Louis)",Commentarii et notae criticae in Vetus Testamentum. Acc.,1689,Amst.,,"Cappellus, Ludovicus",Amst.,Amsterdam,52.3676,4.9041
345,Doc4056OCR.png,Doc4056OCR,1,RV,60,Islam,"Weil, G(ustav)","Mohammedanernes Bibelske Legender, hentede fra arabiske Kilder og sammenlignede med jødiske Sagn. Overs. af C. G. V. Faber.",1855,Odense,,"Weil, Gustav",Odense,Odense,55.4038,10.4024
346,Doc3269OCR.png,Doc3269OCR,1,Hi,10,Politisk historie og kulturhistorie,,"The ""Royal"" history of England.",1881,London,,,London,London,51.5074,-0.1278
347,Doc0753OCR.png,Doc0753OCR,1,MV,122,Misjon og kirke i India,"Carmichael, Amy",Morgenstjærner. Overs. ved T. S. og I. W.,1909,Varde,,"Carmichael, Amy",Varde,Varde,55.6212,8.4807
348,Doc1394OCR.png,Doc1394OCR,1,Le,20,Ordbøker – moderne språk og latin,"Fritzner, Johan",Ordbog over det gamle norske Sprog,1867,Kra.,,"Fritzner, Johan",Kra.,Oslo,59.9139,10.7522
349,Doc2819OCR.png,Doc2819OCR,1,KH,,,"Nielsen, Fredrik",Frelsens Hær. En historisk Skildring,1887,Kbh.,"Smaaskrifter til Oplysning for Kristne II,3.","Nielsen, Fredrik",Kbh.,Copenhagen,55.6761,12.5683
350,Doc1603OCR.png,Doc1603OCR,1,MV,80,Misjon i andre land (Europa og Nord-Amerika),"Haccius, G(eorg)",Denkschrift über die von 1887-1889 abgehaltene General-Visitation der Hermannsburger Mission in Süd-Afrika,1890,Hermannsb.,,"Haccius, Georg",Hermannsb.,Hermannsburg,,
351,Doc0591OCR.png,Doc0591OCR,1,ST,,,"Breda, O.C.",Ny grund. Et opgjør med bibeltroen,1897,Kra.,,"Breda, O.C.",Kra.,Oslo,59.9139,10.7522
352,Doc2852OCR.png,Doc2852OCR,1,,20,,Norge. Lover,Skattelov for byene av 18.aug.1911,1911,Kra.,,,Kra.,Oslo,59.9139,10.7522
353,Doc2135OCR.png,Doc2135OCR,1,MV,138,Misjon og kirke på Madagaskar,"Kingdon, Abraham",A Statement concerning the Charge of Conspiracy mad by the Prime Minister of Madagascar,,London u.s.,,"Kingdon, Abraham",London u.s.,London,51.5074,-0.1278
354,Doc2999OCR.png,Doc2999OCR,1,Ge,20,Enkelte lands geografi,"Paulsen, Eilert",Stanleys Reise gjennem de sortes Verdensdel. I forkortet Bearb. efter den autor.Orig. udg. af 'Gjennem det mørke Fastland',1890,Kra.,,"Paulsen, Eilert",Kra.,Oslo,59.9139,10.7522
355,Doc2999OCR.png,Doc2999OCR,2,Ge,20,Enkelte lands geografi,"Coucheron-Aamot, W.",Stanley Ekspeditionen til Emin Pasches,,,,"Coucheron-Aamot, W.",,,,
356,Doc1419OCR.png,Doc1419OCR,1,Jød,40,Rabbinismen,"Fürst, Julius","Perlenschnüre aramäischer Gnomen und Lieder, oder Aramäische Chrestmatie",1836,Lpz.,,"Fürst, Julius",Lpz.,Leipzig,51.3397,12.3731
357,Doc1419OCR.png,Doc1419OCR,2,Jød,40,Rabbinismen,"Delitzsch, Franz",Isagoge in grammaticam et lexicographiam linguae Hebraicae,1838,Grimma,,"Delitzsch, Franz",Grimma,Grimma,51.2334,12.7287
358,Doc2494OCR.png,Doc2494OCR,1,MV,15,"Misjon - fortellinger, misjonsmotivering","Løgstrup, T(heodor)",Missions-Erindringer fra London.,1900,Kbh.,,"Løgstrup, Theodor",København,Copenhagen,55.6761,12.5683
359,Doc0965OCR.png,Doc0965OCR,1,MV,10,Misjonsteori – allment,"Dahle, L(ars)",Nationaliseringsspørgsmaalet og Missionen.,1883,Stvg.,Særtr. af Norsk Missionstidende.,"Dahle, Lars",Stavanger,Stavanger,58.9701,5.7333
360,Doc0369OCR.png,Doc0369OCR,1,NT,10,Tekstutgaver og oversettelser,"Passy, Paul",Bibelen. N.T. Luk. & Acta. Fransk. Evangile de Luc & Actes. Version populaire en transcription phonétique,,Paris u.å.,,"Passy, Paul",Paris,Paris,48.8566,2.3522
361,Doc3475OCR.png,Doc3475OCR,1,MV,138,Misjon og kirke på Madagaskar,"Sibree, James",Madagascar before the conquest ...,1896,London,,"Sibree, James",London,London,51.5074,-0.1278
362,Doc0212OCR.png,Doc0212OCR,1,NV,30,Fysikk,"Beer, Johannes",Læren om de livløse naturlegemer. Til skolebrug.,1881,Kra.,,"Beer, Johannes",Kristiania,Oslo,59.9139,10.7522
363,Doc3799OCR.png,Doc3799OCR,1,KH,30,"Oldkirkens kirkehistorie, patristikk",Tertullianus,Forsvarsskrift for de Kristne mod Hedningerne. Overs. av C.I. Amtsen.,1880,Chra.,Skr. VIDNESBYRD af Kirkefædrene. B.2.,Tertullianus,Christiania,Oslo,59.9139,10.7522
364,Doc3799OCR.png,Doc3799OCR,2,KH,30,"Oldkirkens kirkehistorie, patristikk",Aurelius Augustinus,Bekjendelser. Overs. av Stian Vemmestad.,1881,Chra.,Skr. VIDNESBYRD af Kirkefædrene B.3.,Aurelius Augustinus,Christiania,Oslo,59.9139,10.7522
365,Doc1118OCR.png,Doc1118OCR,1,MV,138,Misjon og kirke på Madagaskar,"Dächsel, August","Hevi-teny amy ny epistily ho any ny Filipiana sy ny Kolosiana. Nadikany, L.S(tueland).",1893,Antan.,,"Dächsel, August",Antananarivo,Antananarivo,-18.8792,47.5079
366,Doc2152OCR.png,Doc2152OCR,1,PT,92,Annen oppbyggelseslitteratur,"Kiær, Hagb.","Om Trosforvisningen og Besiddelsen af Frelsen. Frit overs. fra Fransk efter César Melna's ""Sennepskorn"".",1902,Kra.,,"Kiær, Hagb.",Kristiania,Oslo,59.9139,10.7522
367,Doc1326OCR.png,Doc1326OCR,1,MV,135,Misjon og kirke i Sør-Afrika,"Fitzpatrick, J(ames) P(ercy)",The Transvaal from within. A private record of public affairs. Popular ed.,1900,London,Popular ed.,"Fitzpatrick, James Percy",London,London,51.5074,-0.1278
368,Doc1743OCR.png,Doc1743OCR,1,Ge,30,Norsk geografi,"Helland, Amund",Lerfaldet i Guldalen i 1345 (af) Amund Helland og Helge Steen.,,Kra.,,"Helland, Amund",Kra.,Oslo,59.9139,10.7522
369,Doc3223OCR.png,Doc3223OCR,1,ST,,,"Riis, Andreas",Kan vi endnu tro paa Bibelen ?,1916,Kra.,2 ekpl.,"Riis, Andreas",Kra.,Oslo,59.9139,10.7522
370,Doc2800OCR.png,Doc2800OCR,1,NT,,,"Nebe, A(ugust)",Die Auferstehungsgeschichte unsers Herrn Jesu Christi nach den 4 Evangelien ausgelegt.,1882,Wiesbaden,,"Nebe, August",Wiesbaden,Wiesbaden,50.0826,8.2415
371,Doc2145OCR.png,Doc2145OCR,1,PT,,,,Kirke-Ritual Danmark-Norge.,1863,Chra.,,,Chra.,Oslo,59.9139,10.7522
372,Doc3613OCR.png,Doc3613OCR,1,SV,60,Afrikanske språk,"Steere, Edward","Collections for a handbook of the Nyamwezi language, as spoken at Unyamembe.",,London,2 ekpl.,"Steere, Edward",London,London,51.5074,-0.1278
373,Doc0440OCR.png,Doc0440OCR,1,Bi,44,,,Det nye Testamentes kanoniske bøker / omsatt efter Vulgata og forsynt med forklaringer.,1938,Oslo,814s.,,Oslo,Oslo,59.9139,10.7522
374,Doc2376OCR.png,Doc2376OCR,1,RV,110,Hellenistisk religion,"Lieblein, J.",Pistis Sophia. L'Antimission gnostique est-il le Ka-Égyptien ?,1908,Kra.,,"Lieblein, J.",Kra.,Oslo,59.9139,10.7522
375,Doc1099OCR.png,Doc1099OCR,1,SV,30,Semittiske språk,"Driver, S.R.",A treatise on the use of the tenses in Hebrew,1881,Oxf.,2nd ed. rev. enl.,"Driver, S.R.",Oxf.,Oxford,51.752022,-1.257677
376,Doc0735OCR.png,Doc0735OCR,1,NT,,,"Calvin, Johann",Commentary on the Gospel according to John,1860,Edinb.,Vol.1-2. 2 vol.,"Calvin, Johann",Edinb.,Edinburgh,55.953252,-3.188267
377,Doc2469OCR.png,Doc2469OCR,1,Li,70,Tysk litteratur,"Lübben, August",Wörterbuch zu den Nibelunge Not,1877,Oldenb.,3. Aufl.,"Lübben, August",Oldenb.,Oldenburg,53.14118,8.21467
378,Doc3911OCR.png,Doc3911OCR,1,ST,,,"Ulrici, H.",Compendium der Logik,1860,Lpz.,,"Ulrici, H.",Lpz.,Leipzig,51.339695,12.373075
379,Doc0669OCR.png,Doc0669OCR,1,NT,90,Nytestamentlig teologi. Urkirkens historie,"Bugge, Chr. A.",Das Gesetz und Christus im Evangelium,1903,Kra.,,"Bugge, Chr. A.",Kra.,Kristiania (Oslo),59.9139,10.7522
380,Doc1376OCR.png,Doc1376OCR,1,KH,80,Norges kirkehistorie,,Vort korstog. En kortfattet oversigt over Frelsesarmeens arbejde i Norge,1914,Kra.,,,Kra.,Kristiania (Oslo),59.9139,10.7522
381,Doc4075OCR.png,Doc4075OCR,1,Va,20,?,"Western, Aug(ust)",Omrids af engelske institutioner,1901,Kra.,,"Western, August",Kra.,Kristiania (Oslo),59.9139,10.7522
382,Doc2030OCR.png,Doc2030OCR,1,SV,20,Indogermanske språk [-> Indoeuropeiske språk],"Jessen, E(dvin)",Dansk Etymologisk Ordbog,1893,Kbh.,,"Jessen, Edvin",Kbh.,Copenhagen,55.6761,12.5683
383,Doc2030OCR.png,Doc2030OCR,2,SV,20,Indogermanske språk [-> Indoeuropeiske språk],"Dahle, L.",Et fredeligt indlæg i maalsagen,1900,Bergen,,"Dahle, L.",Bergen,Bergen,60.391263,5.322054
384,Doc1478OCR.png,Doc1478OCR,1,GT,68,Kommentar til skriftene forøvrig,"Ginsburg, Christian D.","Coheleth, ... The book of Ecclesiastes: Transl. ..., with a commentary ...",1861,London,,Christian D. Ginsburg,London,London,51.5074,-0.1278
385,Doc0196OCR.png,Doc0196OCR,1,PT,92,Annen oppbyggelseslitteratur,"Baxter, R(ichard)",Betragtning over de Helliges evige Hvile og de Ugudeliges evige Dom,1879,Bergen,,Richard Baxter,Bergen,Bergen,60.3913,5.3221
386,Doc2291OCR.png,Doc2291OCR,1,Li,50,Fransk litteratur,"Labiche, Eugene",Théatre complet. Avec une préf. par Émile Augier. T.1.,1879,Paris,,Eugene Labiche,Paris,Paris,48.8566,2.3522
387,Doc0558OCR.png,Doc0558OCR,1,NV,60,Botanikk,"Bonnier, Gaston",Végétaux,1887,Paris,,Gaston Bonnier,Paris,Paris,48.8566,2.3522
388,Doc3286OCR.png,Doc3286OCR,1,Li,40,Latinske klassikere,,Römische Prosaiker in neuen Uebers. Hg. von C.N.V. Osiander und G.Schwab. B.11. 230-36. i. 1 B. Stuttg. 1863-66.,,Stuttg.,,,Stuttgart,Stuttgart,48.7758,9.1829
389,Doc3286OCR.png,Doc3286OCR,2,Li,40,Latinske klassikere,Marcus Tullius Cicero,Der Redner,1866,,,Marcus Tullius Cicero,,,,
390,Doc3286OCR.png,Doc3286OCR,3,Li,40,Latinske klassikere,Marcus Fabius Quintilianus,Anleitung zur Beredsamkeit,1863,,,Marcus Fabius Quintilianus,,,,
391,Doc2754OCR.png,Doc2754OCR,1,KH,70,Kirkehistoriske monografier,"Mühlhauser, Dr.","Staatskirche, Volkskirche, Freikirche. Ein Vortrag ... 2. Abdr. Barmen 1869.",1869,Barmen,,Dr. Mühlhauser,Barmen,Barmen,51.2417,7.1697
392,Doc2754OCR.png,Doc2754OCR,2,KH,70,Kirkehistoriske monografier,Platon,"Timæos., overs. af det Græske og oplyst ved Anm. af C.J.Heise. Kbh. 1855.",1855,Kbh.,,Plato,Copenhagen,Copenhagen,55.6761,12.5683
393,Doc1191OCR.png,Doc1191OCR,1,Et,20,Sosiologi,"Engelbrethsen, P.",Edison.,1897,Kra.,,P. Engelbrethsen,Kristiania,Oslo,59.9139,10.7522
394,Doc1455OCR.png,Doc1455OCR,1,KH,,,,Geilomøte 5. 1919. Referat,1919,Kra.,,,Kristiania,Oslo,59.9139,10.7522
395,Doc3822OCR.png,Doc3822OCR,1,ST,50,Apologetikk,"Tholuck, A(ugust)",Der sittliche Charakter des Heidenthums,1867,Gotha,3. verb. Aufl.,August Tholuck,Gotha,Gotha,50.9461,10.7022
396,Doc3521OCR.png,Doc3521OCR,1,Va,20,?,"Smiles, Samuel",Selvhjælp,1877,Kra.,,Samuel Smiles,Kristiania,Oslo,59.9139,10.7522
397,Doc3521OCR.png,Doc3521OCR,2,Va,20,?,"Franzos, Karl Emil",Jøder og Slaver,1889,Kbh.,,Karl Emil Franzos,København,Copenhagen,55.6761,12.5683
398,Doc3522OCR.png,Doc3522OCR,1,MV,121,Misjon og kirke i Kina,"Smith, Arthur H.",China vaagner !,,Kolding,2 ekspl.,Arthur H. Smith,Kolding,Kolding,55.4904,9.4722
399,Doc0761OCR.png,Doc0761OCR,1,MV,,,"Casalis, E(ugene)",The Basutos; or twenty-three years in South Africa,1861,London,,Eugene Casalis,London,London,51.5074,-0.1278
400,Doc1355OCR.png,Doc1355OCR,1,PT,92,Annen oppbyggelseslitteratur,Forstmann,"Fredens Budskap ... Udvalgte Stykker af (hans) Prædikener ... til hver Dag i Aaret, overs. af J. Begtrup",1850,Haderslev,,Forstmann,Haderslev,Haderslev,55.2511,9.4891
401,Doc3891OCR.png,Doc3891OCR,1,Hi,10,Politisk historie og kulturhistorie,(Tyskland),Den tyske Hvid-Bog ... angaaende Krigens Udbrud,1914,Kbh. Kra.,,Germany,København Kristiania,Copenhagen Oslo,55.6761,10.7522
402,Doc4012OCR.png,Doc4012OCR,1,SV,20,Indogermanske språk [-> Indoeuropeiske språk],"Wackernagel, Wilhelm",Kleineres altdeutsches Lesebuch,1880,Basel,2. Aufl.,Wilhelm Wackernagel,Basel,Basel,47.5596,7.5886
403,Doc0207OCR.png,Doc0207OCR,1,KH,,,Beda (Venerabilis),Angler-Folkets Kirkehistorie,1864,Kbh.,,Beda Venerabilis,København,Copenhagen,55.6761,12.5683
404,Doc3313OCR.png,Doc3313OCR,1,PT,60,Kateketikk og pedagogikk,"Sandberg, Fredrik",Små-skolan... 5. Pedagogiska anvisningar.,1874,Sth.,,"Sandberg, Fredrik",Sth.,Stockholm,59.3293,18.0686
405,Doc0333OCR.png,Doc0333OCR,1,GT,60,Kommentarverk til hele GT,,Bibelen med Forklaringer.,1890,Kra.,,,Kra.,Oslo,59.9139,10.7522
406,Doc2821OCR.png,Doc2821OCR,1,Et,30,Norsk etnologi,"Nielsen, Fredrik",Det nordiske Frimureri og Historien.,1882,Kbh.,,"Nielsen, Fredrik",Kbh.,Copenhagen,55.6761,12.5683
407,Doc2821OCR.png,Doc2821OCR,2,Et,30,Norsk etnologi,"Nielsen, Fredrik",Frimureriets Basis. Et Svar til Hr. Missionær L.O. Skrefsrud.,1883,Kbh.,,"Nielsen, Fredrik",Kbh.,Copenhagen,55.6761,12.5683
408,Doc2263OCR.png,Doc2263OCR,1,PT,94,Lærebøker i kristendomskunnskap,"Kurtz, Joh(ann) Heinr(ich)",Den hellige Historie. En Veiviser til Brug ved Bibellæsning og Undervisning... Udg. af Carl Ebeling.,1860,Kbh.,2. Udg.,"Kurtz, Johann Heinrich",Kbh.,Copenhagen,55.6761,12.5683
409,Doc0124OCR.png,Doc0124OCR,1,KH,,,"Aubert, (Vilhelm)",Biskop Bangs Erindringer. Hvorledes Memoirer ikke bør være.,1909,Kra.,,"Aubert, Vilhelm",Kra.,Oslo,59.9139,10.7522
410,Doc2130OCR.png,Doc2130OCR,1,Jød,40,Rabbinismen,"Kimchi, David ben Josef",Radicum liber sive Hebraeum bibliorum lexicon. Ed. Jo. H.R. Biesenthal et F. Lebrecht.,1847,Berl.,,"Kimchi, David ben Josef",Berl.,Berlin,52.52,13.405
411,Doc1860OCR.png,Doc1860OCR,1,Et,30,Norsk etnologi,"Holst, Paul Christian",Efterladte Optegnelser om (hans) Liv og ... Samtid udg. af den Norske historiske Forening.,1876,Chra.,,"Holst, Paul Christian",Chra.,Oslo,59.9139,10.7522
412,Doc3955OCR.png,Doc3955OCR,1,MV,138,Misjon og kirke på Madagaskar,"Vig, L(ars)",Ny Tantaran' ny Firenena Samihafa.,1886,Antan.,,"Vig, Lars",Antan.,Antananarivo,-18.8792,47.5079
413,Doc3955OCR.png,Doc3955OCR,2,MV,138,Misjon og kirke på Madagaskar,"Vig, L(ars)",Ny Tantaran' ny Firenena Samihafa.,1895,Antan.,,"Vig, Lars",Antan.,Antananarivo,-18.8792,47.5079
414,Doc3111OCR.png,Doc3111OCR,1,Li,30,Greske klassikere,Polybios,Geschichten,1863,Stuttg.,B.1-14.,Polybios,Stuttg.,Stuttgart,48.7758,9.1829
415,Doc0459OCR.png,Doc0459OCR,1,NT,10,Tekstutgaver og oversettelser,,Bibelen. Det nye Testamente.,1899,Kra.,Ny gjennoms. Utg.,,Kra.,Oslo,59.9139,10.7522
416,Doc3358OCR.png,Doc3358OCR,1,Ge,30,Norsk geografi,"Schjøth, H(ans)",Skolekart over Norge,1891,Chra.,4. udg.,"Schjøth, Hans",Chra.,Oslo,59.9139,10.7522
417,Doc3232OCR.png,Doc3232OCR,1,KH,100,Andre europeiske lands kirkehistorie,"Robertson, Alexander",The Roman catholic church in Italy.,1910,London,6th ed.,"Robertson, Alexander",London,London,51.5074,-0.1278
418,Doc0668OCR.png,Doc0668OCR,1,ST,,,"Bugge, Chr(istian) A(ugust)",Daab og Barnedaab efter Skrift og Kirkelære.,1905,Kra.,,"Bugge, Christian August",Kra.,Oslo,59.9139,10.7522
419,Doc3187OCR.png,Doc3187OCR,1,Jød;RV,40,,"Redslob, Gustav Moritz",Die kanonischen Evangelien als geheime kanonische Gesetzgebung ...,1869,Lpz.,,"Redslob, Gustav Moritz",Lpz.,Leipzig,51.3397,12.3731
420,Doc3187OCR.png,Doc3187OCR,2,Jød;RV,40,,"Philippson, Ludwig",Weltbewegende Fragen ....,1869,Lpz.,,"Philippson, Ludwig",Lpz.,Leipzig,51.3397,12.3731
421,Doc1583OCR.png,Doc1583OCR,1,ST,50,Apologetikk,"Greve, Jens",Om troen. Dens betydning for det menneskelige aandliv.,1912,Kra.,,"Greve, Jens",Kra.,Oslo,59.9139,10.7522
422,Doc2797OCR.png,Doc2797OCR,1,NT,,,"Neander, Augustus",The life of Jesus Christ ...,1857,London,Transl. from the 4th German Ed.,"Neander, Augustus",London,London,51.5074,-0.1278
423,Doc1928OCR.png,Doc1928OCR,1,PT,92,Annen oppbyggelseslitteratur,"L. Overs., fra tysk af Harald Bjerke",Hvor er lykken? En samling gammelt og nyt,1896,Chra.,,"L. Overs., fra tysk af Harald Bjerke",Chra.,Oslo,59.9139,10.7522
424,Doc2102OCR.png,Doc2102OCR,1,Le,,,"Kaper, J.",Tysk-Dansk-Norsk Haand-Ordbog,1885,Kbh.,2. forb. Udg.,"Kaper, J.",Kbh.,Copenhagen,55.6761,12.5683
425,Doc3397OCR.png,Doc3397OCR,1,SV,20,Indogermanske språk [-> Indoeuropeiske språk],"Schreiner, E.",Latinsk Sproglære til Skolebrug,1885,Kra.,3 dje Udgave,"Schreiner, E.",Kra.,Oslo,59.9139,10.7522
426,Doc2323OCR.png,Doc2323OCR,1,Ge,30,Norsk geografi,"Lassen, Albert",Kortfattet Geographisk-statistisk Beskrivelse over Kongeriget Norge i Middelalderen indtil den calmarske Union,1845,Chra.,,"Lassen, Albert",Chra.,Oslo,59.9139,10.7522
427,Doc2228OCR.png,Doc2228OCR,1,PT,92,Annen oppbyggelseslitteratur,"Kraft, E.",Et godt Ord til hver Dag i Aaret. Ny Samling,1890,Kbh.,,"Kraft, E.",Kbh.,Copenhagen,55.6761,12.5683
428,Doc1169OCR.png,Doc1169OCR,1,RV,106,,"Eitrem, S.",Beiträge zur griechischen Religionsgeschichte,1919,Kra.,,"Eitrem, S.",Kra.,Oslo,59.9139,10.7522
429,Doc1136OCR.png,Doc1136OCR,1,NV,70,Medisin og helse,"Ebell, B(endif)",Dementia praecox,1919,,,"Ebell, B(endif)",,,,
430,Doc3034OCR.png,Doc3034OCR,1,ST,50,Apologetikk,"Petersen, Fredrik",Religion og videnskab. Foredrag,1893,Kra.,,"Petersen, Fredrik",Kra.,Oslo,59.9139,10.7522
431,Doc3034OCR.png,Doc3034OCR,2,ST,50,Apologetikk,"Petersen, Fredrik",Fritænkerne og kristentroens moralske værdi,1891,Kra.,,"Petersen, Fredrik",Kra.,Oslo,59.9139,10.7522
432,Doc1527OCR.png,Doc1527OCR,1,ST,,,"Grau, Rudolf Friedrich",Semiten und Indogermanen in ihrer Beziehung zu Religion und Wissenschaft. Eine Apologie des Christenthums.,1864,Stuttg.,,"Grau, Rudolf Friedrich",Stuttgart,Stuttgart,48.7758,9.1829
433,Doc2594OCR.png,Doc2594OCR,1,PT,92,Annen oppbyggelseslitteratur,"Matheson, George",Alene paa bjerget. Paa norsk ved Chr. Vetlesen,1901,Kra.,,"Matheson, George",Kristiania,Oslo,59.9139,10.7522
434,Doc0507OCR.png,Doc0507OCR,1,RV,90,Kinesiske religioner/filosofi,"Bjornstjerna, M.","Om hinduernas théogoni, philosophi och kosmogoni.",1843,Sth.,,"Bjornstjerna, M.",Stockholm,Stockholm,59.3293,18.0686
435,Doc0162OCR.png,Doc0162OCR,1,KH,,,"Bang, Anton Christian",Den norske kirkes historie.,1912,Kra.,,"Bang, Anton Christian",Kristiania,Oslo,59.9139,10.7522
436,Doc1576OCR.png,Doc1576OCR,1,ST,,,"Gregory, Olinthus","Letters on the evidences, doctrines, and duties of Christianity. N. ed.",1866,London,N. ed.,"Gregory, Olinthus",London,London,51.5074,-0.1278
437,Doc3169OCR.png,Doc3169OCR,1,GT,64,Kommentar til profetbøkene,"Raleigh, Alexander",The story of Jonah the prophet.,1867,Edinb.,,"Raleigh, Alexander",Edinburgh,Edinburgh,55.9533,-3.1883
438,Doc3241OCR.png,Doc3241OCR,1,NT,,,"Robinson, Edward",A Greek and English lexicon of The New Testament. N.ed. rev.,1868,London,N.ed. rev.,"Robinson, Edward",London,London,51.5074,-0.1278
439,Doc1066OCR.png,Doc1066OCR,1,SV,20,Indogermanske språk [-> Indoeuropeiske språk],"Diez, Friedrich",Grammatik der romanischen Sprachen. 5. Aufl. T. 1-3.,1882,Bonn,5. Aufl. T. 1-3.,"Diez, Friedrich",Bonn,Bonn,50.7374,7.0982
440,Doc0296OCR.png,Doc0296OCR,1,GT,10,Tekstutgaver og oversettelser,Carol. Godofr. Guiliemus Theile,Bibelen. GT. Jesaja hebr. Vaticinia Jesaiae,1851,Lips,Ed. ster.,Carolus Godofridus Guilielmus Theile,Lips,Leipzig,51.3397,12.3731
441,Doc3339OCR.png,Doc3339OCR,1,ST,50,Apologetikk,"Schanz, P(aul)",Uber neue Versuche der Apologetik gegenüber dem Naturalismus und Spiritualismus,1897,Regensb,,Paul Schanz,Regensb,Regensburg,49.0134,12.1016
442,Doc3300OCR.png,Doc3300OCR,1,Li,80,Norrøn og nordisk litteratur,Karl L. Sommerfelt,Njåls Saga overs.,1871,Kra,,Karl L. Sommerfelt,Kra,Oslo,59.9139,10.7522
443,Doc0609OCR.png,Doc0609OCR,1,MV,138,Misjon og kirke på Madagaskar,"Bring, J(ohan) C(hristian)",Teny Fampieritreretana ho an' ny olona rehetra indrià fa ny marary,1913,Tanan,,Johan Christian Bring,Tanan,Antananarivo,-18.8792,47.5079
444,Doc1656OCR.png,Doc1656OCR,1,KH,,,"Hamberger, Julius, Hj",Stimmen aus dem Heiligtum der christlichen Mystik und Theosophie,1857,Stuttg,,Julius Hamberger,Stuttg,Stuttgart,48.7758,9.1829
445,Doc1084OCR.png,Doc1084OCR,1,MV,10,Misjonsteori – allment,"Dons, Henny",En Missionsstudiekreds. Hvad den er og hvad den vil,1911,Norheimsund,,Henny Dons,Norheimsund,Norheimsund,60.3704,6.1461
446,Doc0550OCR.png,Doc0550OCR,1,KH,,,"Bonnet, Jules",Aonio Paleario. Eine Studie über die Reformation in Italien,1863,Hamb,,Jules Bonnet,Hamb,Hamburg,53.5511,9.9937
447,Doc2043OCR.png,Doc2043OCR,1,ST,,,"Johnson, Gisle Christian",Grundrids af den systematiske Theologi,1881,Chra,S.1-256,Gisle Christian Johnson,Chra,Oslo,59.9139,10.7522
448,Doc2043OCR.png,Doc2043OCR,2,ST,,,,,1885,Chra,2. Opl. S.1-272,,Chra,Oslo,59.9139,10.7522
449,Doc4019OCR.png,Doc4019OCR,1,MV,138,Misjon og kirke på Madagaskar,"Walen, A(rne)","Hevi-Teny amy ny Salamo dimy amby roapolo voafantina (Fortolkning til Salmenes bok, - 25 utvalgte salmer -) (Fizarana I.) (1. del.)",1892,Antananarivo,,Arne Walen,Antananarivo,Antananarivo,-18.8792,47.5079
450,Doc0875OCR.png,Doc0875OCR,1,Li,50,Fransk litteratur,"Corneille, P(ierre)",Polyeucte. Tragédie. Nouv. éd. ... par J. Favre. 2 e éd. rev.,1882,Paris,2 e éd. rev.,Pierre Corneille,Paris,Paris,48.8566,2.3522
451,Doc0746OCR.png,Doc0746OCR,1,MV,,,"Cappelen, Jørgen W.",se Det evangeliske Missionsværks Fremgang fornemmelig i de sidste 25 Aar.,1826,Kbh.,,Jørgen W. Cappelen,København,Copenhagen,55.6761,12.5683
452,Doc3524OCR.png,Doc3524OCR,1,ST,50,Apologetikk,"Smyth, J. Paterson",Evangeliet om det hinsidige. Overs. av Edward Hambro. 1. opl.,1918,Kra.,1. opl.,J. Paterson Smyth,Kristiania,Oslo,59.9139,10.7522
453,Doc1265OCR.png,Doc1265OCR,1,GT,70,Gammeltestamentlig bibelteologi og religionshistorie,"Fairbairn, Patrick",Prophecy ... 2nd ed.,1865,Edinb.,2nd ed.,Patrick Fairbairn,Edinburgh,Edinburgh,55.9533,-3.1883
454,Doc1343OCR.png,Doc1343OCR,1,MV,138,Misjon og kirke på Madagaskar,,Ny Fomba amy ny fivavahana maraina. U.s.u.å.,,,,,,,,
455,Doc3308OCR.png,Doc3308OCR,1,PT,80,Hymnologi og kirkemusikk,,Salmer og tekster til mindegudstjenester ved hundreaarsjubilæet ... 1914 utg. ... av Kirke-og Undervisnings-departementet.,1913,Kra.,2 eks.,,Kristiania,Oslo,59.9139,10.7522
456,Doc2169OCR.png,Doc2169OCR,1,KH,,,"Klaveness, Th(or)v(ald)",Var dommen over dr. Ording en retfærdig dom. Foredrag.,1904,Kra.,,Thorvald Klaveness,Kristiania,Oslo,59.9139,10.7522
457,Doc1670OCR.png,Doc1670OCR,1,PT,80,Hymnologi og kirkemusikk,"Hansen, A.L.",Toner fra Zion. En samling evangelisk-lutherske sange,1889,Kra.,,"Hansen, A. L.",Kra.,Oslo,59.9127,10.7461
458,Doc2726OCR.png,Doc2726OCR,1,PT,92,Annen oppbyggelseslitteratur,"Mott, John R.",Jesus Kristus - en Virkelighed,1909,Kbh.,3. Opl.,"Mott, John R.",Kbh.,Copenhagen,55.6761,12.5683
459,Doc3934OCR.png,Doc3934OCR,1,MV,30,Misjonshistorie,"Vahl, J(ens)",Lærebog i Den evangeliske Missionshistorie,1897,Kbh.,,"Vahl, Jens",Kbh.,Copenhagen,55.6761,12.5683
460,Doc0222OCR.png,Doc0222OCR,1,SV,20,Indogermanske språk [-> Indoeuropeiske språk],"Benfey, Theodore",A Sanskrit-English dictionary,1866,London,,"Benfey, Theodore",London,London,51.5074,-0.1278
461,Doc0563OCR.png,Doc0563OCR,1,MV,138,Misjon og kirke på Madagaskar,"Borchgrevink, Chr(istian)",Fire Foredrag om de sidste Begivenheder paa Madagascar,1900,"Chicago, Ill.",,"Borchgrevink, Christian","Chicago, Ill.",Chicago,41.8781,-87.6298
462,Doc3454OCR.png,Doc3454OCR,1,NT,59,Kommentar til Johannes Åpenbaring,"Seitz, Johann Christian",Apocalypsis luce & veritate neutiquam destinuta,1721,Amst.,,"Seitz, Johann Christian",Amst.,Amsterdam,52.3676,4.9041
463,Doc3454OCR.png,Doc3454OCR,2,NT,59,Kommentar til Johannes Åpenbaring,"Pocock, Eduard",Commentarius in prophetias Joelis,1695,Lips.,,"Pocock, Eduard",Lips.,Leipzig,51.3397,12.3731
464,Doc4134OCR.png,Doc4134OCR,1,Li,70,Tysk litteratur,"Wollif, O.L.B.",Poetischer Hausschatz des deutschen Volkes. Sammlung deutscher Gedichte,1844,Lpz.,6. Aufl.,"Wollif, O. L. B.",Lpz.,Leipzig,51.3397,12.3731
465,Doc1758OCR.png,Doc1758OCR,1,NV,10,Naturvitenskap – allment,"Henrichsen, Sophus",Lærebog i fysisk Geografi,1877,Kra.,,"Henrichsen, Sophus",Kra.,Oslo,59.9127,10.7461
466,Doc0329OCR.png,Doc0329OCR,1,GT,10,Tekstutgaver og oversettelser,,"Bibelen. G.T. Dom. Syrisk. Libri Judicum et Ruth secundum versionem Syriaco-Hexaplarem ... ed. Graece translati ... Fasc.1. vontinens Lib. Jud.cap.1-5. Specimen Philologicum, quod cum dissertatione praemissa de Regulis grammaticis, quas secutas est Paulus Tellensis in Veteri testamento ... Syriace vertendo ... defendere conabitur Thomas Skat Rørdam.",1854,Havnia,,,Havnia,Copenhagen,55.6761,12.5683
467,Doc0206OCR.png,Doc0206OCR,1,NV,30,Fysikk,"Beckett, Edmund",On the origin of the laws of natur.,1880,London,2'nd ed. enl.,Edmund Beckett,London,London,51.5074,-0.1278
468,Doc3664OCR.png,Doc3664OCR,1,Jød,40,Rabbinismen,"Strack, Hermann L.",Einleitung in den Talmud.,1887,Lpz.,,Hermann L. Strack,Lpz.,Leipzig,51.3397,12.3731
469,Doc2614OCR.png,Doc2614OCR,1,SV,20,Indogermanske språk [-> Indoeuropeiske språk],"Meissner, Karl",Lateinische Phraseologie ...,1882,Lpz.,3. Aufl.,Karl Meissner,Lpz.,Leipzig,51.3397,12.3731
470,Doc0073OCR.png,Doc0073OCR,1,MV,122,Misjon og kirke i India,"Andersen, P.",Erindringer fra Indien. En Rejse i Oksevogn.,1893,Kbh.,,P. Andersen,Kbh.,Copenhagen,55.6761,12.5683
471,Doc2196OCR.png,Doc2196OCR,1,MV,158,,"Koest, Ch.",Paoly apostoly.,1913,Tanan.,,Ch. Koest,Tanan.,Antananarivo,,
472,Doc0928OCR.png,Doc0928OCR,1,PT,92,Annen oppbyggelseslitteratur,"Dahl, N(iels) A(lstrup)",Blade fra Bjergene.,1887,Kra.,,Niels Alstrup Dahl,Kra.,Oslo,59.9139,10.7522
473,Doc0928OCR.png,Doc0928OCR,2,PT,92,Annen oppbyggelseslitteratur,,Tillæg.,1897,Kra.,,,Kra.,Oslo,59.9139,10.7522
474,Doc4163OCR.png,Doc4163OCR,1,PT,,,"Zedlitz und Neukirch, Anna von",Tjenende Kjærlighed. Tanker om Sygepleie. Overs. fra tysk ved Th.Dahl.,1909,Kra.,,Anna von Zedlitz und Neukirch,Kra.,Oslo,59.9139,10.7522
475,Doc0817OCR.png,Doc0817OCR,1,KH,30,"Oldkirkens kirkehistorie, patristikk","Chrysostomos, Ioannes",Selecta. Græce et Latine,1827,Lugd. Bat.,Vol. 1,"Chrysostomos, Ioannes",Lugd. Bat.,Leiden,52.1601,4.497
476,Doc4172OCR.png,Doc4172OCR,1,Li,50,Fransk litteratur,"Zola, Emile",Germinal,1895,Paris,99 e mille,"Zola, Emile",Paris,Paris,48.8566,2.3522
477,Doc1906OCR.png,Doc1906OCR,1,MV,121,Misjon og kirke i Kina,"House, Herbert E.",The tragedy and the imperative of Christian education in China,,N.Y.,2.nd rev. ed.,"House, Herbert E.",N.Y.,New York,40.7128,-74.006
478,Doc3139OCR.png,Doc3139OCR,1,MV,90,Misjonærbiografier,"Prout, Ebenezer",Memoirs of the Life of John Williams,1846,London,,"Prout, Ebenezer",London,London,51.5074,-0.1278
479,Doc2493OCR.png,Doc2493OCR,1,MV,70,Nordisk misjon - selskap utenfor Norge,"Løgstrup, T(heodor)",Det kirkelige Missionsselskabs hundred-Aarsfest,1899,Kbh.,nr. 1,"Løgstrup, Theodor",Kbh.,Copenhagen,55.6761,12.5683
480,Doc3290OCR.png,Doc3290OCR,1,PT,92,Annen oppbyggelseslitteratur,,Råd og trøst af livets erfaringer,1899,Kra.,3.opl,,Kra.,Kristiania (Oslo),59.9139,10.7522
481,Doc1745OCR.png,Doc1745OCR,1,KH,110,Nord-Amerikas kirkehistorie,"Helland, Andreas",Den lutherske frikirke og dens fællegjøremaal,1914,"Minneapolis, Minn.",,"Helland, Andreas","Minneapolis, Minn.",Minneapolis,44.9778,-93.265
482,Doc0142OCR.png,Doc0142OCR,1,KH,,,"Backer, H.",Spiritismen og vor kristentro,1899,Horten,2 ekspl.,"Backer, H.",Horten,Horten,59.4177,10.4834
483,Doc3705OCR.png,Doc3705OCR,1,MV,70,Nordisk misjon - selskap utenfor Norge,,Svenska kyrkan missionsarbetare 1876-1916. Porträttalbum.,1917,Upps.,,,Upps.,Uppsala,59.8586,17.6389
484,Doc1609OCR.png,Doc1609OCR,1,NV,10,Naturvitenskap – allment,"Haffner, Einar",Lærebog i fysisk geografi,1900,Kra.,2. omarb. udg.,"Haffner, Einar",Kra.,Oslo,59.9139,10.7522
485,Doc1609OCR.png,Doc1609OCR,2,NV,10,Naturvitenskap – allment,"Haffner, Einar",Lærebog i fysisk geografi,1903,Kra.,4. udg.,"Haffner, Einar",Kra.,Oslo,59.9139,10.7522
486,Doc0088OCR.png,Doc0088OCR,1,MV,121,Misjon og kirke i Kina,"Anshelm, Carl",Vårt första missionsförsök i Kina,1919,Stvg.,2 ekspl.,"Anshelm, Carl",Stvg.,Stavanger,58.9699756,5.7331073
487,Doc2636OCR.png,Doc2636OCR,1,ST,15,Filosofihistorie,"Messer, August",Die Philosophie der Gegenwart,1916,Lpz.,,"Messer, August",Lpz.,Leipzig,51.3397,12.3731
488,Doc1260OCR.png,Doc1260OCR,1,SV,30,Semittiske språk,"Ewald, Heinrich",Sprachwissenschaftliche Abhandlungen,1861,Gött.,2 H-i. 1 B.,"Ewald, Heinrich",Gött.,Göttingen,51.5413,9.9158
489,Doc2283OCR.png,Doc2283OCR,1,GT,70,Gammeltestamentlig bibelteologi og religionshistorie,"König, Eduard",Neueste Prinzipien der alttestamentlichen Kritik geprüft,1902,Berlin,,"König, Eduard",Berlin,Berlin,52.52,13.405
490,Doc1861OCR.png,Doc1861OCR,1,NV,30,Fysikk,"Holt, Aug(ust)",Fysikopgaver for gymnasiet,1903,Kra.,,"Holt, August",Kra.,Oslo,59.9139,10.7522
491,Doc3894OCR.png,Doc3894OCR,1,SV,20,Indogermanske språk [-> Indoeuropeiske språk],"Tømmessen, S(øren) Juell",Norsk grammatik med stiløvelser,1895,Kra.,2. opl.,"Tømmessen, Søren Juell",Kra.,Oslo,59.9139,10.7522
492,Doc4123OCR.png,Doc4123OCR,1,Le,30,Teologiske leksika og encyclopedier,"Winer, Georg Benedict",Handbuch der theologischen Literatur ... nebst kurzen biographischen Notizen ...,1838,Lpz.,3. erw. Aufl. B.1-2. + Ergz.h.,"Winer, Georg Benedict",Lpz.,Leipzig,51.3397,12.3731
493,Doc0712OCR.png,Doc0712OCR,1,Jød,40,Rabbinismen,"Buxtorf, Johannes; jun.","Tractatus de punctorum vocalium et accentuum, in libris Veteris testamenti Hebraicis, origine, antiquitate & authoritate.",1648,Basilea,,"Buxtorf, Johannes; jun.",Basilea,Basel,47.5596,7.5886
494,Doc2468OCR.png,Doc2468OCR,1,GT,20,"Ordbøker, konkordanser og grammatikker","Luzzatto, Samuel David",Grammatik der biblisch-chaldäischen Sprache und des Idioms des Thalmud Babli. Ubers. und mit Anm. hg. von Marcus Salomon Krüger.,1873,Breslau,,"Luzzatto, Samuel David",Breslau,Wrocław,51.1079,17.0385
495,Doc1592OCR.png,Doc1592OCR,1,MV,138,Misjon og kirke på Madagaskar,"Grove-Rasmussen, A(ndreas) C(hristian) L(udvig)",Madagaskar.,1884,Kbh.,,"Grove-Rasmussen, Andreas Christian Ludvig",Kbh.,Copenhagen,55.6761,12.5683
496,Doc0087OCR.png,Doc0087OCR,1,MV,122,Misjon og kirke i India,"Anshelm, Carl",En nationellt-kyrklig hederssak.,1917,Upps.,,"Anshelm, Carl",Upps.,Uppsala,59.8586,17.6389
497,Doc3191OCR.png,Doc3191OCR,1,PT,92,Annen oppbyggelseslitteratur,"Reid, William",The blood of Jesus.,1862,London,,"Reid, William",London,London,51.5074,-0.1278
498,Doc0305OCR.png,Doc0305OCR,1,Jød,40,Rabbinismen,"(Philippson, Ludwig)","Bibel. G.T. Hebraisk - Tysk. Die Israelitische Bibel. Enthaltend: Den heiligen Urtext, die deutsche Uebertragung, die allgemeine, ausführliche Erläuterung ... 2. Ausg.",1858,Lpz.,2. Ausg. 3 T. i 5 b.,"Philippson, Ludwig",Lpz.,Leipzig,51.3397,12.3731
499,Doc3481OCR.png,Doc3481OCR,1,NV,50,Zoologi,"Siebke, H(einrich)",Kortfattet Lærebog i Dyrerigets Naturhistorie ...,1863,Chra.,3. Opl.,"Siebke, Heinrich",Chra.,Oslo,59.9139,10.7522
500,Doc3322OCR.png,Doc3322OCR,1,MV,70,Nordisk misjon - selskap utenfor Norge,,"Santalmissionen. Utg. Referat av forhandlingerne ved (dens) Landsmøte i Kra. 23.-25. august 1908. Tillæg til ""Santalen"" nr. 9. 1908.",1908,Kra.,,,Kra.,Oslo,59.9139,10.7522
501,Doc1111OCR.png,Doc1111OCR,1,Hi,10,Politisk historie og kulturhistorie,"Duruy, Victor",Histoire de France. Nouv. éd.,1881,Paris,Nouv. éd.,Victor Duruy,Paris,Paris,48.8566,2.3522
502,Doc1631OCR.png,Doc1631OCR,1,Ge,,,"Hall, Birger","Fra Østen. Reiseerindringer fra Ægypten, Syrien og Palæstina.",1888,Kra.,,Birger Hall,Kra.,Oslo,59.9139,10.7522
503,Doc1631OCR.png,Doc1631OCR,2,Ge,,,"Koren, Wilhelm Fr.",Reiseindtryk og Skildringer fra det hellige Land.,1882,Kra.,,Wilhelm Fr. Koren,Kra.,Oslo,59.9139,10.7522
504,Doc2235OCR.png,Doc2235OCR,1,ST,,,"Krarup, F.C.",Hvor er Underkraften begrundet?,1889,Kbh.,,F.C. Krarup,Kbh.,Copenhagen,55.6761,12.5683
505,Doc1895OCR.png,Doc1895OCR,1,Et,20,Sosiologi,"Horn, Fr(edrik) Winkel","Mennesket i den forhistoriske Tid. Populære Skildringer ... Efter de nyeste ... Kilder, navnli Lubbock's ""Prehistoric times""",1874,Kbh.,,Frederik Winkel Horn,Kbh.,Copenhagen,55.6761,12.5683
506,Doc2799OCR.png,Doc2799OCR,1,ST,,,"(Neander, August ?)",Was soll ich zur Beruhigung meiner Seele glauben von der Person Jesu ??,1826,Berlin,,August Neander,Berlin,Berlin,52.52,13.405
507,Doc1870OCR.png,Doc1870OCR,1,Li,30,Greske klassikere,Homer(os),Odyssee. Für den Schulgebrauch erkl. von Karl Friedrich Ameis. B.1.H.1. Gesang 1-6. 6. verm. Aufl. besorgt von C. Hentze.,1874,Lpz.,6. verm. Aufl.,Homer,Lpz.,Leipzig,51.3397,12.3731
508,Doc1503OCR.png,Doc1503OCR,1,PT,92,Annen oppbyggelseslitteratur,"Goderstad, Lars",Retfærdiggjørelsen af Troen.,1912,Bergen,,Lars Goderstad,Bergen,Bergen,60.39299,5.32415
509,Doc3970OCR.png,Doc3970OCR,1,RV,60,Islam,Visnusarman,De ældste indiske Æventyr og Fabler eller Fembogen. Et Uddrag af Pantjatanta. Overs. efter Grundteksten af Harald Rasmussen.,1893,Kbh.,,Visnusarman,Kbh.,Copenhagen,55.6761,12.5683
510,Doc0308OCR.png,Doc0308OCR,1,GT,10,Tekstutgaver og oversettelser,,"Bibelen. G.T. Latin. Biblia sacra Latina Veteris Testamenti Hieronymo interprete ... Ed. instituit Theodorus Heyse, ad finem perduxit Constantinus de Tischendorf.",1873,Lips.,,,Lips.,Leipzig,51.3397,12.3731
511,Doc2598OCR.png,Doc2598OCR,1,MV,90,Misjonærbiografier,Matthissen,Christian Gottlieb Weigeb.,1879,Basel,,Matthissen,Basel,Basel,47.5596,7.5886
512,Doc0658OCR.png,Doc0658OCR,1,KH,,,"Coad, F. Roy","A History of the Brethren Movement. Its Origin, its Worldwide Development and its Significance for the Present Day.",1968,Lond.,,"Coad, F. Roy",Lond.,London,51.5074,-0.1278
513,Doc2562OCR.png,Doc2562OCR,1,Jød,40,Rabbinismen,Manasseh ben Israel,The concilator; a reconcilement of the apparent contradictions in Holy Scripture ... (transl.) by E.H. Lindo.,,London,,Manasseh ben Israel,London,London,51.5074,-0.1278
514,Doc1664OCR.png,Doc1664OCR,1,GT,50,Den nære orients arkeologi,Hammurabi,Die Gesetze Hammurabis Königs von Babylon um 2250 v.Chr. Übers. von Hugo Winckler.,1903,Lpz.,,Hammurabi,Lpz.,Leipzig,51.3397,12.3731
515,Doc3928OCR.png,Doc3928OCR,1,ST,50,Apologetikk,"Ussing, Henry",Kampen mellem Tro og Vantro i vore Dage. Apologetisk Foredrag.,1891,Kbh.,,"Ussing, Henry",Kbh.,Copenhagen,55.6761,12.5683
516,Doc4092OCR.png,Doc4092OCR,1,GT,,,"White, Frank H.",Christ in the Tabernacle: ... 7.ed.,1887,London,7.ed.,"White, Frank H.",London,London,51.5074,-0.1278
517,Doc1634OCR.png,Doc1634OCR,1,KH,20,"Almenn kirkehistorie, helhetsfremstillinger","Hall, Birger",Kirkehistorie for folket. D. 1-3.,1892,Kra.,I 2 b.,Birger Hall,Kristiania,Oslo,59.9139,10.7522
518,Doc2991OCR.png,Doc2991OCR,1,SV,10,Språkvitenskap – allment,"Passy, Paul",The principles of the international phonetic association. Editors Paul Passy (and) Daniel Jones.,1912,Bourg-la-Reine (Seine),,Paul Passy,Bourg-la-Reine,Bourg-la-Reine,48.7715,2.3142
519,Doc1370OCR.png,Doc1370OCR,1,ST,35,Systematisk teologi – monografier,"Franz, A.",De Dødes Opstandelse. forts. deri. Frit overs. og forøg. af Chr. M. Kragballe.,1855,Kbh.,,A. Franz,København,Copenhagen,55.6761,12.5683
520,Doc1370OCR.png,Doc1370OCR,2,ST,35,Systematisk teologi – monografier,"Carstensen, N(i|e|l)s) F(rederik)",Den christne Kirkes og Bibelens Lære om Livet efter Døden.,1885,Kbh.,,Niels Frederik Carstensen,København,Copenhagen,55.6761,12.5683
521,Doc3243OCR.png,Doc3243OCR,1,Li,65,,"Rod, Edouard",Dante,1891,Paris,,Edouard Rod,Paris,Paris,48.8566,2.3522
522,Doc3243OCR.png,Doc3243OCR,2,Li,65,,"Darmesteter, James",Shakespeare,1892,Paris,,James Darmesteter,Paris,Paris,48.8566,2.3522
523,Doc1418OCR.png,Doc1418OCR,1,GT,20,"Ordbøker, konkordanser og grammatikker","Fürst, Julius",Librorum sacrorum Veteris Testamenti concordantiae Hebraicae atque Chaldaicae. Ed. ster.,1840,Lips.,,Julius Fürst,Lipsia,Leipzig,51.3397,12.3731
524,Doc2131OCR.png,Doc2131OCR,1,MV,121,Misjon og kirke i Kina,Kinas lutherske kirke,Forslag til konstitution for enkelt-menigheter.,1918,Stvg.,,Kinas lutherske kirke,Stavanger,Stavanger,58.9698,5.7331
525,Doc3484OCR.png,Doc3484OCR,1,Li,80,Norrøn og nordisk litteratur,"Sigbjørnus. Pseud. (Obstfelder, Sigbj.)",Heimskringlam edidit et emend.,1899,Chra.,,Sigbjørn Obstfelder,Christiania,Oslo,59.9139,10.7522
526,Doc1093OCR.png,Doc1093OCR,1,PT,,,"Dreyer, (Peder)",Gudstjenestens betydning for kristenlivet. Foredrag.,1914,Bergen,,Peder Dreyer,Bergen,Bergen,60.3913,5.3221
527,Doc0226OCR.png,Doc0226OCR,1,ST,,,"Benneche, Chr.",Tilværelsens Hemmelighed. En Studie.,1880,Kra.,,"Benneche, Christian",Kra.,Oslo,59.91,10.75
528,Doc1382OCR.png,Doc1382OCR,1,Jød,40,Rabbinismen,"Freystadt, M.",Philosophia cabbalistica et Pantheismus,1832,Regimontium Prussorum (Königsb.),,"Freystadt, M.",Regimontium Prussorum,Königsberg,54.7065,20.5108
529,Doc1060OCR.png,Doc1060OCR,1,SV,30,Semittiske språk,"Dieterici, Fr(iedrich)",Arabisch-deutsches Handwörterbuch zum Koran und Thier und Mensch.,1881,Lpz.,,"Dieterici, Friedrich",Lpz.,Leipzig,51.3397,12.3731
530,Doc0273OCR.png,Doc0273OCR,1,GT,10,Tekstutgaver og oversettelser,,Bibelen. Latin. Biblia sacra ex Sebastiani Castellionis interpretatione ... denue evulgata.,1729,Lips.,,,Lips.,Leipzig,51.3397,12.3731
531,Doc1553OCR.png,Doc1553OCR,1,PT,80,Hymnologi og kirkemusikk,"Guldberg, (Ove) Høegh","Psalmebog ... tilligemed Collecter, Epistler og Evangelier, Lidelses-Historien ... Af L. Harboe og Høegh Guldberg.",1864,Stvg.,,"Guldberg, Ove Høegh",Stvg.,Stavanger,58.97,5.73
532,Doc2761OCR.png,Doc2761OCR,1,RV,10,Religionshistorie,"Müller, F(riedrich) Max",Introduction to the science of religion,1873,London,,"Müller, Friedrich Max",London,London,51.5074,-0.1278
533,Doc0475OCR.png,Doc0475OCR,1,NT,10,Tekstutgaver og oversettelser,,Bibelen. N.T. Tysk. Das Neue Testament ... übers. und mit Anm. begleitet von Heinrich Wiese.,1905,Berlin,,,Berlin,Berlin,52.52,13.405
534,Doc0136OCR.png,Doc0136OCR,1,KH,30,"Oldkirkens kirkehistorie, patristikk","Augustinus, Aurelius","Omnium operum epitome, primum ... per Johannem Piscatorium ... collecta. Nunc ... aucta... per Johannem Pessellium Tylanum.",1542,Venatiae,,"Augustinus, Aurelius",Venetiae,Venice,45.4408,12.3155
535,Doc2972OCR.png,Doc2972OCR,1,ST,,,"Paley, William",Natural theology. Rev. to harmonize with modern science. By F. le Gros Clark.,1890,London,,William Paley,London,London,51.5074,-0.1278
536,Doc3795OCR.png,Doc3795OCR,1,ST,,,Tennemann,A manual of the history of philosophy. Transl. from the German by Arthur Johnson. Rev. enl. and continued by J. R. Morell.,1852,London,,Tennemann,London,London,51.5074,-0.1278
537,Doc0093OCR.png,Doc0093OCR,1,KH,2,,"Appel, Heinrich",Kurzgefasste Kirchengeschichte für Studierende. 2. durchgearb. Aufl.,1915,Lpz.,2. durchgearb. Aufl.,Heinrich Appel,Leipzig,Leipzig,51.3397,12.3731
538,Doc3356OCR.png,Doc3356OCR,1,MV,,,"Schiörn, Fr.",De vaagne Tjenere.,1894,Stvg.,,Fr. Schiörn,Stavanger,Stavanger,58.9699,5.7331
539,Doc1897OCR.png,Doc1897OCR,1,MV,138,Misjon og kirke på Madagaskar,"Horne, Markus Jonassen","Nat og dæmring. Madagaskars østkyst, folk og missionen.",1922,Stvg.,,Markus Jonassen Horne,Stavanger,Stavanger,58.9699,5.7331
540,Doc3747OCR.png,Doc3747OCR,1,Li,40,Latinske klassikere,"Tacitus, Publius Cornelius","The annals, with a commentary by Percival Frost.",1872,London,,Publius Cornelius Tacitus,London,London,51.5074,-0.1278
541,Doc3022OCR.png,Doc3022OCR,1,ST,18,Psykologi,"Perty, Maximilian",Blickar i menniskoandens fördolda lif. Ofvers. af H. Lgrbm.,1869,Sth.,,Maximilian Perty,Stockholm,Stockholm,59.3293,18.0686
542,Doc0051OCR.png,Doc0051OCR,1,PT,92,Annen oppbyggelseslitteratur,,Almanach des bons conseils pour l'an de grace 1897. 72. année.,1896,Paris,,,Paris,Paris,48.8566,2.3522
543,Doc0964OCR.png,Doc0964OCR,1,MS,,,"Dahle, Lars",Missionskundskab (og andet),,,2 b.,"Dahle, Lars",,,,
544,Doc2240OCR.png,Doc2240OCR,1,ST,,,,Kristendom og landsforsvar (Utg. av) Norges forsvarsforening,1915,Kra.,,,Kra.,Oslo,59.9139,10.7522
545,Doc1856OCR.png,Doc1856OCR,1,PT,92,Annen oppbyggelseslitteratur,"Holme, Edin",Manden fra Tarsus,1919,Kra.,,"Holme, Edin",Kra.,Oslo,59.9139,10.7522
546,Doc2996OCR.png,Doc2996OCR,1,Li,70,Tysk litteratur,"Paul, Jean","Blumen-, Frucht- und Dornenstücke, oder Ehestand, Tod und Hochzeit des Armenadvokaten F. St. Siebenkäs",,Berlin,B.1-4. 4 B.i. 1.,"Paul, Jean",Berlin,Berlin,52.52,13.405
547,Doc0389OCR.png,Doc0389OCR,1,NT,10,Tekstutgaver og oversettelser,F.H.A. Scrivener,Novum Testamentum textus Stephanici a.d. 1550,1877,Cantabr.,Ed. auct. emend.,F.H.A. Scrivener,Cantabr.,Cambridge,52.2053,0.1218
548,Doc3202OCR.png,Doc3202OCR,1,NV,70,Medisin og helse,"Rengade, J.",Premieres notions d'hygiene,1885,Paris,,"Rengade, J.",Paris,Paris,48.8566,2.3522
549,Doc0241OCR.png,Doc0241OCR,1,Li,30,Greske klassikere,"Bernhardy, G.",Grundriss der Griechischen Litteratur; mit einem vergleichenden Uebrblick der Römischen,,Halle,2.-l. Bearb.,"Bernhardy, G.",Halle,Halle (Saale),51.4828,11.969
550,Doc0578OCR.png,Doc0578OCR,1,Te,20,Teknikk – allment,"Bouant, E.",Dictionnaire-manuel-illustré des connaissances pratiques,1895,Paris,,"Bouant, E.",Paris,Paris,48.8566,2.3522
551,Doc1272OCR.png,Doc1272OCR,1,SV,20,Indogermanske språk [-> Indoeuropeiske språk],"Falk, Hjalmar",Vanskabninger i det norske sprog. Populære foredrag.,1894,Kra.,,"Falk, Hjalmar",Kra,Oslo,59.9139,10.7522
552,Doc1272OCR.png,Doc1272OCR,2,SV,20,Indogermanske språk [-> Indoeuropeiske språk],,Sprogets visne blomster. Fortsat af ...,1895,Kra.,,,Kra,Oslo,59.9139,10.7522
553,Doc0684OCR.png,Doc0684OCR,1,GT,68,Kommentar til skriftene forøvrig,"Buhl, Fr.",Om Sproget i Daniels Bog og dets Betydning for Spørgsmaalet om Affattelsestiden.,1899,Kbh.,,"Buhl, Fr.",Kbh,Copenhagen,55.6761,12.5683
554,Doc3129OCR.png,Doc3129OCR,1,MV,121,Misjon og kirke i Kina,"Preiswerk, W.",Bilder aus dem Leben des chinesischen Volkes.,1890,Basel,,"Preiswerk, W.",Basel,Basel,47.5596,7.5886
555,Doc2039OCR.png,Doc2039OCR,1,ST,50,Apologetikk,"Johansson, Claës Elis",Den heliga skrift och den negativa kritiken. Ett apologetiskt bidrag.,1886,Ups.,,"Johansson, Claës Elis",Ups,Uppsala,59.8586,17.6389
556,Doc0041OCR.png,Doc0041OCR,1,Li,30,Greske klassikere,Aischylos,Tragedier af Æschylos. Overs. af N.V. Dorph.,1854,Kbh.,,Aischylos,Kbh,Copenhagen,55.6761,12.5683
557,Doc1940OCR.png,Doc1940OCR,1,ST,15,Filosofihistorie,"Høffding, Harald",Moderne Filosofer.,1904,Kbh.,,"Høffding, Harald",Kbh,Copenhagen,55.6761,12.5683
558,Doc0844OCR.png,Doc0844OCR,1,Li,85,Svensk litteratur,"Claëson, Gustaf",Ofversigt af svenska språkets och literaturens historia. 4. uppl.,1877,Sth.,4. uppl.,"Claëson, Gustaf",Sth,Stockholm,59.3293,18.0686
559,Doc2750OCR.png,Doc2750OCR,1,MV,122,Misjon og kirke i India,"Murdoch, John",Indian missionary manual ... 2'nd ed. rev.,1870,London,2'nd ed. rev.,"Murdoch, John",London,London,51.5074,-0.1278
560,Doc3189OCR.png,Doc3189OCR,1,RV,85,Buddhismen,"Reichelt, Karl Ludvig",Fra Østens religiøse liv. Et indblik i den kinesiske Mahayana-buddhisme.,1922,Kbh.,,"Reichelt, Karl Ludvig",Kbh.,Copenhagen,55.6761,12.5683
561,Doc2276OCR.png,Doc2276OCR,1,SV,20,Indogermanske språk [-> Indoeuropeiske språk],"Købke, P.",Om Runerne i Norden. Almenfattelig Fremstilling; 2. ændr. Udg.,1890,Kbh.,2. ændr. Udg.,"Købke, P.",Kbh.,Copenhagen,55.6761,12.5683
562,Doc1124OCR.png,Doc1124OCR,1,PT,92,Annen oppbyggelseslitteratur,"Doering, Heinrich, utg.",Weihnachtsbüchlein. Dichtungen und Legenden zur Feier des Christfestes (!).,1846,Lpz.,,"Doering, Heinrich",Lpz.,Leipzig,51.3397,12.3731
563,Doc0771OCR.png,Doc0771OCR,1,ST,,,"Caspari, C(arl) P(aul)",Historisk-kritiske Afhandlinger over en Del virkelige og formentlige orientalske Daabsbekjendelser.,1881,Kra.,,"Caspari, Carl Paul",Kra.,Oslo,59.9139,10.7522
564,Doc1274OCR.png,Doc1274OCR,1,MV,138,Misjon og kirke på Madagaskar,,Ny Fanarahana any Jeso-Kristy,1860,(Paris ?),,,Paris,Paris,48.8566,2.3522
565,Doc0505OCR.png,Doc0505OCR,1,PT,92,Annen oppbyggelseslitteratur,"Björk, Fr(edrik)",Såsom du har sänt mig i världen,1917,Klippan,2 ekspl.,"Björk, Fredrik",Klippan,Klippan,56.1234,13.2563
566,Doc3873OCR.png,Doc3873OCR,1,MV,122,Misjon og kirke i India,"Trevor, George",India. Its natives and missions.,,London u.å.,,"Trevor, George",London,London,51.5074,-0.1278
567,Doc2230OCR.png,Doc2230OCR,1,Ge,30,Norsk geografi,"Kraft, Jens",Topographisk-Statistisk Beskrivelse over Kongeriget Norge. D.1-6.,1820,Chra.,6 D i 8 B.,"Kraft, Jens",Chra.,Oslo,59.9139,10.7522
568,Doc1846OCR.png,Doc1846OCR,1,NV,,,"Holm, I(ngebrigt) C(hristian)",Veiledning i Brugen af Bad,1885,Chra.,,"Holm, Ingebrigt Christian",Chra.,Oslo,59.9139,10.7522
569,Doc3533OCR.png,Doc3533OCR,1,KH,80,Norges kirkehistorie,Chr. Knudsen,Arbeidet for Kirkens Frihed,,,,Chr. Knudsen,,,,
570,Doc3533OCR.png,Doc3533OCR,2,KH,80,Norges kirkehistorie,H.G. Heggtveit,En ny Presteskole,,,,H.G. Heggtveit,,,,
571,Doc3533OCR.png,Doc3533OCR,3,KH,80,Norges kirkehistorie,L. Dahle,Vor Kirkes Stilling. Hvad bør gjøres?,,,,L. Dahle,,,,
572,Doc0328OCR.png,Doc0328OCR,1,GT,10,Tekstutgaver og oversettelser,S. Lee,Bibelen. G.T. Syrisk. Vetus testamentum Syriace,1823,London,,S. Lee,London,London,51.5074,-0.1278
573,Doc0477OCR.png,Doc0477OCR,1,NT,,,,Bibelen. N.T. Welsk. The New Testament in Welsk and English,1868,Llundain (London),,,Llundain,London,51.5074,-0.1278
574,Doc1748OCR.png,Doc1748OCR,1,Ge,10,"Reiseskildringer, atlas","Hellwald, Friedrich von",Jorden og dens Beboere,1883,Kra.,,Friedrich von Hellwald,Kra.,Oslo,59.9139,10.7522
575,Doc3859OCR.png,Doc3859OCR,1,PT,92,Annen oppbyggelseslitteratur,"Torrey, R(euben) A(rcher)",Hvorfor jeg tror at Bibelen er Guds Ord,1908,Kra.,,Reuben Archer Torrey,Kra.,Oslo,59.9139,10.7522
576,Doc3757OCR.png,Doc3757OCR,1,ST,,,"Talmage, D. Witt",Mod Fritænkeri og Vantro,1891,Bergen,2. Opl.,D. Witt Talmage,Bergen,Bergen,60.3913,5.3221
577,Doc3956OCR.png,Doc3956OCR,1,PT,,,"Viik, K.",Røgt mine lam. Forsøg til lidt veiledning i barneopdragelsen,1905,Molde,,K. Viik,Molde,Molde,62.7375,7.1591
578,Doc3912OCR.png,Doc3912OCR,1,KH,,,"Ulvestad, Martin",Norge i Amerika med kart,1901,"Minneapolis, Minn.",,"Ulvestad, Martin","Minneapolis, Minn.","Minneapolis, Minnesota",44.9778,-93.265
579,Doc3217OCR.png,Doc3217OCR,1,SV,50,"Malayiske språk, gassisk språk","Richardson, (J.)",Malagasy-English dictionary,,U.s.u.å.,,"Richardson, J.",U.s.u.å.,Unknown,,
580,Doc3047OCR.png,Doc3047OCR,1,PT,92,Annen oppbyggelseslitteratur,"Petersen, W.",I Korsets Skygge. Konfirmationsgave,1906,Kbh.,,"Petersen, W.",Kbh.,Copenhagen,55.6761,12.5683
581,Doc2676OCR.png,Doc2676OCR,1,PT,80,Hymnologi og kirkemusikk,,Til Missionsselskabets barneforeninger,1906,Stvg.,,,Stvg.,Stavanger,58.9698,5.7331
582,Doc0695OCR.png,Doc0695OCR,1,KH,30,"Oldkirkens kirkehistorie, patristikk","Burg, Johann Friedrich",Chrestomatia patristica Graeca sive Loci illustres ex antiquissimis patribus Graecis selecti,1739,Vratislavia,,"Burg, Johann Friedrich",Vratislavia,Wrocław,51.1079,17.0385
583,Doc1762OCR.png,Doc1762OCR,1,Li,50,Fransk litteratur,,L'heptaméron. Contes de la reine de Navarre. Nouv. éd. rev.,,Paris u.å.,,,Paris u.å.,Paris,48.8566,2.3522
584,Doc3697OCR.png,Doc3697OCR,1,Le,20,Ordbøker – moderne språk og latin,"Sundby, Thor og Euch. Barüel",Dansk - Norsk - Fransk Haand - Ordbog. B. 1.-2.,1884,Kbh.,,"Sundby, Thor and Euch. Barüel",Kbh.,Copenhagen,55.6761,12.5683
585,Doc3365OCR.png,Doc3365OCR,1,ST,30,Dogmatikk,"Schleiermacher, Friedrich",Der christliche Glaube nach den Grundsätzen der evangelischen Kirche,1830,Berlin,2. umgearb. Ausg. B.1-2.,"Schleiermacher, Friedrich",Berlin,Berlin,52.52,13.405
586,Doc0924OCR.png,Doc0924OCR,1,PT,92,Annen oppbyggelseslitteratur,"Dahl, Jonas",Nærmere Gud. Stille Stunder for hver Dag i Aaret.,1914,Kra.,,"Dahl, Jonas",Kra.,Oslo,59.9139,10.7522
587,Doc0548OCR.png,Doc0548OCR,1,PT,,,"Bomhoff, B.",Sjelesorg. Foredrag ...,1900,Kra.,,"Bomhoff, B.",Kra.,Oslo,59.9139,10.7522
588,Doc3535OCR.png,Doc3535OCR,1,Hi,20,Nordisk historie,Snorri Sturluson,Norges Konge-Sagaer ...,1859,Chra.,,Snorri Sturluson,Chra.,Oslo,59.9139,10.7522
589,Doc2790OCR.png,Doc2790OCR,1,MV,10,Misjonsteori – allment,"Nathorst, Ruth",Sveriges världshistoriska uppgift denna tid.,1917,Lund,2. Uppl.,"Nathorst, Ruth",Lund,Lund,55.7047,13.191
590,Doc4183OCR.png,Doc4183OCR,1,ST,35,Systematisk teologi – monografier,"Oehler, Gust. Friedrich",Veteris testamenti sententia de rebus post mortem futuris ...,1846,Stuttg.,,"Oehler, Gust. Friedrich",Stuttg.,Stuttgart,48.7758,9.1829
591,Doc4183OCR.png,Doc4183OCR,2,ST,35,Systematisk teologi – monografier,"Frantz, A.",De Dødes Opstandelse. Efter 1. Cor. 15.,1868,Kbh.,,"Frantz, A.",Kbh.,Copenhagen,55.6761,12.5683
592,Doc0923OCR.png,Doc0923OCR,1,ST,,,"Dahl, Jonas",Nadverden er Menighedens.,1907,Kra.,,"Dahl, Jonas",Kra.,Oslo,59.9139,10.7522
593,Doc0065OCR.png,Doc0065OCR,1,Va,20,?,"Amos, Sheldon",The science of law.,1874,London,,"Amos, Sheldon",London,London,51.5074,-0.1278
594,Doc1635OCR.png,Doc1635OCR,1,PT,90,Prekener og andaktsbøker,"Hall, Birger",Kristi efterfølgelse. Prædikener over de nye tekststrækkers epistler og lektier. R. 1-2.,1893,Kra.,2 r. i 1 b.,"Hall, Birger",Kra.,Oslo,59.9139,10.7522
595,Doc1808OCR.png,Doc1808OCR,1,Ge,10,"Reiseskildringer, atlas","Hieler's, Adolf",Handatlas über alle Theile der Erde 95 Karten. Hg. v. Justus Perthes.,1881,Gotha,,"Hieler, Adolf",Gotha,Gotha,50.9478,10.6974
596,Doc0202OCR.png,Doc0202OCR,1,ST,,,"Beck, J. T.",Leitfaden der christlichen Glaubenslehre.,1869,Stuttg.,2. Aufl.,"Beck, J. T.",Stuttgart,Stuttgart,48.7758,9.1829
597,Doc4202OCR.png,Doc4202OCR,1,ST,18,Psykologi,"Aars, Kr. B.-R.",The parallel relation between the soul and the body.,1898,Kra.,,"Aars, Kr. B.-R.",Kra.,Oslo,59.9139,10.7522
598,Doc2626OCR.png,Doc2626OCR,1,GT,68,Kommentar til skriftene forøvrig,"Mercer, Johann","Commentarii in Jobum et Salomonis Proverbia, Ecclesiasten, Canticum Canticorum.",1651,Amst.,Ed. nova,"Mercer, Johann",Amsterdam,Amsterdam,52.3676,4.9041
599,Doc0740OCR.png,Doc0740OCR,1,ST,,,"Calvin, Johan",Institutes of the Christian religion. By John Calvin. A new transl. by Henry Beveridge. Vol. 1-3.,1845,Edinb.,3 b.,"Calvin, John",Edinburgh,Edinburgh,55.9533,-3.1883
600,Doc3615OCR.png,Doc3615OCR,1,NV,10,Naturvitenskap – allment,"Stefani, Carlo de","Karpathos. Étude géologique, paléontologique et botanique par Carlo de Stefani, C. J. Forsyth Major et William Barbey.",1895,Lausanne,,"Stefani, Carlo de",Lausanne,Lausanne,46.5197,6.6323
601,Doc1719OCR.png,Doc1719OCR,1,KH,,,"Hauge, Hans Nielsen","Beskrivelse over (hans) Reiser, vigtigste Hændelser og Tildragelser ... Beskrevet af ham selv.",1858,Chra.,2. Opl.,"Hauge, Hans Nielsen",Christiania,Oslo,59.9139,10.7522
602,Doc1022OCR.png,Doc1022OCR,1,NT,,,"Delitzsch, F(ranz)",Commentar zum Briefe an die Hebräer ...,1857,Lpz.,,"Delitzsch, Franz",Leipzig,Leipzig,51.3397,12.3731
603,Doc3151OCR.png,Doc3151OCR,1,NT,,,"Qvisling, J(on) L(aurits)",De besatte i det Nye Testamente.,1895,Kra.,,"Qvisling, Jon Laurits",Kra.,Oslo,59.9139,10.7522
604,Doc0082OCR.png,Doc0082OCR,1,MV,130,Misjon og kirke i Afrika,Aneaso,oder Durch Sklaverei zur Freiheit. 2. Aufl.,1883,Basel,2. Aufl.,Aneaso,Basel,Basel,47.5596,7.5886
605,Doc0373OCR.png,Doc0373OCR,1,NT,,,,Bibelen. N.T. Gelisk. Tiommadh nuadh.,1840,London,,,London,London,51.5074,-0.1278
606,Doc0876OCR.png,Doc0876OCR,1,Li,50,Fransk litteratur,"Corneille, (Pierre)",Théatre choisi avec ... des notes par E. Géruzez,1894,Paris,,"Corneille, Pierre",Paris,Paris,48.8566,2.3522
607,Doc3050OCR.png,Doc3050OCR,1,MV,138,Misjon og kirke på Madagaskar,,Petite histoire élémentaire de Madagascar et de ses relations avec la France.,,Paris,,,Paris,Paris,48.8566,2.3522
608,Doc2134OCR.png,Doc2134OCR,1,MV,15,"Misjon - fortellinger, misjonsmotivering",,"Der Kinderraub in Karass, oder Tscherkessen und Kolonisten im Kaukasus. 3. Aufl.",1883,Basel,3. Aufl.,,Basel,Basel,47.5596,7.5886
609,Doc3427OCR.png,Doc3427OCR,1,GT,,,"Schøning, C.",David og Psalmerne efter bibelkritisk Opfatning.,1903,Kra.,,"Schøning, C.",Kra.,Oslo,59.9139,10.7522
610,Doc1050OCR.png,Doc1050OCR,1,MV,138,Misjon og kirke på Madagaskar,,Diary malagasy amy ny taona 1886. Faravohitra (1885),,,,,,,,
611,Doc2163OCR.png,Doc2163OCR,1,PT,92,Annen oppbyggelseslitteratur,"Klaveness, Fredrik",Fly ungdoms begjæringer,1907,Bergen,,"Klaveness, Fredrik",Bergen,Bergen,60.3913,5.3221
612,Doc4047OCR.png,Doc4047OCR,1,Bi,20,"Bibelkunnskap, hermeneutikk","Weber, F.W.",Kortfattet Indledning til det Gamle og det Nye Testamentes hellige Skrifter,1880,Chra.,,"Weber, F.W.",Chra.,Oslo,59.9139,10.7522
613,Doc3260OCR.png,Doc3260OCR,1,GT,61,Kommentar til Genesis,"Rosenmüller, Ern(st) Fri(e)d(rich) Car(l)",Scholia in Vetus Testamentum in compendium redacta,1828,Lips.,,"Rosenmüller, Ernst Friedrich Carl",Lips.,Leipzig,51.3397,12.3731
614,Doc3260OCR.png,Doc3260OCR,2,GT,61,Kommentar til Genesis,"Rosenmüller, Ern(st) Fri(e)d(rich) Car(l)",Scholia in Pentateuchum,1828,,,"Rosenmüller, Ernst Friedrich Carl",,,,
615,Doc3260OCR.png,Doc3260OCR,3,GT,61,Kommentar til Genesis,"Rosenmüller, Ern(st) Fri(e)d(rich) Car(l)",Scholia in Jobum,1832,,,"Rosenmüller, Ernst Friedrich Carl",,,,
616,Doc2289OCR.png,Doc2289OCR,1,Li,50,Fransk litteratur,"La Fontaine, (Jean de)",Choix de fables,1898,Paris,21 e éd.,"La Fontaine, Jean de",Paris,Paris,48.8566,2.3522
617,Doc3860OCR.png,Doc3860OCR,1,,20,,en norsk Prest,"Totalafholdssagen, fremstillet med særlig Imødegaen af Pastor Borgens ""Advarsel mod Totalafhold""",1890,Kra.,,en norsk Prest,Kra.,Oslo,59.9139,10.7522
618,Doc2473OCR.png,Doc2473OCR,1,PT,,,"Lüdemann, M.",Vor konfirmationsordning. Hvorfor og i hvilken retning bør den forandres?,1907,Haugesund,,"Lüdemann, M.",Haugesund,Haugesund,59.4138,5.268
619,Doc1653OCR.png,Doc1653OCR,1,SV,50,"Malayiske språk, gassisk språk","Hamaker, Henrich-Arents, preses",Specimen criticum exhibens locos Ibn Khacanís de Ibn Zeidouno... defendit Henricus Engelimus Weyers,1831,Lugd. Bat.,Diss.,"Hamaker, Henrich-Arents",Lugd. Bat.,Leiden,52.1601,4.497
620,Doc1653OCR.png,Doc1653OCR,2,,50,,"Hamaker, Henrich-Arents, preses",Specimen geographico-historicum exhibens dissertionem de Ibn Haukalo,1822,Lugd. Bat.,,"Hamaker, Henrich-Arents",Lugd. Bat.,Leiden,52.1601,4.497
621,Doc1214OCR.png,Doc1214OCR,1,Hi,,,"Erichsen, A(ndreas) E(mil)","En liden verdenshistorie. Med benyttelse af R. Tønder Nissins ""Verdenshistorien ... i fragmentarisk fremstilling""",1880,Kra.,,"Erichsen, Andreas Emil",Kra.,Oslo,59.9139,10.7522
622,Doc0237OCR.png,Doc0237OCR,1,MV,10,Misjonsteori – allment,"Bergmann, Lorenz",Missionsvidenskaben paa Universitetet. En tiltrædelsesforelæsning.,1918,Kbh.,,"Bergmann, Lorenz",Kbh.,Copenhagen,55.6761,12.5683
623,Doc3752OCR.png,Doc3752OCR,1,Li,60,Engelsk litteratur,"Taine, H(ippolyte)",Den engelske Literaturs Historie. Overs. af H.S. Vodskov. D. 1-4.,1874,Kbh.,,"Taine, Hippolyte",Kbh.,Copenhagen,55.6761,12.5683
624,Doc0467OCR.png,Doc0467OCR,1,NT,10,Tekstutgaver og oversettelser,,Bibelen. N.T. Svensk. Nya testamentet. Overs. ... 1917.,1918,Sth.,,,Sth.,Stockholm,59.3293,18.0686
625,Doc0939OCR.png,Doc0939OCR,1,MS,,,"(Dahle, Lars)",A cosmopolitan root-group in Malagasy.,,,,"Dahle, Lars",,,,
626,Doc3279OCR.png,Doc3279OCR,1,Li,85,Svensk litteratur,"Rydberg, Viktor",Sejrssværdet. Oversigt over de gothiske Folks mythologiske Epos. Overs. af Otto Borchsenius.,1885,Kbh.,,"Rydberg, Viktor",Kbh.,Copenhagen,55.6761,12.5683
627,Doc1530OCR.png,Doc1530OCR,1,Va,20,?,,"Grundtræk af Samfundsvidenskapen eller physisK, kjønsnlig og naturlig Religion. Overs. fra Engelsk efter Orig. 14. Opl. 2. Opl.",1887,Kbh.,,,Kbh.,Copenhagen,55.6761,12.5683
628,Doc0290OCR.png,Doc0290OCR,1,Jød,40,Rabbinismen,"Buxtorf, Johannes (1564-1629)",Biblia Hebraica cum paraphrasticis Chaldaicis et commentariis rabbinorum T. II. Basilea 1665.,1665,Basilea,,"Buxtorf, Johannes",Basilea,Basel,47.5596,7.5886
629,Doc0868OCR.png,Doc0868OCR,1,NT,,,"Conybeare, W.J.",The life and epistles of St. Paul. By W.J. Conybeare and J.S. Howson. N. ed.,1877,London,N. ed.,"Conybeare, W.J.",London,London,51.5074,-0.1278
630,Doc1142OCR.png,Doc1142OCR,1,SV,30,Semittiske språk,"Ebbell, B(endix)",Die ägyptischen Krankheitsnamen. IV-VIII.,1924,Lpz.,,"Ebbell, Bendix",Lpz.,Leipzig,51.3397,12.3731
631,Doc0348OCR.png,Doc0348OCR,1,NT,10,Tekstutgaver og oversettelser,Bibelen,Det nye Testament. I rev. Overs. Ved A.S. Poulsen og J.L. Ussing.,1895,Kbh.,,,Kbh.,Copenhagen,55.6761,12.5683
632,Doc1532OCR.png,Doc1532OCR,1,PT,80,Hymnologi og kirkemusikk,"Grundtvig, Nik(olaj) Fred(erik) Sev(erin)",Paaske-Lilien.,1859,Kbh.,,"Grundtvig, Nikolaj Frederik Severin",Kbh.,Copenhagen,55.6761,12.5683
633,Doc1532OCR.png,Doc1532OCR,2,PT,80,Hymnologi og kirkemusikk,"Caspari, C.P.",Israels Opstandelse fra de Døde. Prædiken ved Jødemissionens Aarsfest ...,1868,Chra.,,"Caspari, Carl Paul",Chra.,Oslo,59.9139,10.7522
634,Doc2224OCR.png,Doc2224OCR,1,ST,,,"Koren, V(ilhelm)",Om Den Hellige Skrifts Inspiration. Synodaltale ved den Norske Synodes Fællesmøde i Chicago Juni 1908.,1908,"Decorah, Iowa",,"Koren, Vilhelm","Decorah, Iowa","Decorah, Iowa",43.3038,-91.7858
635,Doc2322OCR.png,Doc2322OCR,1,PT,,,"Larsen, skoleinspektør",Om disciplin i søndagsskolen. Foredrag ...,1889,Kra.,,"Larsen, skoleinspektør",Kra.,Oslo,59.9139,10.7522
636,Doc4157OCR.png,Doc4157OCR,1,MV,20,"Misjon - konferanser, rapporter, oversikter",Y.M.C.A. of China,"Annual Report(s) 1914., 1918.",1915,Shangh.,,,Shangh.,Shanghai,31.2304,121.4737
637,Doc4041OCR.png,Doc4041OCR,1,MV,10,Misjonsteori – allment,"Warneck, Joh(ann)",Paulus og vi. D. 1-2.,1916,Kbh.,,"Warneck, Johann",Kbh.,Copenhagen,55.6761,12.5683
638,Doc1445OCR.png,Doc1445OCR,1,Bi,20,"Bibelkunnskap, hermeneutikk","Gaussen, L(ouis)",Die Aechtheit der Heiligen Schriften vom Standpunkt der Geschichte und des Glaubens. Aus dem Französischen ... übertr. von J.E. Grob. T.1-2.,1864,Basel,2 Ti. 1 B.,"Gaussen, Louis",Basel,Basel,47.5596,7.5886
639,Doc1445OCR.png,Doc1445OCR,2,Bi,20,"Bibelkunnskap, hermeneutikk","Oehlenschläger, (Adam Gottlob)","Nordens Guder, et episk Digt.",1819,U.s.u.å.,,"Oehlenschläger, Adam Gottlob",U.s.u.å.,Unknown,,
640,Doc2932OCR.png,Doc2932OCR,1,RV,120,Germansk religion,"Olsen, Magnus",Valby-Amulettens Runeindskrift,1907,Kra.,,"Olsen, Magnus",Kra.,Oslo,59.9139,10.7522
641,Doc2231OCR.png,Doc2231OCR,1,MV,90,Misjonærbiografier,"Kragh, P.",Udtog af ... (hans) Dagbog,1875,Haderslev,,"Kragh, P.",Haderslev,Haderslev,55.2507,9.4872
642,Doc0438OCR.png,Doc0438OCR,1,NT,10,Tekstutgaver og oversettelser,,Bibelen. N.T. Norsk. Det Nye Testamente. Studie-utgave. Ny oversættelse,1913,Kra.,,,Kra.,Oslo,59.9139,10.7522
643,Doc0721OCR.png,Doc0721OCR,1,PT,92,Annen oppbyggelseslitteratur,"Børøe, Lud(vig)",Et Dødsleie,1892,Kra.,,"Børøe, Ludvig",Kra.,Oslo,59.9139,10.7522
644,Doc1545OCR.png,Doc1545OCR,1,Et,20,Sosiologi,"Guhl, Ernst",Das Leben der Griechen und Römer,1860,Berlin,1.-2. Hälfte,"Guhl, Ernst",Berlin,Berlin,52.52,13.405
645,Doc2844OCR.png,Doc2844OCR,1,GT,20,"Ordbøker, konkordanser og grammatikker","Noldius, Christian",Concordantiae particularum Ebraeo Chaldaicarum,1679,Hafnia,,"Noldius, Christian",Hafnia,Copenhagen,55.6761,12.5683
646,Doc0865OCR.png,Doc0865OCR,1,MV,138,Misjon og kirke på Madagaskar,Comité auxiliaire de Paris pour les Missions norvégiennes à Madagascar,,1896,Paris,Rundskrivelse,Comité auxiliaire de Paris pour les Missions norvégiennes à Madagascar,Paris,Paris,48.8566,2.3522
647,Doc2327OCR.png,Doc2327OCR,1,NV,70,Medisin og helse,"Laurie, J.",An epitome of the homoeopathic domestic medicine,1866,London,27th ed,"Laurie, J.",London,London,51.5074,-0.1278
648,Doc4033OCR.png,Doc4033OCR,1,NV,70,Medisin og helse,"Warncke, T.S.",Lægemidlernes Dosis,1875,Kbh.,2. forandr. Opl.,"Warncke, T.S.",Kbh.,København,55.6761,12.5683
649,Doc2947OCR.png,Doc2947OCR,1,GT,30,Innledningsvitenskap,"Orelli, C. von",Davids Salmer,1895,Kbh.,,"Orelli, C. von",Kbh.,København,55.6761,12.5683
650,Doc3534OCR.png,Doc3534OCR,1,Li,80,Norrøn og nordisk litteratur,,Smaastykker,1898,Kbh.,B.20.H.7.,,Kbh.,København,55.6761,12.5683
651,Doc1154OCR.png,Doc1154OCR,1,Li,60,Engelsk litteratur,"Egerton, Georg",Grundtonen,1895,Kra.,,"Egerton, Georg",Kra.,Oslo,59.9139,10.7522
652,Doc1956OCR.png,Doc1956OCR,1,ST,,,"Ihmels, L(udwig)",Die christliche Wahrheitsgewissheit,1914,Lpz.,3. erw. verb. Aufl.,"Ihmels, Ludwig",Lpz.,Leipzig,51.3397,12.3731
653,Doc3026OCR.png,Doc3026OCR,1,MV,122,Misjon og kirke i India,"Petersen, Anne Marie",Jetiradj-Tiggernes Konge,1915,Kbh.,2 ekspl.,"Petersen, Anne Marie",Kbh.,København,55.6761,12.5683
654,Doc0767OCR.png,Doc0767OCR,1,GT,30,Innledningsvitenskap,"Caspari, C(arl) P(aul)",Den gammeltestamentlige Kanons Historie,,,,"Caspari, Carl Paul",,,,
655,Doc2757OCR.png,Doc2757OCR,1,GT,,,"Myhrman, David W.",Babel-Bibel eller Bibel-Babel,1903,Upps.,,"Myhrman, David W.",Upps.,Uppsala,59.8586,17.6389
656,Doc1044OCR.png,Doc1044OCR,1,MV,20,"Misjon - konferanser, rapporter, oversikter","Dennis, James S.",Christian Missions and Social Progress. Vol. 1-3.,1897,N.Y.,,"Dennis, James S.",N.Y.,New York,40.7128,-74.006
657,Doc0074OCR.png,Doc0074OCR,1,MV,150,Misjon og kirke på Sydhavsøyene og i Australia,"Anderson, Rufus",History of the Sandwich Islands Mission.,1872,London,,"Anderson, Rufus",London,London,51.5074,-0.1278
658,Doc1898OCR.png,Doc1898OCR,1,MV,138,Misjon og kirke på Madagaskar,"Horne, M(arkus)",Situationen på Sydöstkysten af Madagaskar.,1911,Stvg.,2 ekspl.,"Horne, Markus",Stvg.,Stavanger,58.9699756,5.7331073
659,Doc2028OCR.png,Doc2028OCR,1,Bi,,,"Jeremias, Alfred",Das alte Testament im Lichte des alten Orients. Handbuch zur biblisch-orientalischen Altertumskunde. 2. bearb. Aufl.,1906,Lpz.,,"Jeremias, Alfred",Lpz.,Leipzig,51.3397,12.3731
660,Doc0711OCR.png,Doc0711OCR,1,Jød,,,"Buxtorf, Johannes (sen)","Synagoga Judaica ... Das ist: Erneuerte jüdische Synagog, oder Juden-Schul. Darinnen der ganze jüdische Glaube.",1737,Franckf.,,"Buxtorf, Johannes",Franckf.,Frankfurt,50.1109,8.6821
661,Doc2900OCR.png,Doc2900OCR,1,Hi,20,Nordisk historie,"Odhner, C(las)T(heodor)","Lärobok i Sveriges, Norges och Danmarks historia ...",1869,Sth.,,"Odhner, Clas Theodor",Sth.,Stockholm,59.3293,18.0686
662,Doc1375OCR.png,Doc1375OCR,1,PT,60,Kateketikk og pedagogikk,"Freihow, Th.",Litt. om Den kristelige barneopdragelse.,1913,Bergen,,"Freihow, Th.",Bergen,Bergen,60.39299,5.32415
663,Doc2099OCR.png,Doc2099OCR,1,ST,,,"Kant, I(mmanuel)",Om Sindets Kraft til ved Forsættet alene at blive Herre over sine sygelige Følelser. Udg. og forsynet med Anm. af C.W. Hufeland. 6. Udg.,1865,Kbh.,,"Kant, Immanuel",Kbh.,Copenhagen,55.6761,12.5683
664,Doc2269OCR.png,Doc2269OCR,1,SV,20,Indogermanske språk [-> Indoeuropeiske språk],"Kühner, Raphael",Ausführliche Grammatik der griechischen Sprache,1869,Hann.,2. Aufl. bearb. T.1-2,"Kühner, Raphael",Hann.,Hannover,52.3759,9.732
665,Doc1610OCR.png,Doc1610OCR,1,Ge,30,Norsk geografi,"Haffner, Einar",Økonomisk geografi for gymnasiet,1907,Kra.,2. utg.,"Haffner, Einar",Kra.,Oslo,59.9139,10.7522
666,Doc0586OCR.png,Doc0586OCR,1,Li,60,Engelsk litteratur,,"Brampton rectory: or, The lesson of life",1849,London,,,London,London,51.5074,-0.1278
667,Doc0431OCR.png,Doc0431OCR,1,Bi,,,,Pina a Apostulari. The Acts of the Apostles in Mbum,1943,Cape Town,,,Cape Town,Cape Town,-33.9249,18.4241
668,Doc1893OCR.png,Doc1893OCR,1,PT,90,Prekener og andaktsbøker,"Horn, E(rik) F(rederik) B(arth)",Prædikener over Kirkeaarets Høimessetekster,1890,Kra.,2. Opl.,"Horn, Erik Frederik Barth",Kra.,Oslo,59.9139,10.7522
669,Doc1428OCR.png,Doc1428OCR,1,SV,10,Språkvitenskap – allment,"Gabelentz, H(ans) C(onon) von der",Uber das Passivum. Eine sprachvergleichende Abhandlung,,Lpz.,,"Gabelentz, Hans Conon von der",Lpz.,Leipzig,51.3397,12.3731
670,Doc0243OCR.png,Doc0243OCR,1,NV,50,Zoologi,"Bert, Paul",Livet og Livsfunktionerne hos Mennesket og de højere Dyr,1882,Kbh.,Udg. af F. Levison,"Bert, Paul",Kbh.,Copenhagen,55.6761,12.5683
671,Doc2085OCR.png,Doc2085OCR,1,ST,,,"Kahnis, Karl Friedrich August",Drei Vorträge,1865,Lpz.,,"Kahnis, Karl Friedrich August",Lpz.,Leipzig,51.3397,12.3731
672,Doc0749OCR.png,Doc0749OCR,1,Ge,20,Enkelte lands geografi,"Carlén, Octavia",Nyaste beskrifning öfver Stockholm och dess omgifningar. Kort handbok för resande,1866,Sth.,,"Carlén, Octavia",Sth.,Stockholm,59.3293,18.0686
673,Doc3183OCR.png,Doc3183OCR,1,NV,70,Medisin og helse,"Raspail, François Vincent",Huuslægen,1863,Kbh.,4. Udg.,"Raspail, François Vincent",Kbh.,Copenhagen,55.6761,12.5683
674,Doc2390OCR.png,Doc2390OCR,1,NV,90,,,Memorials of David Livingstone,1913,London,,,London,London,51.5074,-0.1278
675,Doc0986OCR.png,Doc0986OCR,1,MS,,,"Dahle, Lars",Sammenlignende semitisk Grammatik,,,2' b.,"Dahle, Lars",,,,
676,Doc3922OCR.png,Doc3922OCR,1,Bi,20,"Bibelkunnskap, hermeneutikk",,Urtext und Ubersetzungen der Bibel in übersichtlicher Darstellung. Sonderabdruck ... aus der 3. Aufl. der Realcyklopädie für protestantische Theologie und Kirche,1897,Lpz.,,,Lpz.,Leipzig,51.3397,12.3731
677,Doc2528OCR.png,Doc2528OCR,1,SV,40,Asiatiske språk,"MacGillivray, D.",A Mandarin-Romanized dictionary of Chinese,1907,Shangh.,2 nd ed.,"MacGillivray, D.",Shangh.,Shanghai,31.2304,121.4737
678,Doc4034OCR.png,Doc4034OCR,1,MV,30,Misjonshistorie,"Warneck, Gustav",Abriss einer Geschichte der protestantischen Mission von der Reformation bis auf die Gegenwart,1883,Lpz.,2. verm. und verb. Aufl.,"Warneck, Gustav",Lpz.,Leipzig,51.3397,12.3731
679,Doc2379OCR.png,Doc2379OCR,1,GT,,,,Lieder der Liebe. Die ältesten und schönsten aus Morgenlande,1778,Lpz.,,,Lpz.,Leipzig,51.3397,12.3731
680,Doc3909OCR.png,Doc3909OCR,1,ST,,,"Uhlhorn, G.",Om de sidste Ting. Lærestykkets Historie og Betydning. Foredrag. Overs. fra Tysk.,1888,Kra.,,G. Uhlhorn,Kra.,Oslo,59.9139,10.7522
681,Doc3715OCR.png,Doc3715OCR,1,PT,92,Annen oppbyggelseslitteratur,"Sverdrup, Jakob (Rosted)",(Hans) sidste Prædiken ... 1898.,1899,Kra.,,Jakob (Rosted) Sverdrup,Kra.,Oslo,59.9139,10.7522
682,Doc3417OCR.png,Doc3417OCR,1,SV,20,Indogermanske språk [-> Indoeuropeiske språk],"Schwan, Eduard",Grammatik des Altfranzösischen ...,1888,Lpz.,,Eduard Schwan,Lpz.,Leipzig,51.3397,12.3731
683,Doc3745OCR.png,Doc3745OCR,1,MV,10,Misjonsteori – allment,"Søraas, O.",Hvorledes vækkes og vedlikeholdes missionsinteressen. Indledningsforedrag holdt ved fellesmødet i Øevne den 25. juni 1900.,1900,Thjem,,O. Søraas,Thjem,Trondheim,63.4305,10.3951
684,Doc2717OCR.png,Doc2717OCR,1,Va,20,?,"Morin, Pierre Achille",Résumé populaire du code civil 4e éd.,,Paris u.å.,4e éd.,Pierre Achille Morin,Paris u.å.,Paris etc.,48.8566,2.3522
685,Doc0114OCR.png,Doc0114OCR,1,GT,60,Kommentarverk til hele GT,"Asschenfeldt-Hansen, C.",Fra Guldgruben. En Bibelforklaring. B.1-5.,,U.s.u.å.,,C. Asschenfeldt-Hansen,U.s.u.å.,Unknown,,
686,Doc0276OCR.png,Doc0276OCR,1,Bi,40,Bibelutgaver,Bibelen,Polyglott-utgave 1863 Polyglotten-Bibel zum praktischen Handgebrauch. Die heilige Schrift ... bearb. von R. Stier und K.G.W. Theile.,1863,Bielef.,3. verb. Aufl.,Bibelen,Bielef.,Bielefeld,52.0302,8.5325
687,Doc1435OCR.png,Doc1435OCR,1,SV,20,Indogermanske språk [-> Indoeuropeiske språk],"Garborg, Arne",Lesebok for høgre skular. Utvalde lesestykke i bygde- og landsmaal ved Arne Garborg og Ivar Mortenson. 3. uppl.,1901,Kra.,3. uppl.,Arne Garborg,Kra.,Oslo,59.9139,10.7522
688,Doc1450OCR.png,Doc1450OCR,1,Jød,,,"Geiger, Abraham",Allgemeine Einleitung in die Wissenschaft des Judenthums. Hg. von Ludwig Geiger.,1875,Berlin,,"Geiger, Abraham",Berlin,Berlin,52.520008,13.404954
689,Doc2543OCR.png,Doc2543OCR,1,MV,138,Misjon og kirke på Madagaskar,,Décret sur le régime des cultes a Madagaskar.,1913,Tanan.,,,Tanan.,Antananarivo,-18.87919,47.507905
690,Doc2543OCR.png,Doc2543OCR,2,MV,138,Misjon og kirke på Madagaskar,,Décret vedrørende religiøse organisasjoner på Madagaskar.,,Tanan.,,,Tanan.,Antananarivo,-18.87919,47.507905
691,Doc0530OCR.png,Doc0530OCR,1,MV,20,"Misjon - konferanser, rapporter, oversikter",,64 th Annual Report.,1901,N.Y.,,,N.Y.,New York,40.712776,-74.005974
692,Doc4010OCR.png,Doc4010OCR,1,PT,,,"Wacker, Emil",Diakonissegjerningen i Fortid og Nutid. Overs. af G.Sverdrup.,1898,Minneap. Minn.,,"Wacker, Emil",Minneap. Minn.,"Minneapolis, Minnesota",44.977753,-93.265011
693,Doc3464OCR.png,Doc3464OCR,1,MV,138,Misjon og kirke på Madagaskar,"Sewell, Joseph S.",Poema sy Fihirana.,1876,Antan.,,"Sewell, Joseph S.",Antan.,Antananarivo,-18.87919,47.507905
694,Doc2857OCR.png,Doc2857OCR,1,Le,10,Almenne leksika,,Norsk Haandlexikon for almentyttige Kundskaber.,1888,Kra.,B.1.-3.,,Kra.,Oslo,59.913868,10.752245
695,Doc3277OCR.png,Doc3277OCR,1,GT,,,"Rupprecht, Eduard","Kritiken, dens Ret og Uret. Overs. af L.R.Landmark. Udvidet Udg.",1905,Kbh.,2 ekpl.,"Rupprecht, Eduard",Kbh.,Copenhagen,55.676098,12.568337
696,Doc2312OCR.png,Doc2312OCR,1,Le,20,Ordbøker – moderne språk og latin,"Larsen, A.",Dansk-Engelsk Ordbog. 3dje Udgave.,1897,Kbh.,,"Larsen, A.",Kbh.,Copenhagen,55.676098,12.568337
697,Doc1826OCR.png,Doc1826OCR,1,ST,,,"Hodge, A.A.",Outlines of theology,1866,London,Ed. by William H. Goold,"Hodge, A.A.",London,London,51.5074,-0.1278
698,Doc1036OCR.png,Doc1036OCR,1,Li,30,Greske klassikere,Demosthenes,"The oration on the crown, ed., from the text of Baiter and Sauppe, with English notes, by Thomas Kerchever Arnold",1860,London,2 nd. ed.,Demosthenes,London,London,51.5074,-0.1278
699,Doc1151OCR.png,Doc1151OCR,1,GT,40,Israels historie,"Edersheim, Alfred",Israels og Judas historie under deres forfaldstid til deres endelige opløsning,1892,Chra.,Autor.overs. ved Ragnvald Gjerløw,"Edersheim, Alfred",Chra.,Oslo,59.9139,10.7522
700,Doc3419OCR.png,Doc3419OCR,1,KH,,,"Schwarz, Karl",Den nyeste Theologies Historie i kort Fremstilling,1869,Kbh.,Overs. efter Orig.3.Opl.,"Schwarz, Karl",Kbh.,Copenhagen,55.6761,12.5683
701,Doc2997OCR.png,Doc2997OCR,1,MV,130,Misjon og kirke i Afrika,"Pauli, J.",Die Evangelischen Missionen in Afrika,1868,Erlangen,,"Pauli, J.",Erlangen,Erlangen,49.5897,11.0114
702,Doc0210OCR.png,Doc0210OCR,1,PT,92,Annen oppbyggelseslitteratur,"Beecher, Henry Ward",Life thoughts,1859,Edinb.,8. thous.,"Beecher, Henry Ward",Edinb.,Edinburgh,55.9533,-3.1883
703,Doc0047OCR.png,Doc0047OCR,1,Hi,20,Nordisk historie,"Allen, C(arl) F(erdinand)",Haandbog i Fædrelandets Historie,1849,Kbh.,4. forb. Udg.,"Allen, Carl Ferdinand",Kbh.,Copenhagen,55.6761,12.5683
704,Doc2640OCR.png,Doc2640OCR,1,ST,50,Apologetikk,"Meyer, A.",Til Forsvar for vor kristne Tro,1907,Bergen,2. ekspl.,"Meyer, A.",Bergen,Bergen,60.3913,5.3221
705,Doc1621OCR.png,Doc1621OCR,1,KH,,,"Hagenbach, K(arl) R(udolf)",Forelæsninger over Middelalderens Kirkehistorie. Overs. ved L.C. Hansen.,1863,Kbh.,,"Hagenbach, Karl Rudolf",Kbh.,Copenhagen,55.6761,12.5683
706,Doc1953OCR.png,Doc1953OCR,1,NT,,,"Ihlen, Chr(istian)",Den paulinske fremstilling af forsoningen. Bibel-theologisk afhandling.,1897,Kra.,,"Ihlen, Christian",Kra.,Oslo,59.9139,10.7522
707,Doc2293OCR.png,Doc2293OCR,1,MV,90,Misjonærbiografier,"Lagerfeldt, Märta",Oscar Thorén. Et Livsbillede fra Havet. Overs. av Vilh. Rasch.,1906,Kbh.,,"Lagerfeldt, Märta",Kbh.,Copenhagen,55.6761,12.5683
708,Doc0026OCR.png,Doc0026OCR,1,SV,20,Indogermanske språk [-> Indoeuropeiske språk],"Abrahams, N(icolai) C(hristian) L(evin)",Fransk Sproglære...,1857,Kbh.,4. forb. Udg.,"Abrahams, Nicolai Christian Levin",Kbh.,Copenhagen,55.6761,12.5683
709,Doc0758OCR.png,Doc0758OCR,1,ST,35,Systematisk teologi – monografier,"Carstensen, N.F.",Den christne Kirkes og Bibelens Lære om Livet efter Døden.,1885,Kbh.,,"Carstensen, N.F.",Kbh.,Copenhagen,55.6761,12.5683
710,Doc0758OCR.png,Doc0758OCR,2,ST,35,Systematisk teologi – monografier,"Frantz, A.",De Dødes Opstandelse.,1868,Kbh.,,"Frantz, A.",Kbh.,Copenhagen,55.6761,12.5683
711,Doc0115OCR.png,Doc0115OCR,1,KH,,,"Astrup, H. I. S.",Blik paa amerikanske Forhold...,1893,Kra.,,"Astrup, H. I. S.",Kra.,Oslo,59.9139,10.7522
712,Doc1678OCR.png,Doc1678OCR,1,MV,90,Misjonærbiografier,"Hansen, H.O.",John Williams. Sydhavsøernes Apostel.,1906,Kbh.,,"Hansen, H.O.",Kbh.,Copenhagen,55.6761,12.5683
713,Doc3658OCR.png,Doc3658OCR,1,KH,80,Norges kirkehistorie,"Storm, Gustav",Om Magnus Erlingssøn Privilegium til Nidaros Kirke 1164.,1895,Kra.,,"Storm, Gustav",Kra.,Oslo,59.9139,10.7522
714,Doc2523OCR.png,Doc2523OCR,1,Li,65,,"Machiavelli, Niccolo di Bernardo dei",Fyrsten,1876,Kbh.,,Niccolò Machiavelli,Kbh.,Copenhagen,55.6761,12.5683
715,Doc2542OCR.png,Doc2542OCR,1,SV,50,"Malayiske språk, gassisk språk",,Ny lalan'ny fanjakana. Kabary nataond'Ranavalomanjaka,1881,Antan.,,,Antan.,Antananarivo,-18.8792,47.5079
716,Doc3979OCR.png,Doc3979OCR,1,PT,94,Lærebøker i kristendomskunnskap,"Vogt, Volrath",Forklaring af Luthers lille Katekisme efter Pontoppidan. 5. Udg.,1880,Kra.,5. Udg.,Volrath Vogt,Kra.,Oslo,59.9139,10.7522
717,Doc3250OCR.png,Doc3250OCR,1,Li,80,Norrøn og nordisk litteratur,"Rolfsen, Nordahl","Vore Fædres Liv, Karakterer og Skildringer fra Sagatiden",1888,Bergen,,Nordahl Rolfsen,Bergen,Bergen,60.3913,5.3221
718,Doc0176OCR.png,Doc0176OCR,1,NV,60,Botanikk,"Barth, J(acob) B(øckmann)","Knudshø eller Fjeldfloraen, en botanisk (plantegeographisk) Skitse",1880,Kra.,,Jacob Bøckmann Barth,Kra.,Oslo,59.9139,10.7522
719,Doc0692OCR.png,Doc0692OCR,1,KH,,,"Bungener, Félix","Calvin, hans Liv, hans Gjerning hans Skrifter. Overs. af Oscar Arland",1877,Kbh.,,Félix Bungener,Kbh.,Copenhagen,55.6761,12.5683
720,Doc0351OCR.png,Doc0351OCR,1,NT,10,Tekstutgaver og oversettelser,Bibelen. N.T. Engelsk.,The New testament ... after the authorised version ... rev. by Henry Alford,1871,London,,,London,London,51.5074,-0.1278
721,Doc3186OCR.png,Doc3186OCR,1,ST,,,"Redford, R.A.",The Christian's plea against modern unbelief: A handbook of Christian evidence,1881,London,,R.A. Redford,London,London,51.5074,-0.1278
722,Doc1157OCR.png,Doc1157OCR,1,PT,,,,"L'Église de la confession d'Augsbourg
Liturgie ou Maniere de célébrer le service divin.",1887,Nancy,Ed. portative,,Nancy,Nancy,48.6921,6.1844
723,Doc2544OCR.png,Doc2544OCR,1,RV,20,Religionsfenomenologi,"Madsen, Henry",Ægypterns Visdom,1906,Kbh./Kra.,,Henry Madsen,København,Copenhagen,55.6761,12.5683
724,Doc1235OCR.png,Doc1235OCR,1,ST,,,"Essendrop, C(arl) P(eter) P(arelius)",Sjælelære efter den tydske bibelske Psykologie.,1859,Klæbo,,Carl Peter Parelius Essendrop,Klæbo,Klæbu,63.3437,10.4818
725,Doc0686OCR.png,Doc0686OCR,1,GT,30,Innledningsvitenskap,"Buhl, Frants",Til Vejledning i de gammeltestamentlige Undersøgelser. Et Lejlighedsskrift.,1895,Kbh.,,Frants Buhl,København,Copenhagen,55.6761,12.5683
726,Doc2178OCR.png,Doc2178OCR,1,PT,92,Annen oppbyggelseslitteratur,"Klykken, Ole",Ungdom og Kristendom. Foredrag,1907,Kra.,,Ole Klykken,Kristiania,Oslo,59.9139,10.7522
727,Doc2696OCR.png,Doc2696OCR,1,PT,92,Annen oppbyggelseslitteratur,"Monod, Adolph","Manden, hans Hverv og hans Liv efter Apostelen Pauli Forbillede.",1861,Kbh.,Overs. af H.,Adolph Monod,København,Copenhagen,55.6761,12.5683
728,Doc3884OCR.png,Doc3884OCR,1,PT,92,Annen oppbyggelseslitteratur,"Tybring, Fred(rik)",Af livets lovsang. Tanker og billeder.,1908,Kra.,,Fredrik Tybring,Kristiania,Oslo,59.9139,10.7522
729,Doc2423OCR.png,Doc2423OCR,1,KH,,,"Lunde, Herman","Martin Luther, hans utvikling og livsverk.",1910,Kra.,,Herman Lunde,Kristiania,Oslo,59.9139,10.7522
730,Doc3299OCR.png,Doc3299OCR,1,Li,80,Norrøn og nordisk litteratur,O. Rygh,Sigmund Brestessøns Saga. Et Brudstykke af Færingernes Saga,1861,Chra.,,O. Rygh,Chra.,Oslo,59.9139,10.7522
731,Doc1996OCR.png,Doc1996OCR,1,MV,121,Misjon og kirke i Kina,"Jensen, J(ens Jonas)",Bliv med! Missionstale,1893,Stvg.,,"Jensen, Jens Jonas",Stvg.,Stavanger,58.9632,5.7245
732,Doc0762OCR.png,Doc0762OCR,1,GT,64,Kommentar til profetbøkene,"Caspari, Carl Paul",Beiträge zur Einleitung in das Buch Jesaia,1848,Berlin,,"Caspari, Carl Paul",Berlin,Berlin,52.52,13.405
733,Doc0762OCR.png,Doc0762OCR,2,GT,64,Kommentar til profetbøkene,"Caspari, Carl Paul",Commentar til de 12 første Capitler af Propheten Jesaia,1867,Chra.,1. Halvd.C.1-6,"Caspari, Carl Paul",Chra.,Oslo,59.9139,10.7522
734,Doc0762OCR.png,Doc0762OCR,3,GT,64,Kommentar til profetbøkene,"Caspari, Carl Paul",Über den syrisch-ephraimitischen Krieg unter Jotham und Ahas,1849,Chra.,,"Caspari, Carl Paul",Chra.,Oslo,59.9139,10.7522
735,Doc0723OCR.png,Doc0723OCR,1,KH,,,"Böckel, Ernst Gottfried Adolf",Die Bekenntnisschriften der evangelisch-reformierten Kirche. Mit Einleitungen und Anm.,1847,Lpz.,,"Böckel, Ernst Gottfried Adolf",Lpz.,Leipzig,51.3397,12.3731
736,Doc3994OCR.png,Doc3994OCR,1,KH,,,"Vold, Karl",Moderne religiøsitet og religionsdannelser. Et tidsbillede.,1918,Kra.,,"Vold, Karl",Kra.,Oslo,59.9139,10.7522
737,Doc3973OCR.png,Doc3973OCR,1,SV,50,"Malayiske språk, gassisk språk",,Vocabulaire francais-malgache rédigé par les missionaires catholiques,1880,Tanan.,,,Tanan.,Antananarivo,-18.8792,47.5079
738,Doc3849OCR.png,Doc3849OCR,1,RV,10,Religionshistorie,"Tiele, C(ornelius) P(etrus)",Inledning till religionsvetenskapen,1903,Sth.,,"Tiele, Cornelius Petrus",Sth.,Stockholm,59.3293,18.0686
739,Doc3264OCR.png,Doc3264OCR,1,PT,50,Liturgikk,"Rothe, Wilh(elm)","Det danske Kirkeaar og dets Perikoper, en Haandbog for Prædikanter og Kirkegjængere",1858,Kbh.,3. forb. Udg.,"Rothe, Wilhelm",Kbh.,Copenhagen,55.6761,12.5683
740,Doc3173OCR.png,Doc3173OCR,1,Hi,10,Politisk historie og kulturhistorie,"Rambaud, Alfred",Histoire de la civilisation contemporaine en France. 3. éd.,,Paris u.a.,3. éd.,"Rambaud, Alfred",Paris u.a.,,48.8566,2.3522
741,Doc1569OCR.png,Doc1569OCR,1,Li,70,Tysk litteratur,"Goethe, (Johann Wolfgang)",Faust. Sorgespel. Ofvers. af Viktor Rydberg. 3. uppl.,1897,Sth.,3. uppl.,"Goethe, Johann Wolfgang",Sth.,Stockholm,59.3293,18.0686
742,Doc1569OCR.png,Doc1569OCR,2,Li,70,Tysk litteratur,"Rydberg, Viktor",Faust och Fauststudier.,1897,Sth.,,"Rydberg, Viktor",Sth.,Stockholm,59.3293,18.0686
743,Doc1499OCR.png,Doc1499OCR,1,KH,157,Den romersk-katolske kirke,"Gladstone, W. E.",Pavestolen og dens nyeste Færd. Overs. efter det Engelske.,1876,Kbh.,,"Gladstone, W. E.",Kbh.,Copenhagen,55.6761,12.5683
744,Doc1807OCR.png,Doc1807OCR,1,PT,,,"Hickmann, Hugo",Deutsche evangelische Gefangenen-Seelsorge im Weltkriege. Tätigkeits-Bericht des Hilfs-Ausschusses für Gefangenen-Seelsorge.,1921,Lpz.,,"Hickmann, Hugo",Lpz.,Leipzig,51.3397,12.3731
745,Doc3957OCR.png,Doc3957OCR,1,Et,30,Norsk etnologi,"Vik, Oddmund",Ole Bull,1904,Oslo,,"Vik, Oddmund",Oslo,Oslo,59.9139,10.7522
746,Doc1466OCR.png,Doc1466OCR,1,NT,,,"Gerlach, Otto von",Das Neue Testament ... mit Einleitungen und erklärenden Anmerkungen. B.2. 4.Aufl.,1852,Berl.,4.Aufl.,"Gerlach, Otto von",Berl.,Berlin,52.52,13.405
747,Doc3591OCR.png,Doc3591OCR,1,Ge,20,Enkelte lands geografi,"Stanley, Henry M(orton)",Gjennem det mørke fastland. Overs. efter den omarb.og fork. tyske udg. af Berthold Volz. ved E.R.,1888,Kra.,,"Stanley, Henry Morton",Kra.,Kristiania/Oslo,59.9139,10.7522
748,Doc3739OCR.png,Doc3739OCR,1,MV,121,Misjon og kirke i Kina,"Sørensen, Theo(dor)",Work in Tibet,1921,"Tatsienlu, Szechwan",,"Sørensen, Theodor","Tatsienlu, Szechwan","Kangding, Sichuan",30.0496,101.9631
749,Doc1325OCR.png,Doc1325OCR,1,NV,60,Botanikk,"Fitch, W.H.","Illustrations of the British flora, drawn by W.H. Fitch and W.G. Smith. 2nd ed. rev.",1887,London,2nd ed. rev.,"Fitch, W.H.",London,London,51.5074,-0.1278
750,Doc1914OCR.png,Doc1914OCR,1,MV,10,Misjonsteori – allment,"Hultman, Anders",Vid målet eller Frälsningens fulländning och missionens avslutning.,1920,Jönköping,,"Hultman, Anders",Jönköping,Jönköping,57.7826,14.162
751,Doc1649OCR.png,Doc1649OCR,1,Va,20,?,"Halvorsen, A.",Afholdssagen. En samling Foredrag og Afhandlinger udg. af A. Halvorsen og Sven Aarrestad.,1886,Horten,,"Halvorsen, A.",Horten,Horten,59.4178,10.483
752,Doc3426OCR.png,Doc3426OCR,1,NV,10,Naturvitenskap – allment,"Schoedler, Fr.",Naturens Bog. Fri Bearb. paa Norsk ved A. Arbo (m.fl.) 2. forøg. Opl.,1859,Chra.,2. forøg. Opl.,"Schoedler, Fr.",Christiania,Oslo,59.9139,10.7522
753,Doc2342OCR.png,Doc2342OCR,1,PT,92,Annen oppbyggelseslitteratur,"Leganger, Wilh. Nicoll",Av tro til tro. 7 skriftetaler Utg. for hans menigheter til indtægt for kapellet på Bjørkelangen.,,,,"Leganger, Wilh. Nicoll",,,,
754,Doc1176OCR.png,Doc1176OCR,1,RV,1,,"Eitrem, S.",Zu der Berliner Zauberpapyri.,1923,Kra.,,"Eitrem, S.",Kristiania,Oslo,59.9139,10.7522
755,Doc3671OCR.png,Doc3671OCR,1,Jød,40,Rabbinismen,"Strack, Herm(ann) L(ebrecht)",Lehrbuch der neuhebraischen Sprache und Litteratur von Herm. L. Strack und Carl Siegfried.,1884,Karlsruhe,,"Strack, Herm. Lebrecht",Karlsruhe,Karlsruhe,49.0069,8.4037
756,Doc3794OCR.png,Doc3794OCR,1,MV,138,Misjon og kirke på Madagaskar,Le Temps,La liberté religieuse a Magagascar.,1897,Paris,,Le Temps,Paris,Paris,48.8566,2.3522
757,Doc3907OCR.png,Doc3907OCR,1,KH,,,"Uhlhorn, Gerhard",De kristne Kjærligheds Gjerminger,1885,Kbh.,,Gerhard Uhlhorn,Kbh.,Copenhagen,55.6761,12.5683
758,Doc4114OCR.png,Doc4114OCR,1,MV,122,Misjon og kirke i India,Wilson-Carmichael,Morgenstjærner,1909,Kbh.,,Wilson-Carmichael,Kbh.,Copenhagen,55.6761,12.5683
759,Doc0437OCR.png,Doc0437OCR,1,Bi,40,Bibelutgaver,"I. Gunnes, E. (utg.)",Bibelen. N.T. Norsk Det Nye Testamente,1968,Oslo,,Erik Gunnes (utg.),Oslo,Oslo,59.9139,10.7522
760,Doc3801OCR.png,Doc3801OCR,1,Li,40,Latinske klassikere,"Teuffel, W.S.",Geschichte der römischen Literatur,1875,Lpz.,3. Aufl.,W.S. Teuffel,Lpz.,Leipzig,51.3397,12.3731
761,Doc0303OCR.png,Doc0303OCR,1,GT,10,Tekstutgaver og oversettelser,,Bibelen. G.T. Hebraisk--Latin. Biblia Hebraica sec. ed. Belgicam Everardi van der Hooght... cum versione Latina Sebastiani Schmidi,1740,Lips.,,,Lips.,Leipzig,51.3397,12.3731
762,Doc0879OCR.png,Doc0879OCR,1,Te,20,Teknikk – allment,"Corneliussen, O(luf) A(abel)",Store Opfindelser,1881,Kra.,,Oluf Abel Corneliussen,Kra.,Oslo,59.9139,10.7522
763,Doc3433OCR.png,Doc3433OCR,1,PT,92,Annen oppbyggelseslitteratur,,Se paa Jesus... Daglige Smaastykker,,Kra.,7. Opl.,,Kra.,Oslo,59.9139,10.7522
764,Doc3433OCR.png,Doc3433OCR,2,PT,92,Annen oppbyggelseslitteratur,,Se paa Jesus... Daglige Smaastykker,1903,Kra.,13. Opl.,,Kra.,Oslo,59.9139,10.7522
765,Doc3433OCR.png,Doc3433OCR,3,PT,92,Annen oppbyggelseslitteratur,,Se paa Jesus... Daglige Smaastykker,1912,Kra.,22. Opl.,,Kra.,Oslo,59.9139,10.7522
766,Doc3649OCR.png,Doc3649OCR,1,ST,,,"Storjohann, (Johan Cordt Harmens)",Bibelen paa Pinebænk (og) En troende Bibelkritikers Drøm,1907,Kra.,,Johan Cordt Harmens Storjohann,Kra.,Oslo,59.9139,10.7522
767,Doc3954OCR.png,Doc3954OCR,1,MV,138,Misjon og kirke på Madagaskar,"Vig, L(ars)",Om den madagassiske kvinde,1907,Kra,,Lars Vig,Kra,Oslo,59.9139,10.7522
768,Doc4016OCR.png,Doc4016OCR,1,Et,10,Etnologi – allment,"Waitz, Theodor",Anthropologie der Naturvölker. T.1-2,1860,Lpz,2 b.,Theodor Waitz,Lpz,Leipzig,51.3397,12.3731
769,Doc3143OCR.png,Doc3143OCR,1,KH,60,Den nyere tids kirkehistorie,"Prytz, (A.F.W.J.)",En Perlerad fra Kristi Kirkes Historie. Livsbilleder,1909,Bergen,,A.F.W.J. Prytz,Bergen,Bergen,60.3913,5.3221
770,Doc2794OCR.png,Doc2794OCR,1,Hi,10,Politisk historie og kulturhistorie,"Neander, August",The emperor Julian and his generation ... Transl. by G.V.Cox,1850,London,,August Neander,London,London,51.5074,-0.1278
771,Doc1685OCR.png,Doc1685OCR,1,PT,,,"Hanssen, E.",Mere hjerte for folket. En bearbeidelse efter det tyske (Mehr Herz fürs Volk af Lic. Drews.),1891,Chra,,E. Hanssen,Chra,Oslo,59.9139,10.7522
772,Doc2164OCR.png,Doc2164OCR,1,PT,92,Annen oppbyggelseslitteratur,"Klaveness, Fredrik","Vor Tro er den Sejer, som har overvundet Verden",1908,Bergen,,Fredrik Klaveness,Bergen,Bergen,60.3913,5.3221
773,Doc2558OCR.png,Doc2558OCR,1,Et,20,Sosiologi,"Mallery, Garrick",Sign language among North American Indians compared with that among other peoples and deaf-mutes,1881,Wash. D.C.,,Garrick Mallery,Wash. D.C.,"Washington, D.C.",38.9072,-77.0369
774,Doc3819OCR.png,Doc3819OCR,1,KH,,,"Tholuck, A(ugust) (1799-1877)",Der Geist der lutherischen Theologen Wittenbergs im Verlaufe des 17. Jahrhunderts,1852,Hamb,,August Tholuck,Hamb,Hamburg,53.5511,9.9937
775,Doc3802OCR.png,Doc3802OCR,1,PT,,,,Texter af Guds Ord og Bønner til hver Søndag og Helligdag i Kirke-Aaret,1887,Kra.,2 ekspl.,,Kra.,Oslo,59.9139,10.7522
776,Doc0816OCR.png,Doc0816OCR,1,KH,30,"Oldkirkens kirkehistorie, patristikk","Chrysostomos, Joannes",Opera præstantissima. Græce & Latine,1840,Rudolphopolis,Cura Friderici Guilielmi Lomler,"Chrysostomos, Johannes",Rudolphopolis,,,
777,Doc0816OCR.png,Doc0816OCR,2,KH,30,"Oldkirkens kirkehistorie, patristikk","Philostratus, Flavios",Quae supersunt Philostrati junioris imagines Callistrati descriptiones,1844,Turicum,Ed. C.L. Kayser,"Philostratus, Flavius",Turicum,Zurich,47.3667,8.55
778,Doc2247OCR.png,Doc2247OCR,1,ST,35,Systematisk teologi – monografier,"Krogh-Tønning, K.",De gratia Christi et de libero arbitrio Sancti Thomae Aquinatis doctrinam breviter exposuit atque cum doctrina definita et cum sententiis protestantium comparavit,1898,Kra.,,"Krogh-Tønning, K.",Kra.,Oslo,59.9139,10.7522
779,Doc1789OCR.png,Doc1789OCR,1,MV,15,"Misjon - fortellinger, misjonsmotivering","Hesse, Johannes",Die Mission auf der Kanzel,1889,Calw,,"Hesse, Johannes",Calw,Calw,48.7167,8.75
780,Doc2858OCR.png,Doc2858OCR,1,MV,60,Norsk misjon - andre norske misjonsselskap,,Angivelse af Stridspunkter i Uenigheden mellem det Norsk lutherske Kinamissionsforbund og dets Missionærer,1900,Bergen,,,Bergen,Bergen,60.3913,5.3221
781,Doc1829OCR.png,Doc1829OCR,1,PT,92,Annen oppbyggelseslitteratur,"Hoff, V(illiam) J(ohan)",Fra Kirken og fra Lønnkammeret. Kristelige Læsestykker til hver Dag i Aaret,1902,Kbh.,5.-4. Opl. D.1-2.,"Hoff, William Johan",Kbh.,Copenhagen,55.6761,12.5683
782,Doc3996OCR.png,Doc3996OCR,1,GT,,,"Vold, Karl",De orientalske utgravninger og det Gamle Testamente,1911,Kra.,,"Vold, Karl",Kra.,Oslo,59.9139,10.7522
783,Doc0181OCR.png,Doc0181OCR,1,Ti,30,Misjonsblad (utenfor Norge),,Magazin für die neueste Geschichte der protestantischen Missions-und Bibelgesellschaften,1816,Basel,Jahrg.1-41.,,Basel,Basel,47.5596,7.5886
784,Doc1188OCR.png,Doc1188OCR,1,NV,60,Botanikk,"Endlicher, Stephan",Genera plantarum secundum ordines naturales disposita.,1840,Vindobona,1 vol.,Stephan Endlicher,Vindobona,Vienna,48.2082,16.3738
785,Doc1104OCR.png,Doc1104OCR,1,MV,10,Misjonsteori – allment,"Drummond, Henry",Den yttre missionens problem. Föredrag hållet i Glasgow nov. 1891.,1901,Upps.,,Henry Drummond,Upps.,Uppsala,59.8586,17.6389
786,Doc3105OCR.png,Doc3105OCR,1,Li,30,Greske klassikere,Plutarchos,Vitae parallelae,1829,Lips.,T.8.6: i. 1 vol.,Plutarchos,Lips.,Leipzig,51.3397,12.3731
787,Doc2706OCR.png,Doc2706OCR,1,ST,,,"Monrad, M(arcus) J(acob)",Tro og Viden ...,1892,Kra.,,Marcus Jacob Monrad,Kra.,Oslo,59.9139,10.7522
788,Doc1245OCR.png,Doc1245OCR,1,Li,30,Greske klassikere,Euripide(s),"Electre. Texte grec accompagné d'une notice, d'un argument ..., de notes ... et conforme à l'éd. ... publ. par H. Weil.",1877,Paris,,Euripides,Paris,Paris,48.8566,2.3522
789,Doc2084OCR.png,Doc2084OCR,1,NT,,,"Kaftan, Julius",Jesus und Paulus. Eine freundschaftliche Streitschrift gegen die Religionsgeschichtlichen Volksbücher von D. Bousset und D. Wrede.,1906,Tüb.,3. Tausen.,Julius Kaftan,Tüb.,Tübingen,48.5216,9.0576
790,Doc3124OCR.png,Doc3124OCR,1,PT,90,Prekener og andaktsbøker,,Postille for børn af geistlige og lægmænd ...,1890,Kra.,,,Kra.,Oslo,59.9139,10.7522
791,Doc2018OCR.png,Doc2018OCR,1,ST,,,"Jensen, Gustav",Kristenlære i kort Fremstilling.,1899,Kra.,,Gustav Jensen,Kra.,Oslo,59.9139,10.7522
792,Doc1101OCR.png,Doc1101OCR,1,PT,92,Annen oppbyggelseslitteratur,"Drummond, Henry",Baxter anden gang inde. En allegori for den sportselskende ungdom. Overs. ved Birger Hall.,1892,Kra.,,Henry Drummond,Kra.,Oslo,59.9139,10.7522
793,Doc1313OCR.png,Doc1313OCR,1,MV,138,Misjon og kirke på Madagaskar,,Misjonslitt. Filaharana-Pamonjena. Teny avy amy ny Soratra Masina sy Fihirana voafantina.,1884,Antan.,,,Antan.,Antananarivo,-18.8792,47.5079
794,Doc3589OCR.png,Doc3589OCR,1,MV,20,"Misjon - konferanser, rapporter, oversikter","Stanford, Edward",Atlas of the Chinese empire,1908,London,,Edward Stanford,London,London,51.5074,-0.1278
795,Doc0790OCR.png,Doc0790OCR,1,Li,60,Engelsk litteratur,"Chambers, Robert",Cyclopædia of English literature. A history. Vol. 1-2.,1860,London,,Robert Chambers,London,London,51.5074,-0.1278
796,Doc1627OCR.png,Doc1627OCR,1,KH,,,"Hahn, August",Bibliothek der Symbole und Glaubensregeln der Apostolisch-katholischen Kirche,1842,Breslau,,August Hahn,Breslau,Wrocław,51.1079,17.0385
797,Doc1282OCR.png,Doc1282OCR,1,NT,,,"Farrar, Frederic W.",The early days of Christianity,1885,London,,Frederic W. Farrar,London,London,51.5074,-0.1278
798,Doc2686OCR.png,Doc2686OCR,1,MV,135,Misjon og kirke i Sør-Afrika,"Moffat, Robert",Missionary Labours and Scenes in Southern Africa,1842,London,,Robert Moffat,London,London,51.5074,-0.1278
799,Doc3013OCR.png,Doc3013OCR,1,PT,80,Hymnologi og kirkemusikk,"Pedersen, J.L.","Rim d.e. religiøse og andre Rim-Digte, Sange og Viser m.m.",1901,Bodø,,J.L. Pedersen,Bodø,Bodø,67.2804,14.4049
800,Doc1173OCR.png,Doc1173OCR,1,RV,100,Antikkens religioner,"Eitrem, S.",Die göttlichen Zwillinge bei den Griechen.,1902,Kra.,,"Eitrem, S.",Kra.,Oslo,59.9139,10.7522
801,Doc2775OCR.png,Doc2775OCR,1,KH,91,,"Mynster, J(akob) P(eter)",Meddelelser om mit Levnet,1884,Kbh.,2.opl.,"Mynster, J. P.",Kbh.,Copenhagen,55.6761,12.5683
802,Doc3622OCR.png,Doc3622OCR,1,KH,170,Moderne religiøse samfunn og retninger,"Steiner, Rudolf",Teosofi,,Kra.,,"Steiner, Rudolf",Kra.,Oslo,59.9139,10.7522
803,Doc1005OCR.png,Doc1005OCR,1,MV,70,Nordisk misjon - selskap utenfor Norge,D(anske) M(issions) S(elskab),En Hilsen og Tak i Anledning af Hundrede-Aars-Jubilæet,1921,Kbh.,,Danske Missions Selskab,Kbh.,Copenhagen,55.6761,12.5683
804,Doc1711OCR.png,Doc1711OCR,1,KH,150,"Symbolikk, konfesjonskunnskap","Hase, Karl",Handbuch der protestantischen Polemik gegen die römisch-katholische Kirche,1878,Lpz.,4.verb. Aufl.,"Hase, Karl",Lpz.,Leipzig,51.3397,12.3731
805,Doc2321OCR.png,Doc2321OCR,1,PT,,,"Larsen, Morten",Den kristelige Autoritets Art og Væsen,1911,Kbh.,,"Larsen, Morten",Kbh.,Copenhagen,55.6761,12.5683
806,Doc1575OCR.png,Doc1575OCR,1,NT,,,"Green, Samuel G.",Handbook to the Grammar of the Greek Testament,,London,,"Green, Samuel G.",London,London,51.5074,-0.1278
807,Doc0648OCR.png,Doc0648OCR,1,ST,50,Apologetikk,"Bruun, Frantz",Er Nyevangelismen i Overensstemmelse med Guds Ord?,1891,Kra.,,"Bruun, Frantz",Kra.,Oslo,59.9139,10.7522
808,Doc1381OCR.png,Doc1381OCR,1,GT,20,"Ordbøker, konkordanser og grammatikker",Freund und Marx,Präparationen zum Alten Testament,1864,Lpz.,,,Leipzig,Leipzig,51.3396955,12.3730747
809,Doc1381OCR.png,Doc1381OCR,2,GT,20,"Ordbøker, konkordanser og grammatikker",Freund und Marx,Präparationen zum Alten Testament,1871,Lpz.,,,Leipzig,Leipzig,51.3396955,12.3730747
810,Doc4179OCR.png,Doc4179OCR,1,ST,,,"Zöckler, Otto",Guds Vidner i Naturriget. Biografier og Bekjendelser af store Naturforskere,1882,Chra.,,"Zöckler, Otto",Christiania,Oslo,59.9138688,10.7522454
811,Doc0996OCR.png,Doc0996OCR,1,MV,10,Misjonsteori – allment,"Dahle, L(ars)","Wie soll die Verkündigung des Evangeliums durch Missionare beschaffen sein, damit sie Boden bei den Heiden finde?",1905,Berlin,,"Dahle, Lars",Berlin,Berlin,52.5200066,13.404954
812,Doc3434OCR.png,Doc3434OCR,1,PT,,,"Sedevardsen, Marcus",Brødsmuler for sjælen (28 opbyggelige Betragtninger),1914,Thjem.,,"Sedevardsen, Marcus",Trondhjem,Trondheim,63.4305149,10.3950528
813,Doc0419OCR.png,Doc0419OCR,1,NT,10,Tekstutgaver og oversettelser,Bibelen. N.T. Mattheus. J. Belsheim,Evangelium secundum Matthaeum,1892,Kra.,,"Bibel, New Testament, Matthew, J. Belsheim",Kristiania,Oslo,59.9138688,10.7522454
814,Doc1337OCR.png,Doc1337OCR,1,Et,30,Norsk etnologi,"Flønes, I.",Slægtshistorie over familien fra Brøttem og dens efterslægt Bruraak-familjen,1915,Thjem.,,"Flønes, I.",Trondhjem,Trondheim,63.4305149,10.3950528
815,Doc0888OCR.png,Doc0888OCR,1,SV,50,"Malayiske språk, gassisk språk","Cousins, W. E.",The Translation of the Malagasy Bible,1873,Antan.,,"Cousins, W. E.",Antananarivo,Antananarivo,-18.8791903,47.5079055
816,Doc1909OCR.png,Doc1909OCR,1,GT,50,Den nære orients arkeologi,"Howardy, G.",De gamle Østerlande,1907,Kbh.,,"Howardy, G.",København,Copenhagen,55.6760968,12.5683371
817,Doc1713OCR.png,Doc1713OCR,1,KH,30,"Oldkirkens kirkehistorie, patristikk","Hatch, Edwin",Die Gesellschaftverfassung der christlichen Kirchen im Alterthum: 8 Vorlesungen,1883,Giessen,2. durchges. Aufl. besorgt und mit Excursen versehen von Adolf Harnack,Edwin Hatch,Giessen,Giessen,50.5873,8.6755
818,Doc1877OCR.png,Doc1877OCR,1,Jød,10,Jødedommen - allment og blandet,"Hoornbeck, Johannes","Pro Convincendis, et convertendis Judaeis. Libri Octo",1655,Lugduni Batavorum,,Johannes Hoornbeck,Lugduni Batavorum,Leiden,52.1601,4.497
819,Doc0236OCR.png,Doc0236OCR,1,MV,10,Misjonsteori – allment,"Bergmann, Lorenz",Missionens betydning for Kirken og Teologien,1901,Kbh.,,Lorenz Bergmann,Kbh.,Copenhagen,55.6761,12.5683
820,Doc2299OCR.png,Doc2299OCR,1,NV,70,Medisin og helse,"Landois, L(eonard)",Lehrbuch der Physiologie des Menschen einschliesslich der Histologie und mikroskopischen Anatomie,1880,Wien,,Leonard Landois,Wien,Vienna,48.2082,16.3738
821,Doc2837OCR.png,Doc2837OCR,1,KH,152,Protestantiske kirkesamfunn og vekkelsesbevegelser,"Nissen, A.",Irvingianer oder evangelischer Christ? Ein Mahn- und Warnungswort,1890,Lpz.,,A. Nissen,Lpz.,Leipzig,51.3397,12.3731
822,Doc4166OCR.png,Doc4166OCR,1,ST,,,"Zezschwitz, Carl Adolph Gerhard von","Petri apostoli de Christi ad infernos descensu sententia ex loco I. ep.III,19. Dissertatio exegetica dogmatica",1857,Lips.,,Carl Adolph Gerhard von Zezschwitz,Lips.,Leipzig,51.3397,12.3731
823,Doc2798OCR.png,Doc2798OCR,1,KH,30,"Oldkirkens kirkehistorie, patristikk","Neander, Augustus",Memorials of Christian life in the early and middle ages. Including his 'Light in dark places': Transl. from the German by J.E. Ryland,1852,London,,Augustus Neander,London,London,51.5074,-0.1278
824,Doc3171OCR.png,Doc3171OCR,1,GT,,,"Rambach, Johann Jacob","Christus in Mose, oder Betrachtungen über Weissagungen und Vorbilder in den Büchern Mosis auf Christum. Zum Druck ausgefertigt von Johannes Phil. Fresenius",1736,Franckf.a.M.,,Johann Jacob Rambach,Franckf.a.M.,Frankfurt am Main,50.1109,8.6821
825,Doc1037OCR.png,Doc1037OCR,1,Li,30,Greske klassikere,Demosthenes,The Philippics,1893,London,,Demosthenes,London,London,51.5074,-0.1278
826,Doc3850OCR.png,Doc3850OCR,1,RV,10,Religionshistorie,"Tiele, Cornelius Petrus",Kortfattet Religionshistorie,1884,Kbh.,,Cornelius Petrus Tiele,Kbh.,Copenhagen,55.6761,12.5683
827,Doc3637OCR.png,Doc3637OCR,1,ST,10,Filosofi og idéhistorie,"Stewart, Dugald",Outlines of moral philosophy,1869,London,N. ed.,Dugald Stewart,London,London,51.5074,-0.1278
828,Doc0863OCR.png,Doc0863OCR,1,NV,70,Medisin og helse,"Combe, Andrew",Populær Fremstilling af Lovene for Fordøjelsen,1854,Kbh.,,Andrew Combe,Kbh.,Copenhagen,55.6761,12.5683
829,Doc2428OCR.png,Doc2428OCR,1,ST,,,"Luthardt, Christoph Ernst",Compendium der Dogmatik,1865,Lpz.,,Christoph Ernst Luthardt,Lpz.,Leipzig,51.3397,12.3731
830,Doc0478OCR.png,Doc0478OCR,1,NT,10,Tekstutgaver og oversettelser,,Bibelen. The new testament in Welsh and English.,1868,Llundain (London),,,Llundain (London),London,51.5074,-0.1278
831,Doc1812OCR.png,Doc1812OCR,1,NV,70,Medisin og helse,"Hilty, C.",Om Neurasthenie,1898,Kra.,Autor. overs.,C. Hilty,Kra.,Oslo,,
832,Doc2974OCR.png,Doc2974OCR,1,PT,,,"Palmer, Christian",Evangelische Homiletik,1850,Stuttg.,3. verb. Aufl.,Christian Palmer,Stuttg.,Stuttgart,48.7758,9.1829
833,Doc1983OCR.png,Doc1983OCR,1,PT,92,Annen oppbyggelseslitteratur,"Iversen, Ole C(hristiansen)",Tre bibeltimer. 2. opl.,1907,Kra.,,"Iversen, Ole Christiansen",Kra.,Oslo,59.9139,10.7522
834,Doc3425OCR.png,Doc3425OCR,1,ST,35,Systematisk teologi – monografier,"Schoeberlein, Ludwig",Zeit und Ewigkeit. Himmel und Erde.,1874,Heidelb.,,"Schoeberlein, Ludwig",Heidelb.,Heidelberg,49.3988,8.6724
835,Doc0405OCR.png,Doc0405OCR,1,NT,10,Tekstutgaver og oversettelser,,Bibelen. N.T. Islandsk. That Nya Testamente ... efter theirri 2. utg. thes a Islendsku,1807,Kaupmh.,,,Kaupmh.,Copenhagen,55.6761,12.5683
836,Doc1814OCR.png,Doc1814OCR,1,NV,40,Kjemi,"Hiortdahl, Th(orstein)",Kortfattet lærebog i anorganisk kemi. 4. omarb. udg.,1888,Kra.,,"Hiortdahl, Thorstein",Kra.,Oslo,59.9139,10.7522
837,Doc1700OCR.png,Doc1700OCR,1,MV,10,Misjonsteori – allment,"Harnett, Kathleen",Nutidsbevægelser i Østen og i Afrika af Kathleen Harnett og William Paton,1921,Kbh.,,"Harnett, Kathleen",Kbh.,Copenhagen,55.6761,12.5683
838,Doc2524OCR.png,Doc2524OCR,1,Li,,,"Macauley (of Rothley, Thomas Babington)",Miscellaneous writing and speeches. New Ed.,1873,London,,"Macauley, Thomas Babington",London,London,51.5074,-0.1278
839,Doc1944OCR.png,Doc1944OCR,1,ST,50,Apologetikk,"Høffding, Harald",Religion og Videnskab,1910,Kbh. Kra.,,"Høffding, Harald",Kbh. Kra.,"Copenhagen, Oslo",55.6761,12.5683
840,Doc1660OCR.png,Doc1660OCR,1,PT,,,"Hammarsten, Fr.",Sådd på Guds åker : predikningar : andra årgången / Fr. Hammarsten,1905,Sth. Evang. Fosterlands-Stiftelsens Förlags Expedition,,"Hammarsten, Fr.",Sth.,Stockholm,59.3293,18.0686
841,Doc0334OCR.png,Doc0334OCR,1,GT,10,Tekstutgaver og oversettelser,S. Michelet,Bibelen. G.T. Norsk Av Mosebøkerne og Jesajaboken.,1918,Kra.,,S. Michelet,Kra.,Kristiania,59.9139,10.7522
842,Doc2422OCR.png,Doc2422OCR,1,PT,90,Prekener og andaktsbøker,Herman Lunde,Kristus-prædikener. En samling taler til hver søn- og høitidsdag i aaret.,1908,Kra.,,Herman Lunde,Kra.,Kristiania,59.9139,10.7522
843,Doc4155OCR.png,Doc4155OCR,1,Li,30,Greske klassikere,Xenophon,Memorabilia of Socrates ... The Anabasis,1855,London,,Xenophon,London,London,51.5074,-0.1278
844,Doc1816OCR.png,Doc1816OCR,1,KH,30,"Oldkirkens kirkehistorie, patristikk",Joanne Cristophorsono,Historiae ecclesiasticae scriptores: Graeci,1571,Parisiae,fo,Joanne Cristophorsono,Parisiae,Paris,48.8566,2.3522
845,Doc3424OCR.png,Doc3424OCR,1,ST,,,Ludwig Schoberlein,Das Princip und System der Dogmatik. Einleitung in die christliche Glaubenslehre.,1881,Heidelb.,,Ludwig Schoberlein,Heidelb.,Heidelberg,49.3988,8.6724
846,Doc3027OCR.png,Doc3027OCR,1,Te,10,Matematikk,A. Petersen,Opgaver i regning og konstruktionstegning ved middelskolens afgangseksamen ... 1874 - 1893.,1894,Kra.,,A. Petersen,Kra.,Kristiania,59.9139,10.7522
847,Doc3520OCR.png,Doc3520OCR,1,RV,90,Kinesiske religioner/filosofi,T.E. Slater,The higher Hinduism in relation to Christianity,1903,London,2 nd rev. ed.,T.E. Slater,London,London,51.5074,-0.1278
848,Doc3172OCR.png,Doc3172OCR,1,Hi,10,Politisk historie og kulturhistorie,Alfred Rambaud,Histoire de la civilisation francaise,1895,Paris,6 e éd.,Alfred Rambaud,Paris,Paris,48.8566,2.3522
849,Doc0652OCR.png,Doc0652OCR,1,Le,20,Ordbøker – moderne språk og latin,"Brynhildsen, J.",Norsk-Engelsk Ordbog.,1892,Kra.,,"Brynhildsen, J.",Kra.,Oslo,59.9139,10.7522
850,Doc1957OCR.png,Doc1957OCR,1,MV,90,Misjonærbiografier,"Ihrmark, Axel",Axel Herman Liljestrand.,1909,Upps.,,"Ihrmark, Axel",Upps.,Uppsala,59.8586,17.6389
851,Doc2854OCR.png,Doc2854OCR,1,Ti,40,Tidsskrift – blandet innhold,Norges kristelige Ungdomsforbund,Beretning for aarene 1914-16.,1916,Kra.,,Norges kristelige Ungdomsforbund,Kra.,Oslo,59.9139,10.7522
852,Doc1062OCR.png,Doc1062OCR,1,Li,85,Svensk litteratur,"Dietrichson, L(orentz)",Indledning i Studiet af Sveriges Literatur i vort Aarhundrede.,1862,Kbh.,,"Dietrichson, Lorentz",Kbh.,Copenhagen,55.6761,12.5683
853,Doc3246OCR.png,Doc3246OCR,1,PT,80,Hymnologi og kirkemusikk,"Rogers, Stanley",Centenary Missionary Hymnal.,1894,London,,"Rogers, Stanley",London,London,51.5074,-0.1278
854,Doc1298OCR.png,Doc1298OCR,1,PT,92,Annen oppbyggelseslitteratur,"Fénelon, (Francois de Salignac de la Motte)",Perlen christlicher Weisheit. Aus seinen religiösen Schriften gesammelt von August Gebauer.,1846,Stuttgart,,"Fénelon, François de Salignac de la Motte",Stuttgart,Stuttgart,48.7758,9.1829
855,Doc2488OCR.png,Doc2488OCR,1,MV,70,Nordisk misjon - selskap utenfor Norge,"Løgstrup, T(heodor)",Det danske Missionsselskabs Historie,1905,Kbh.,Ny Udg.,"Løgstrup, Theodor",Kbh.,Copenhagen,55.6761,12.5683
856,Doc2060OCR.png,Doc2060OCR,1,Jød,10,Jødedommen - allment og blandet,"Jost, J.M.",Geschichte des Judenthums und seiner Secten. Abt.1 - 3.,1857,Lpz.,3 Abt.,"Jost, J.M.",Lpz.,Leipzig,51.3397,12.3731
857,Doc0188OCR.png,Doc0188OCR,1,PT,,,"Bastiansen, H.",Raad og Vink til Søndagsskolelærere.,1906,Stvg.,,"Bastiansen, H.",Stvg.,Stavanger,58.97,5.73
858,Doc1218OCR.png,Doc1218OCR,1,SV,20,Indogermanske språk [-> Indoeuropeiske språk],"Erichsen, A(ndreas) E(mil)",Norske Stilopgaver af A.E.Eriksen.,1874,Kra.,,"Erichsen, A. E.",Kra.,Oslo,59.91,10.75
859,Doc0654OCR.png,Doc0654OCR,1,ST,,,"Brøchner, H.",Philosophiens Historie i Grundrids. D.1-2.,1873,Kbh.,2 D i 1 B.,"Brøchner, H.",Kbh.,Copenhagen,55.68,12.57
860,Doc0342OCR.png,Doc0342OCR,1,NT,,,,Bibelen. N.T. Lukas. Bengali. Gospel of Luke in Bengali.,,U.s.u.å.,,,U.s.u.å.,Unknown,,
861,Doc3412OCR.png,Doc3412OCR,1,NT,,,"Schumann, Ad.",Christus oder die Lehre des Alten und Neuen Testamentes von der Person des Erlösers. B.1,1852,Hamb.,,"Schumann, Ad.",Hamb.,Hamburg,53.55,9.99
862,Doc4143OCR.png,Doc4143OCR,1,ST,,,"Wuttke, Adolf",Handbuch der Christlichen Sittenlehre. 2. verb. verm. Aufl. B.1-2.,1864,Berlin,2 b.,"Wuttke, Adolf",Berlin,Berlin,52.52,13.4
863,Doc3675OCR.png,Doc3675OCR,1,Bi,30,"Bibelsk geografi, arkeologi, kulturhistorie","Strausz, F(riedrich) A(dolph)",Sinai og Golgatha. Reiser i Østerlandene. Efter Orig. 7.Opl. ved A. Olivarius.,1861,Kbh.,,"Strausz, Friedrich Adolph",Kbh.,Copenhagen,55.68,12.57
864,Doc0508OCR.png,Doc0508OCR,1,SV,20,Indogermanske språk [-> Indoeuropeiske språk],"Bjørset, Karl",Tysk læsebog for middelskolens 3. øverste klasser ...,1899,Kra.,D.3.,"Bjørset, Karl",Kra.,Oslo,59.91,10.75
865,Doc3265OCR.png,Doc3265OCR,1,Te,20,Teknikk – allment,Rothschild,Lommebog i handelskundskab,1889,Bergen,,Rothschild,Bergen,Bergen,60.3913,5.3221
866,Doc2567OCR.png,Doc2567OCR,1,Hi,10,Politisk historie og kulturhistorie,,Map book of the world-wide war,1915,London,,,London,London,51.5074,-0.1278
867,Doc2664OCR.png,Doc2664OCR,1,MV,80,Misjon i andre land (Europa og Nord-Amerika),"Mirbt, Carl",Die Evangelische Mission Deutschlands unter dem Drück des gegenwärtigen Weltkrieges,1916,Stuttgart,,"Mirbt, Carl",Stuttgart,Stuttgart,48.7758,9.1829
868,Doc3499OCR.png,Doc3499OCR,1,KH,,,"Skagestad, G(abriel)",Maalet og veien. Et indlæg for en evangelisk menighedsordning,1907,Kra.,,"Skagestad, Gabriel",Kra.,Oslo,59.9139,10.7522
869,Doc1593OCR.png,Doc1593OCR,1,Ge,20,Enkelte lands geografi,"Grove-Rasmussen, A(ndreas C(hristian) L(udvig)",Niagara Vandfaldene. Et Rejseminde,1885,Kbh.,,"Grove-Rasmussen, Andreas Christian Ludvig",Kbh.,Copenhagen,55.6761,12.5683
870,Doc3352OCR.png,Doc3352OCR,1,SV,20,Indogermanske språk [-> Indoeuropeiske språk],"Schenkl, Karl","Græsk Elementarbog: til Curtius' Grammatik, overs. efter Orig. 3. Opl. af Valentin Voss.",1859,Chra.,3. Opl.,"Schenk, Karl",Chra.,Oslo,59.9139,10.7522
871,Doc3352OCR.png,Doc3352OCR,2,SV,20,Indogermanske språk [-> Indoeuropeiske språk],"Schenk, Karl","Græsk Elementarbog: til Curtius' Grammatik, 2. norske Udg. bearb. efter Orig.6.Opl.",1870,Chra.,2. norske Udg.,"Schenk, Karl",Chra.,Oslo,59.9139,10.7522
872,Doc2728OCR.png,Doc2728OCR,1,MV,10,Misjonsteori – allment,"Mott, John. R.",The present world situation,1914,N.Y.,,"Mott, John R.",N.Y.,New York,40.7128,-74.006
873,Doc2519OCR.png,Doc2519OCR,1,NT,,,"Laache, N(ils) J.(akob)",Johannes's Aabenbarings Inddeling og Indhold,1890,Thjem.,2 ekspl.,"Laache, Nils Jakob",Thjem.,Trondheim,63.4305,10.3951
874,Doc0122OCR.png,Doc0122OCR,1,KH,,,"Auberlen, Carl August",Die Theosophie Friedrich Christoph Oetinger's ... Ein Beitrag zur Dogmengeschichte und zur Geschichte der Philosophie. 2. Ausg.,1859,Basel,,"Auberlen, Carl August",Basel,Basel,47.5596,7.5886
875,Doc4042OCR.png,Doc4042OCR,1,MV,10,Misjonsteori – allment,"Watson, Charles R.","The secretary, his life and work. Særtr. av The 1915 report of the Foreign Miss. Conf. of N. A.",,,,"Watson, Charles R.",,,,
876,Doc1744OCR.png,Doc1744OCR,1,KH,110,Nord-Amerikas kirkehistorie,"Helland, Andreas",Augsburg seminar gjennem 50 aar 1869-1919.,1920,"Minneapolis, Minn.",,"Helland, Andreas","Minneapolis, Minn.","Minneapolis, Minnesota",44.9778,-93.265
877,Doc1622OCR.png,Doc1622OCR,1,KH,,,"Hagenbach, K(arl) R(udolf)",Forelæsninger over Reformationens Historie i Tyskland og Schweiz. Overs. efter 3. Udg. ved L. C. Hansen.,1860,Kbh.,,"Hagenbach, K(arl) R(udolf)",Kbh.,Copenhagen,55.6761,12.5683
878,Doc2959OCR.png,Doc2959OCR,1,KH,80,Norges kirkehistorie,(Oslo ll. Stiftsmøde.),Kirkelige Tidsspørgsmaal. Tre Foredrag,1888,Kra.,,,Kra.,Oslo,59.9139,10.7522
879,Doc1251OCR.png,Doc1251OCR,1,SV,20,Indogermanske språk [-> Indoeuropeiske språk],"Eustathiade, S.",Nouvelle grammaire élémentaire de grec modern. 3.e éd. rev.,1880,Paris,,"Eustathiade, S.",Paris,Paris,48.8566,2.3522
880,Doc1001OCR.png,Doc1001OCR,1,SV,50,"Malayiske språk, gassisk språk","Dalmond, Préfet apostolique","Exercices en langue sakalava contenant prieres, catechisme, cantiques et abrégé d'histoire sainte ...",1841,Bourbon,,"Dalmond, Préfet apostolique",Bourbon,Réunion,-21.1151,55.5364
881,Doc2684OCR.png,Doc2684OCR,1,KH,,,"Moe, Oscar","Katechismus og Katechismusundervisningen fra Reformationen, især i Danmark og Norge.",1889,Kra.,,"Moe, Oscar",Kra.,Oslo,59.9139,10.7522
882,Doc2684OCR.png,Doc2684OCR,2,KH,,,"Grimelund, A.",Om Skriftemaal og Nadverd.,1891,Chra.,,"Grimelund, A.",Chra.,Oslo,59.9139,10.7522
883,Doc0843OCR.png,Doc0843OCR,1,Li,40,Latinske klassikere,"Cicero, Marcus Tullius",Von dem Wesen der Götter. 3 Bücher. Uebers. und erkl. von Raphael Kühner,1863,Stuttg.,,"Cicero, Marcus Tullius",Stuttg.,Stuttgart,48.7758,9.1829
884,Doc3294OCR.png,Doc3294OCR,1,Te,20,Teknikk – allment,"Sacken, Eduard von",Katechismus der Baustyle,1876,Lpz.,5. verb. Aufl.,"Sacken, Eduard von",Lpz.,Leipzig,51.3397,12.3731
885,Doc3252OCR.png,Doc3252OCR,1,Ge,20,Enkelte lands geografi,,Pianta di Roma,,(Roma),,,(Roma),Rome,41.9028,12.4964
886,Doc3599OCR.png,Doc3599OCR,1,Va,20,?,Stavanger,Samling af Kommunale Instrukser m.v.,1900,Stvg.,,Stavanger,Stvg.,Stavanger,58.969975,5.733107
887,Doc1460OCR.png,Doc1460OCR,1,ST,,,"Gerhard, Frederick",Fremtidens Trosbekjendelse. Autor. Overs. ved J.V. Østerberg,1891,Kbh.,,"Gerhard, Frederick",Kbh.,Copenhagen,55.6761,12.5683
888,Doc3543OCR.png,Doc3543OCR,1,KH,40,Middelalderens kirkehistorie,"Sommerfelt, Vilhelm",Augustins Omvendelse,1904,Kra.,,"Sommerfelt, Vilhelm",Kra.,Oslo,59.9139,10.7522
889,Doc3523OCR.png,Doc3523OCR,1,MV,30,Misjonshistorie,"Smith, George",Short history of Christian missions,1884,Edinb.,,"Smith, George",Edinb.,Edinburgh,55.9533,-3.1883
890,Doc0400OCR.png,Doc0400OCR,1,NT,10,Tekstutgaver og oversettelser,Car. Godofr. Guilielinus Theile,Novum Testamentum Graece et Germanice. Textum Graecum et vernaculum versionis Lutheri,1852,Lips.,Ed. ster.,"Theile, Carl Gottfried Wilhelm",Lips.,Leipzig,51.3397,12.3731
891,Doc1731OCR.png,Doc1731OCR,1,ST,,,"Heegaard, P(oul) S(ophus) V(ilhelm)",Professor R. Nielsens Lære om Tro og Viden. En kritisk Afhandling.,1867,Kbh.,,"Heegaard, Poul Sophus Vilhelm",Kbh.,Copenhagen,55.6761,12.5683
892,Doc1731OCR.png,Doc1731OCR,2,ST,,,"Heegaard, P(oul) S(ophus) V(ilhelm)",Om Intolerance især i Henseende til religiøs Overbevisning.,1878,Kbh.,,"Heegaard, Poul Sophus Vilhelm",Kbh.,Copenhagen,55.6761,12.5683
893,Doc1731OCR.png,Doc1731OCR,3,ST,,,"Heegaard, P(oul) S(ophus) V(ilhelm)","Verdensstyrelsen i Forhold til Frihedens Brug. Populair Betragtning af Forf. til ""Julen hos Elise""",1869,Kbh.,,"Heegaard, Poul Sophus Vilhelm",Kbh.,Copenhagen,55.6761,12.5683
894,Doc0427OCR.png,Doc0427OCR,1,NT,10,Tekstutgaver og oversettelser,,Bibelen. N.T. Malayisk.,,,,,,,,
895,Doc0941OCR.png,Doc0941OCR,1,MS,,,"Dahle, Lars",Diarium 1/1.1874 - (7/1.1876).,,,,"Dahle, Lars",,,,
896,Doc2055OCR.png,Doc2055OCR,1,MV,180,Bibelspredning,"Jones, Mary",The story of Mary Jones and her Bible. Collected from the best materials and re-told by M.E.R. Centenary ed.,1904,London,,"Jones, Mary",London,London,51.5074,-0.1278
897,Doc2994OCR.png,Doc2994OCR,1,MV,90,Misjonærbiografier,"Paton, John",Missionar unter den Kannibalen der Südsee.,1890,Basel,,"Paton, John",Basel,Basel,47.5596,7.5886
898,Doc2734OCR.png,Doc2734OCR,1,RV,60,Islam,"Muir, William",The Coran. Its composition and teaching; and the testimony it bears to the holy scriptures.,1878,London,,"Muir, William",London,London,51.5074,-0.1278
899,Doc2070OCR.png,Doc2070OCR,1,Et,30,Norsk etnologi,"Jæger, Oskar",Universitets-striden fremstillet og dokumentert.,1913,Kra.,,"Jæger, Oskar",Kra.,Oslo,59.9139,10.7522
900,Doc0632OCR.png,Doc0632OCR,1,KH,,,"Brun, Christen",Den lammerske bevægelse.,1905,Kra.,,"Brun, Christen",Kra.,Oslo,59.9139,10.7522
901,Doc3586OCR.png,Doc3586OCR,1,SV,20,Indogermanske språk [-> Indoeuropeiske språk],"Stamm, Friedrich Ludwig","Ulfilas oder Die uns erhaltenen Denkmäler der gothischen Sprache. Text, Wörterbuch und Grammatik. Neu hg. von Moritz Heyne. B.1-2. 5. Aufl.",1872,Paderborn,5. Aufl.,"Stamm, Friedrich Ludwig",Paderborn,Paderborn,51.7189,8.7575
902,Doc2449OCR.png,Doc2449OCR,1,GT,61,Kommentar til Genesis,"Luther, Martin","Die Predigten über das erste B. Mosis, nebst dem, was (er) vom andern Buch Mosis bis zum Psalter ausgelegt, ... hg. von Johann Georg Walch. T.1-3.",1740,Halle im Magedb.,,"Luther, Martin",Halle im Magdeburg,"Halle (Saale), Magdeburg",51.4827,11.9683
903,Doc2646OCR.png,Doc2646OCR,1,KH,,,"Michelet, S(imon)",Fredrik Petersen 1839-1903.,1903,Góteb.,,"Michelet, Simon",Gothenburg,Gothenburg,57.7089,11.9746
904,Doc2541OCR.png,Doc2541OCR,1,MV,138,Misjon og kirke på Madagaskar,,Extrait du Journal Officielle ... Au sujet de la neutralité réligieuse ...,1897,Tanan.,,,Tananarive,Antananarivo,-18.8792,47.5079
905,Doc1830OCR.png,Doc1830OCR,1,MV,122,Misjon og kirke i India,"Hoff, Estrid",Fra kvindearbeidet i Tiruvannamalai.,1913,Kbh.,,"Hoff, Estrid",Copenhagen,Copenhagen,55.6761,12.5683
906,Doc3004OCR.png,Doc3004OCR,1,PT,92,Annen oppbyggelseslitteratur,"Pearse, Mark Guy",Guld og røgelse. Fortælling fra Cornwall,1899,Kra.,,"Pearse, Mark Guy",Kristiania,Oslo,59.9139,10.7522
907,Doc3110OCR.png,Doc3110OCR,1,Bi,50,Kommentarverk til hele Bibelen,"Polus, Matthaeus",Synopsis criticorum aliorumque Scripturae sacrae interpretum et commentatorum ... Vol. 1-5.,1712,Francof. a.M.,,"Polus, Matthaeus",Frankfurt am Main,Frankfurt am Main,50.1109,8.6821
908,Doc1098OCR.png,Doc1098OCR,1,GT,30,Innledningsvitenskap,"Driver, S. R.",An introduction to the literature of the Old Testament. 4. ed.,1892,Edinb.,4. ed.,"Driver, Samuel Rolles",Edinburgh,Edinburgh,55.9533,-3.1883
909,Doc2057OCR.png,Doc2057OCR,1,PT,92,Annen oppbyggelseslitteratur,"Jonsson, K. Lewis",Johannes's Aabenbaring VI og vor tid. Overs. efter orig. 3. opl. ved Th. Dahl,1919,Sth. Kra.,,"Jonsson, K. Lewis","Stockholm, Kristiania","Stockholm, Oslo",59.9139,10.7522
910,Doc2845OCR.png,Doc2845OCR,1,ST,,,"Nordau, Max",Entartung. 2. Aufl. B.1-2.,1893,Berlin,,"Nordau, Max",Berlin,Berlin,52.52,13.405
911,Doc0885OCR.png,Doc0885OCR,1,SV,50,"Malayiske språk, gassisk språk","Cousins, W. E.",Malagasy customs: ...,1876,Antan.,,"Cousins, W. E.",Antananarivo,Antananarivo,-18.8792,47.5079
912,Doc2408OCR.png,Doc2408OCR,1,Va,20,?,"Lorentzen, C.",Svamp. Samfundsbilleder fra vor Tids Rusland.,1885,Kbh.,,"Lorentzen, C.",København,Copenhagen,55.6761,12.5683
913,Doc2967OCR.png,Doc2967OCR,1,Li,40,Latinske klassikere,"Ovidius Naso, P(ublius)",Metamorphoses. Auswahl für Schulen ... von Johannes Siebelis.,1876,Lpz.,9.-8. Aufl. besorgt von Friedrich Polle,"Ovidius Naso, Publius",Leipzig,Leipzig,51.3397,12.3731
914,Doc2770OCR.png,Doc2770OCR,1,ST,50,Apologetikk,"Müller, Peter Erasmus",Kristelig Apologetik ...,1810,Kbh.,,"Müller, Peter Erasmus",København,Copenhagen,55.6761,12.5683
915,Doc2219OCR.png,Doc2219OCR,1,KH,100,Andre europeiske lands kirkehistorie,"Konstantin-Hansen, Thora",Valdeserne i Italien i Fortid og Nutid.,1909,Kbh.,,"Konstantin-Hansen, Thora",København,Copenhagen,55.6761,12.5683
916,Doc2395OCR.png,Doc2395OCR,1,NV,70,Medisin og helse,"Lochmann, (Ernst Ferdinand)","Om Næringsmidlerne. 2. Tillægsh. til ""Folkevennen"".",1886,Kra.,,"Lochmann, Ernst Ferdinand",Kristiania,Oslo,59.9139,10.7522
917,Doc3588OCR.png,Doc3588OCR,1,MV,138,Misjon og kirke på Madagaskar,"Standing, H.F.",Ny momba fampianarana.,1886,Faravohitra,F.F.M.A.,"Standing, H.F.",Faravohitra,Faravohitra,-18.8785,47.5214
918,Doc0556OCR.png,Doc0556OCR,1,NV,50,Zoologi,"Bonnevie, Kristine",Biologi for gymnasiet. 2. Zoologi.,1902,Kra.,,"Bonnevie, Kristine",Kra.,Oslo,59.9139,10.7522
919,Doc2545OCR.png,Doc2545OCR,1,NT,,,"Madsen, P(eder)","Johannes' Aabenbaring, indledet og fortolket.",1887,Kbh.,,"Madsen, Peder",Kbh.,Copenhagen,55.6761,12.5683
920,Doc3336OCR.png,Doc3336OCR,1,KH,170,Moderne religiøse samfunn og retninger,"Schalk, Kuno v.d.",Die moderne Theosophie. Eine Gefahr für unser Geistesleben.,1912,Lpz.,,"Schalk, Kuno v.d.",Lpz.,Leipzig,51.3397,12.3731
921,Doc3906OCR.png,Doc3906OCR,1,KH,,,"Uhlhorn, Gerhard",De kristne Kærligheds Gerninger i Oldkirken. Bearb. ... af Christian Obelitz.,1884,Kbh.,,"Uhlhorn, Gerhard",Kbh.,Copenhagen,55.6761,12.5683
922,Doc1709OCR.png,Doc1709OCR,1,ST,30,Dogmatikk,"Hase, Karl",Evangelische Dogmatik 3. verb. Aufl. Lpz. 1842.,1842,Lpz.,,"Hase, Karl",Lpz.,Leipzig,51.3397,12.3731
923,Doc1709OCR.png,Doc1709OCR,2,ST,30,Dogmatikk,"Hase, Karl",Hutterus redivivus eller den Evangelisk-Lutherske Kirkes Dogmatik. Overs. efter Orig. 4.Udg. af A.L.C.Listow.,1841,Kbh.,,"Hase, Karl",Kbh.,Copenhagen,55.6761,12.5683
924,Doc2249OCR.png,Doc2249OCR,1,ST,30,Dogmatikk,"Krogh-Tønning, K.",Den kristelige Troeslære i dens Grundtræk. Oprindelig 12 Foredrag.,1870,Bergen,,"Krogh-Tønning, K.",Bergen,Bergen,60.3913,5.3221
925,Doc3616OCR.png,Doc3616OCR,1,ST,10,Filosofi og idéhistorie,"Steffens, Henrich",Indledning til philosophiske Forelæsninger.,1803,Kbh.,,"Steffens, Henrich",Kbh.,Copenhagen,55.6761,12.5683
926,Doc1155OCR.png,Doc1155OCR,1,PT,92,Annen oppbyggelseslitteratur,"Eggen, J. Müller",Et Blik paa vor Tid.,1891,Kra.,,"Eggen, J. Mueller",Kra.,Oslo,59.9139,10.7522
927,Doc3999OCR.png,Doc3999OCR,1,Li,50,Fransk litteratur,"Voltaire, (Francois Marie Arouet de)","Naturmennesket, (L'Ingénu,)
Overs. af Carl Michelsen.",,Kbh.,,"Voltaire, Francois Marie Arouet de",Kbh.,Copenhagen,55.6761,12.5683
928,Doc1848OCR.png,Doc1848OCR,1,PT,92,Annen oppbyggelseslitteratur,"(Holm, Nils Johannes)",De fire Evangelisters Harmonie,1833,Chra.,,"Holm, Nils Johannes",Chra.,Oslo,59.9139,10.7522
929,Doc1771OCR.png,Doc1771OCR,1,Li,30,Greske klassikere,Herodotos,(Opera) rec. Josephus Williams Blakesley. Vol. 1-2.,1874,Cantabr.,,Herodotus,Cantabr.,Cambridge,52.2053,0.1218
930,Doc1556OCR.png,Doc1556OCR,1,MV,30,Misjonshistorie,"Gundert, H(ermann)",Die Evangelische Mission,1886,Calw,2. verm. Aufl.,"Gundert, Hermann",Calw,Calw,48.7088,8.746
931,Doc2252OCR.png,Doc2252OCR,1,ST,,,"Kroman, K(ristian)",Kortfattet Tænke- og Sjælelære,1899,Kbh.,3. Udg.,"Kroman, Kristian",Kbh.,Copenhagen,55.6761,12.5683
932,Doc4194OCR.png,Doc4194OCR,1,SV,20,Indogermanske språk [-> Indoeuropeiske språk],"Aalholm, N(iels) M(atthias)",Materialier til tydske Stiiløvelser,1860,Chra.,3. Udg.,"Aalholm, Niels Matthias",Chra.,Oslo,59.9139,10.7522
933,Doc0926OCR.png,Doc0926OCR,1,KH,,,"Dahl, Jonas",Skal Statskirken rives?,1912,Kra.,,"Dahl, Jonas",Kra.,Oslo,59.9139,10.7522
934,Doc3592OCR.png,Doc3592OCR,1,GT,60,Kommentarverk til hele GT,"Starke, Christoph","Synopsis bibliothecae exegeticae in Vetus testamentum. Kurzgefasster Auszug der gründlichsten ... Auslegungen über alle Bücher Altes Testaments, ... 1.-2. Aufl",1742,Berlin,,"Starke, Christoph",Berlin,Berlin,52.52,13.405
935,Doc3064OCR.png,Doc3064OCR,1,Li,40,Latinske klassikere,"Phaedrus, Augusti Libertus",Fabulae. Libri 5. Texte latin publ. avec ... des notes ... et les imitations de la Fontaine et de Florian par E. Talbert.,1888,Paris,,"Phaedrus, Augusti Libertus",Paris,Paris,48.8566,2.3522
936,Doc2209OCR.png,Doc2209OCR,1,ST,50,Apologetikk,"Kolmodin, A(dolf)",Kristendommen och den urkristna församlingens Bibel. 2. uppl.,1909,Uppsala,,"Kolmodin, Adolf",Uppsala,Uppsala,59.8586,17.6389
937,Doc2831OCR.png,Doc2831OCR,1,Et,10,Etnologi – allment,"Nielsen, Yngvar",Universitetets ethnografiske Samlinger 1857-1907. En historisk Oversigt,1907,Chra.,,"Nielsen, Yngvar",Kristiania,Oslo,59.9139,10.7522
938,Doc0318OCR.png,Doc0318OCR,1,Bi,,,,Bibelen. GT. Samuelsbøkene. Norsk (nynorsk) 1930,1930,Oslo,,,Oslo,Oslo,59.9139,10.7522
939,Doc2216OCR.png,Doc2216OCR,1,KH,120,Dogme- og teologihistorie,"Kolsrud, Oluf","Om ""udtrykket ""den Helligånd""",1915,Kra.,,"Kolsrud, Oluf",Kristiania,Oslo,59.9139,10.7522
940,Doc0835OCR.png,Doc0835OCR,1,Li,40,Latinske klassikere,"Cicero, M(arcus) Tullius",Opera philosopha et politica recogn. J.G. Baiter.,1864,Lipsia,Vol.2.,"Cicero, Marcus Tullius",Leipzig,Leipzig,51.3397,12.3731
941,Doc1919OCR.png,Doc1919OCR,1,SV,10,Språkvitenskap – allment,"Humboldt, Wilhelm von","Ueber die Verschiedenheit des menschlichen Sprachbaues ... Mit ... Anm. und Excurse ... (und) ""Wilhelm von Humboldt und die Sprachwissenschaft"". Von A.F. Pott.",1876,Berlin,,"Humboldt, Wilhelm von",Berlin,Berlin,52.52,13.405
942,Doc2430OCR.png,Doc2430OCR,1,ST,,,"Luthardt, Chr(istoph) Ernst",Kompendium der theologischen Ethik,1898,Lpz,2. verb. Aufl.,"Luthardt, Christoph Ernst",Lpz,Leipzig,51.3397,12.3731
943,Doc1992OCR.png,Doc1992OCR,1,MV,138,Misjon og kirke på Madagaskar,"Jakobsen, D.",Tantara fohy avy amin'ny Soratra Masina,1902,Tanan,,"Jakobsen, D.",Tanan,Antananarivo,-18.8792,47.5079
944,Doc3808OCR.png,Doc3808OCR,1,Le,30,Teologiske leksika og encyclopedier,,Theologisches Handwörterbuch illustriert,1891,Calw,B.1-2,,Calw,Calw,48.7157,8.7438
945,Doc2374OCR.png,Doc2374OCR,1,MV,40,Norsk misjon – allment,,Lidt Missionsstatistik,1917,Kbh,,,Kbh,Copenhagen,55.6761,12.5683
946,Doc3346OCR.png,Doc3346OCR,1,MV,138,Misjon og kirke på Madagaskar,,"Schedule of matters requiring attention prior to visit of proposed simultaneous deputations to Madagascar, summer, 1913",1913,U.s,2 ekspl.,,U.s,,,
947,Doc3346OCR.png,Doc3346OCR,2,MV,138,Misjon og kirke på Madagaskar,,Madagascar for Christ,,,,,,,,
948,Doc2652OCR.png,Doc2652OCR,1,ST,10,Filosofi og idéhistorie,"Mill, John Stuart",A system of logic,1856,London,4 th ed. Vol.1-2,"Mill, John Stuart",London,London,51.5074,-0.1278
949,Doc3444OCR.png,Doc3444OCR,1,SV,20,Indogermanske språk [-> Indoeuropeiske språk],"Seidel, A.",Praktische Grammatik der Neupersischen Sprache,,Wien u.ä.,,"Seidel, A.",Wien u.ä.,Vienna and others,48.2082,16.3738
950,Doc1796OCR.png,Doc1796OCR,1,PT,90,Prekener og andaktsbøker,"Heuch, J(ohan) C(hristian)",Vidnesbyrd om Kristus. Prædikener over Kirkeaarets Høimesse­texter,1887,Kra,2 B i 1,"Heuch, Johan Christian",Kra,Oslo,59.9139,10.7522
951,Doc0856OCR.png,Doc0856OCR,1,Et,20,Sosiologi,"Clausen, Johannes","Laurentius Valla, hans Liv og Skrifter. Et Bidrag til Belysning af Humanismen.",1861,Kbh.,,"Clausen, Johannes",Kbh.,Copenhagen,55.6761,12.5683
952,Doc0856OCR.png,Doc0856OCR,2,Et,20,Sosiologi,"Hammerich, Fr.",Den hellige Birgitta og Kirken i Norden.,1863,Kbh.,,"Hammerich, Fr.",Kbh.,Copenhagen,55.6761,12.5683
953,Doc0707OCR.png,Doc0707OCR,1,Jød,40,Rabbinismen,"Buxtorf, Johannes (1564-1629)","Lexicon Chaldaicum, talmudicum et rabbinicum ... nunc demum ... ed.",1639,Basilea,,"Buxtorf, Johannes",Basilea,Basel,47.5596,7.5886
954,Doc2629OCR.png,Doc2629OCR,1,KH,50,Reformasjonstidens historie,"Merle d'Aubigné, J(ean) H(enri)",The history of the reformation in the 16th century. Transl. by David Dundas Scott and H. White.,1860,London,Vol.1-3,"Merle d'Aubigné, Jean Henri",London,London,51.5074,-0.1278
955,Doc2051OCR.png,Doc2051OCR,1,MV,10,Misjonsteori – allment,"Johnson, Joh(anne)s",Hvad skal vi svare Hedningemissionens Motstandere ?,1903,Kra.,,"Johnson, Johannes",Kra.,Oslo,59.9139,10.7522
956,Doc4131OCR.png,Doc4131OCR,1,Ge,20,Enkelte lands geografi,"Woerl, Leo",Führer durch Bremen und Umgebung. 10. Aufl.,1896,Würzburg,,"Woerl, Leo",Würzburg,Würzburg,49.7913,9.9534
957,Doc1643OCR.png,Doc1643OCR,1,ST,100,,"Hallesby, Ole",Om underet. 3 populære foredrag.,1910,Kra.,,"Hallesby, Ole",Kra.,Oslo,59.9139,10.7522
958,Doc1708OCR.png,Doc1708OCR,1,KH,100,Andre europeiske lands kirkehistorie,"Harvey, William Wigan",Ecclesiae Anglicanae: vindex catholicus sive Articulorum ecclesiae Anglicanae cum scriptis Ss. patrum nova collatio. T.1-3.,1843,Cantabr.,,"Harvey, William Wigan",Cantabr.,Cambridge,52.2053,0.1218
959,Doc1434OCR.png,Doc1434OCR,1,ST,48,Seksualetikk,"Garborg, Arne",Fri Skilsmisse. Indlæg i Diskussionen om Kjærlighed.,1888,Bergen,,"Garborg, Arne",Bergen,Bergen,60.3913,5.3221
960,Doc0404OCR.png,Doc0404OCR,1,NT,10,Tekstutgaver og oversettelser,,Bibelen. N.T. Hollandsk. Het nieuwe testament,1848,Amst.,,,Amst.,Amsterdam,52.370216,4.895168
961,Doc2403OCR.png,Doc2403OCR,1,MV,138,Misjon og kirke på Madagaskar,Ny London Missionary Society,"L.M.S. College, Antananarivo",1881,Antan.,Utg.,Ny London Missionary Society,Antan.,Antananarivo,-18.8792,47.5079
962,Doc0666OCR.png,Doc0666OCR,1,PT,92,Annen oppbyggelseslitteratur,"Bugge, Chr(istian) A(ugust)",Christelige Smaastykker og Livsbilleder. Oversatte fra Tydsk.,1880,Stvg.,,"Bugge, Christian August",Stvg.,Stavanger,58.969975,5.733107
963,Doc2036OCR.png,Doc2036OCR,1,Le,20,Ordbøker – moderne språk og latin,"Johanssen, J.M.Nygaard og E.Schreiner",Latinsk Ordbog,1887,Chra.,,"Johanssen, J.M.Nygaard og E.Schreiner",Chra.,Oslo,59.913868,10.752245
964,Doc3470OCR.png,Doc3470OCR,1,KH,,,"Shedd, William G.T.",A history of Christian doctrine. Vol.1-2,1869,Edinb.,2 b.,"Shedd, William G.T.",Edinb.,Edinburgh,55.953252,-3.188267
965,Doc3831OCR.png,Doc3831OCR,1,Va,20,?,"Thommesen, O(laus)","Politik for alle. Statsforfatningens, kommuneforfatningens og forvaltningens grundtræk",1909,Kra.,,"Thommesen, Olaus",Kra.,Oslo,59.913868,10.752245
966,Doc3227OCR.png,Doc3227OCR,1,MV,10,Misjonsteori – allment,"Ritson, John R.",Christian literature in the mission field,1910,Edinb.,,"Ritson, John R.",Edinb.,Edinburgh,55.953252,-3.188267
967,Doc3001OCR.png,Doc3001OCR,1,SV,20,Indogermanske språk [-> Indoeuropeiske språk],"Pauss, B(ernhard)",Læsebog i modersmaalet,1892,Kra.,3. opl.,"Pauss, Bernhard",Kra.,Oslo,59.913868,10.752245
968,Doc3861OCR.png,Doc3861OCR,1,MV,,,"Toy, Robert",Astronomy fohifohy.,1877,Antan.,,Robert Toy,Antan.,Antananarivo,-18.8792,47.5079
969,Doc3061OCR.png,Doc3061OCR,1,PT,92,Annen oppbyggelseslitteratur,"Phillips, John. Richardson",Remarkable answers to prayer.,1869,London,8 th ed.,John Richardson Phillips,London,London,51.5074,-0.1278
970,Doc0511OCR.png,Doc0511OCR,1,PT,92,Annen oppbyggelseslitteratur,"Blauenfeldt, Johanne",Vort Ansvar. Et Ord til troende Kvinder.,1907,Odense,,Johanne Blauenfeldt,Odense,Odense,55.4038,10.4024
971,Doc2115OCR.png,Doc2115OCR,1,ST,,,"Keith, Alexander",Evidence of the truth of the christan religion derived from the literal fulfilment of prophesy.,1861,London,38 th ed. enl.,Alexander Keith,London,London,51.5074,-0.1278
972,Doc0925OCR.png,Doc0925OCR,1,RV,10,Religionshistorie,"Dahl, Jonas",Populære Afhandlinger om Religion og Religionerne.,1881,Kra.,,Jonas Dahl,Kra.,Oslo,59.9139,10.7522
973,Doc3744OCR.png,Doc3744OCR,1,MV,10,Misjonsteori – allment,"Sørensen, Vilh(elm)",Vor Tids Missionsforventninger og Missionsresultater.,1895,Kbh.,,Vilhelm Sørensen,Kbh.,Copenhagen,55.6761,12.5683
974,Doc3704OCR.png,Doc3704OCR,1,PT,92,Annen oppbyggelseslitteratur,"Svendsen, Conrad",Helbred mig Herre ! Betragtninger for syge.,1899,Chra.,,Conrad Svendsen,Chra.,Oslo,59.9139,10.7522
975,Doc1484OCR.png,Doc1484OCR,1,KH,,,"Gislesen, Henriette",Breve i Udvalg. Udg. ved Bolette Gjør.,1885,Kra.,,Henriette Gislesen,Kra.,Oslo,59.9139,10.7522
976,Doc1241OCR.png,Doc1241OCR,1,ST,,,"Abadie, Jacob","Von der Wahrheit der Christlichen Religion. Aus dem Französischen Übers., mit einer Vorrede, ... von Heinrich Johann von Hahn.",1776,Carlsruhe,,"Abadie, Jakob",Carlsruhe,Karlsruhe,49.0069,8.4037
977,Doc1397OCR.png,Doc1397OCR,1,KH,80,Norges kirkehistorie,,Frivillig kirkelig Landsmøde. 4. 1895. Forhandlinger ...,1895,Kra.,,,Kra.,Oslo,59.9139,10.7522
978,Doc2980OCR.png,Doc2980OCR,1,Hi,10,Politisk historie og kulturhistorie,"Pank, Oskar",Bismark. En kort Levnetsbeskrivelse. Overs. fra Tysk af Chr. A. Bugge.,1888,Kra.,,"Pank, Oskar",Kra.,Oslo,59.9139,10.7522
979,Doc3573OCR.png,Doc3573OCR,1,PT,,,"Spurgeon, C(harles) H(addon) (1834-92)",Flashes of thought; being 1000 choise extracts from (his) works ...,1875,London,,"Spurgeon, Charles Haddon",London,London,51.5074,-0.1278
980,Doc3780OCR.png,Doc3780OCR,1,PT,70,Kirkerett og kirkeordning,"Taranger, Absalon",Kirkegodsets Retsforhold. Kritiske Anm. til Ebbe Hertzberg ...,1902,Kra.,,"Taranger, Absalon",Kra.,Oslo,59.9139,10.7522
981,Doc3477OCR.png,Doc3477OCR,1,SV,50,"Malayiske språk, gassisk språk","Sibree, James",Notes on relics of the sign and gesture language among the malagasy / by James Sibree.,1883,London,,"Sibree, James",London,London,51.5074,-0.1278
982,Doc3156OCR.png,Doc3156OCR,1,NT,90,Nytestamentlig teologi. Urkirkens historie,"Qvisling, J. L.",Lignelsen om Den rige Mand og den fattige Lazarus. Til Oplysning om Forholdene efter Døden.,1889,Kra.,,"Qvisling, J. L.",Kra.,Oslo,59.9139,10.7522
983,Doc3156OCR.png,Doc3156OCR,2,NT,90,Nytestamentlig teologi. Urkirkens historie,"Qvisling, J. L.",Om aanderne eller englene.,1890,Kra.,,"Qvisling, J. L.",Kra.,Oslo,59.9139,10.7522
984,Doc2066OCR.png,Doc2066OCR,1,Li,40,Latinske klassikere,"Justinus, (Marcus Junianus)",Historiae Philippicae ex Trogus Pompeio excerptae. Libri 44 ...,1829,Lips.,Ed. ster.,"Justinus, Marcus Junianus",Lips.,Leipzig,51.3397,12.3731
985,Doc2066OCR.png,Doc2066OCR,2,Li,40,Latinske klassikere,"Caesar, Gaius Julius",De bello civili,,,,"Caesar, Gaius Julius",,,,
986,Doc2066OCR.png,Doc2066OCR,3,Li,40,Latinske klassikere,"Hirtius, A(ulus)",De bello Alexandrino,,,,"Hirtius, Aulus",,,,
987,Doc2506OCR.png,Doc2506OCR,1,SV,20,Indogermanske språk [-> Indoeuropeiske språk],"Løkke, Jakob",Kortfattet engelsk grammatik,1894,Kra.,7. forøget udgave ved Aug. Western,"Løkke, Jakob",Kra.,Oslo,59.9139,10.7522
988,Doc2162OCR.png,Doc2162OCR,1,NV,70,Medisin og helse,"Klauning, F.M.H.",Compendium der Augenheilkunde,1871,Lpz.,,"Klauning, F.M.H.",Lpz.,Leipzig,51.3397,12.3731
989,Doc3791OCR.png,Doc3791OCR,1,Ti,40,Tidsskrift – blandet innhold,,The Teacher at Work. A Monthly Illustrated Magazine,1887,London,,,London,London,51.5074,-0.1278
990,Doc0420OCR.png,Doc0420OCR,1,NT,10,Tekstutgaver og oversettelser,J. Belsheim,Evangelium secundum Matthæum ante Hieronymum latine translatum e codice olim Claromontano nunc Vaticano denuo edidit,1892,Kristiania,Videnskabs-selskabet i Kristiania. Forhandlinger. Nr. 5,"Belsheim, J.",Kristiania,Oslo,59.9139,10.7522
991,Doc1780OCR.png,Doc1780OCR,1,PT,,,"Hertzberg, N(ils Christian Egede)",Barnets kristelige Opdragelse,1903,Kra.,Det Osterhausiske Legats Folkeskrifter.3.,"Hertzberg, Nils Christian Egede",Kra.,Oslo,59.9139,10.7522
992,Doc2571OCR.png,Doc2571OCR,1,SV,50,"Malayiske språk, gassisk språk",,Ny Maritiora malagasy,1910,Faravohitra,F.F.M.A.,,Faravohitra,Faravohitra,-18.9172,47.5205
993,Doc2715OCR.png,Doc2715OCR,1,MV,15,"Misjon - fortellinger, misjonsmotivering","Morgan, G.Campbell",Missionsbefalingen i de fire Evangelier,1912,Kra.,,"Morgan, G. Campbell",Kra.,Oslo,59.9139,10.7522
994,Doc1013OCR.png,Doc1013OCR,1,SV,30,Semittiske språk,"(Davidson, B. ?)","Syriac reading lessons: Consisting of extracts from the Peschito and the Crusade of Richard I. With the elements of Syriac grammar. By the author of ""The analytical Hebrew and Chaldee lexicon"" etc. etc.",1851,London,,"Davidson, B.",London,London,51.5074,-0.1278
995,Doc2292OCR.png,Doc2292OCR,1,GT,,,"Lae, M.",Syndfloden. Et indlæg i striden mellem videnskab og Bibel.,1898,Kra.,,"Lae, M.",Kra.,Oslo,59.9139,10.7522
996,Doc2532OCR.png,Doc2532OCR,1,MV,138,Misjon og kirke på Madagaskar,"Maclear, Dr.",Ny Tantaran' ny Testamenta Taloha.,,Antan.,,"Maclear, Dr.",Antan.,Antananarivo,-18.8792,47.5079
997,Doc2989OCR.png,Doc2989OCR,1,SV,20,Indogermanske språk [-> Indoeuropeiske språk],"Passy, Paul",Lectures variées mises en transcription phonétique.,1897,Paris,,"Passy, Paul",Paris,Paris,48.8566,2.3522
998,Doc2285OCR.png,Doc2285OCR,1,ST,35,Systematisk teologi – monografier,H. Ziegler,"Des Irenäus Lehre von der Autorität der Schrift, der Tradition und der Kirche.",1868,Berlin,,H. Ziegler,Berlin,Berlin,52.52,13.405
999,Doc0423OCR.png,Doc0423OCR,1,NT,10,Tekstutgaver og oversettelser,J. Belsheim,Bibelen. N.T. Latin Fragmenta Novi Testamenti in translatione Latina antehieronymiana ex libro qui vocatur Speculum eruit...,1899,Kra.,,J. Belsheim,Kra.,Oslo,59.9139,10.7522
1000,Doc2025OCR.png,Doc2025OCR,1,ST,,,"Jensen, Otto",Om Soning og Forsoning.,1898,Kra.,,"Jensen, Otto",Kra.,Oslo,59.9139,10.7522
1001,Doc1791OCR.png,Doc1791OCR,1,Ge,10,"Reiseskildringer, atlas","Hesse, J(ohannes)",Unter den Mongolen.,1885,Basel,,"Hesse, J.",Basel,Basel,47.5596,7.5886
1002,Doc3963OCR.png,Doc3963OCR,1,PT,40,Homiletikk,"Vinet, Alexander","Homiletics; or, The theory of preaching. Transl. from the French. Ed., whith notes, by A.R. Fausset. 2nd ed.",1858,Edinb.,2nd ed.,"Vinet, Alexander",Edinb.,Edinburgh,55.9533,-3.1883
1003,Doc3581OCR.png,Doc3581OCR,1,GT,70,Gammeltestamentlig bibelteologi og religionshistorie,"Stahlfest-Møller, Fred.",Wellhausens Kritik. Et Forsøg,1894,Odense,I sm.b.,"Stahlfest-Møller, Fred.",Odense,Odense,55.403756,10.40237
1004,Doc3581OCR.png,Doc3581OCR,2,GT,70,Gammeltestamentlig bibelteologi og religionshistorie,"Schumann, G.",Die Wellhausen'sche Pentateuchtheorie in ihren Grundzügen dargestellt und auf ihre Haltbarkeit geprüft.,1892,Karlsruhe,,"Schumann, G.",Karlsruhe,Karlsruhe,49.00689,8.40365
1005,Doc3773OCR.png,Doc3773OCR,1,KH,,,"Tandberg, J(ens)",Trues Kirken ved Begyndelsen af vort Aarhundrede af en ny Rationalnisme? Foredrag.,1901,Kra.,,"Tandberg, Jens",Kra.,Oslo,59.913869,10.752245
1006,Doc1835OCR.png,Doc1835OCR,1,NV,60,Botanikk,"Hoffstad, O.A.",Norsk Flora.,1891,Bergen,222 s. Shb.,"Hoffstad, O.A.",Bergen,Bergen,60.39299,5.32415
1007,Doc2168OCR.png,Doc2168OCR,1,PT,,,"Klaveness, Th(or)v(ald)",Om ligbrænding. Foredrag.,1898,Kra.,,"Klaveness, Thorvald",Kra.,Oslo,59.913869,10.752245
1008,Doc2924OCR.png,Doc2924OCR,1,MV,,,"Olsen, A(nders)",Smaa oljeblade. Fortællinger fra ... (N.M.S.'s) missionsmarker ...,1909,Stvg.,,"Olsen, Anders",Stvg.,Stavanger,58.969975,5.733107
1009,Doc2766OCR.png,Doc2766OCR,1,SV,10,Språkvitenskap – allment,"Müller, (Friedrich) Max",Vorlesungen über die Wissenschaft der Sprache. ... Deutsch ... bearb. von Carl Böttger. 2. Ser. von 12 Vorlesungen.,1866,Lpz.,I sm. b.,"Müller, Friedrich Max",Lpz.,Leipzig,51.3397,12.3731
1010,Doc2766OCR.png,Doc2766OCR,2,SV,10,Språkvitenskap – allment,"Grimm, Jacob",Über den Ursprung der Sprache.,1852,Berlin,,"Grimm, Jacob",Berlin,Berlin,52.520007,13.404954
1011,Doc1242OCR.png,Doc1242OCR,1,Jød,40,Rabbinismen,Abraham ibn Ezra,"Commentary on the Canticles, ... Ed. ... with a transl. by H.J. Mathews.",1874,London,,Abraham ibn Ezra,London,London,51.5074,-0.1278
1012,Doc2383OCR.png,Doc2383OCR,1,MV,138,Misjon og kirke på Madagaskar,"Lindø, K(nud)",Geografy Bibilikaly.,1898,Tanan.,2 ekspl.,"Lindø, Knud",Tanan.,Antananarivo,,
1013,Doc4073OCR.png,Doc4073OCR,1,SV,20,Indogermanske språk [-> Indoeuropeiske språk],"Western, Aug(ust)",Engelsk grammatikk for middelskolen ...,1888,Kra.,,"Western, August",Kra.,Oslo,59.9139,10.7522
1014,Doc2184OCR.png,Doc2184OCR,1,SV,20,Indogermanske språk [-> Indoeuropeiske språk],"Knap, Carl",Engelsk skolegrammatik.,1903,Kra.,,"Knap, Carl",Kra.,Oslo,59.9139,10.7522
1015,Doc3350OCR.png,Doc3350OCR,1,GT,70,Gammeltestamentlig bibelteologi og religionshistorie,"Schencke, Wilh.",Ægypten - Israel - Babylonien. En forelæsning over den israelitisk-jødiske religion i dens sammenhæng og berøring med naboreligionerne.,1904,Kra.,,"Schencke, Wilhelm",Kra.,Oslo,59.9139,10.7522
1016,Doc2981OCR.png,Doc2981OCR,1,NV,70,Medisin og helse,"Panum, P(eter) L(udvig)",Erindringsordtil Forelæsninger over Forplantelse og Udvikling ...,1872,Kbh.,,"Panum, Peter Ludvig",Kbh.,Copenhagen,55.6761,12.5683
1017,Doc0605OCR.png,Doc0605OCR,1,Hi,10,Politisk historie og kulturhistorie,"Brewer, (John Sherren)",A guide to Roman history ...,,London u.å.,19th ed.,"Brewer, John Sherren",London,London,51.5074,-0.1278
1018,Doc1390OCR.png,Doc1390OCR,1,SV,20,Indogermanske språk [-> Indoeuropeiske språk],"Friis, J(ens) A(ndreas)","Lappiske Sprogprøver. En Samling af lappiske Eventyr, Ordsprog og Gaader. Med Ordbog.",1856,Chra.,,"Friis, Jens Andreas",Chra.,Oslo,59.9139,10.7522
1019,Doc0486OCR.png,Doc0486OCR,1,PT,94,Lærebøker i kristendomskunnskap,,"Bibelspregs-Bog, en Ledetraad ved Religionsundervisningen i Hjemmet og Skolen.",1849,Kbh.,,,Kbh.,Copenhagen,55.6761,12.5683
1020,Doc0128OCR.png,Doc0128OCR,1,KH,30,"Oldkirkens kirkehistorie, patristikk",Augustinus (Aurelius),Confessiones: Libri 13.,1856,Stuttg.,,Augustine of Hippo,Stuttg.,Stuttgart,48.7758,9.1829
1021,Doc2307OCR.png,Doc2307OCR,1,PT,92,Annen oppbyggelseslitteratur,"Langeland, Ole",Kom og se!,1903,Vaale pr. Holmestr.,Udg. Forl.,,Vaale pr. Holmestrand,Holmestrand,59.4917,10.3154
1022,Doc4018OCR.png,Doc4018OCR,1,SV,50,"Malayiske språk, gassisk språk","Wake, C. Staniland",Notes on the origin of the Malagasy,1881,London,,,London,London,51.5074,-0.1278
1023,Doc3620OCR.png,Doc3620OCR,1,MV,130,Misjon og kirke i Afrika,"Steiner, P(aul)",Reiseeindrücke vom Missionsfelde in Kamerun,1891,Basel,,,Basel,Basel,47.5596,7.5886
1024,Doc0469OCR.png,Doc0469OCR,1,NT,10,Tekstutgaver og oversettelser,Guthiriusæ,Bibelen. N.T. Syrisk,1664,Hamb.,,,Hamburg,Hamburg,53.5511,9.9937
1025,Doc0469OCR.png,Doc0469OCR,2,NT,10,Tekstutgaver og oversettelser,Johanne Michaele Guthirio,"Lexicon Syracum, ... cum Spicilegis vocum ... peregrinarum ... & Appendice",1667,Hamb.,Nova. ed.,,Hamburg,Hamburg,53.5511,9.9937
1026,Doc2777OCR.png,Doc2777OCR,1,NV,20,Astronomi,"Mädler, J(ohann) H(einrich von)","Der Wunderbau des Weltalls, oder Populäre Astronomie",1861,Berlin,"5., bearb. Aufl.",,Berlin,Berlin,52.52,13.405
1027,Doc1414OCR.png,Doc1414OCR,1,MV,10,Misjonsteori – allment,B. Koegel,Für Gottes Wort und Luthers Lehre! Die Kulturbedeutung der Mission,1909,Gütersl.,H.7. R.2.,,Gütersloh,Gütersloh,51.9069,8.3773
1028,Doc0311OCR.png,Doc0311OCR,1,GT,10,Tekstutgaver og oversettelser,Dahle,Bibelen. G.T. Norsk,1854,Kra.,1.-4.opl.,,Kristiania,Oslo,59.9139,10.7522
1029,Doc3788OCR.png,Doc3788OCR,1,PT,92,Annen oppbyggelseslitteratur,"Taylor, Jeremy",Select sermons,1834,London,The sacred classics Vol.7.,,London,London,51.5074,-0.1278
1030,Doc1318OCR.png,Doc1318OCR,1,Li,80,Norrøn og nordisk litteratur,"Finne, Gabriel","Rachel, Fortælling.",1895,Kbh.,,"Finne, Gabriel",Kbh.,Copenhagen,55.6761,12.5683
1031,Doc2113OCR.png,Doc2113OCR,1,Bi,30,"Bibelsk geografi, arkeologi, kulturhistorie","Keil, Carl Friedrich",Handbuch der biblischen Archäologie,1875,Frankf. a.M.,"2. verb. verm., umgearb. Aufl.","Keil, Carl Friedrich",Frankf. a.M.,Frankfurt am Main,50.1109,8.6821
1032,Doc3211OCR.png,Doc3211OCR,1,Hi,10,Politisk historie og kulturhistorie,"Rhode, C.E.",Historischer Schul-Atlas,,Glogau u.å.,10. Aufl.,"Rhode, C.E.",Glogau u.å.,Głogów,51.6635,16.0845
1033,Doc4149OCR.png,Doc4149OCR,1,Li,30,Greske klassikere,Xenophon,Cyrpädie,1824,Frankf. a.M.,"2., verb. Ausg.",Xenophon,Frankf. a.M.,Frankfurt am Main,50.1109,8.6821
1034,Doc3450OCR.png,Doc3450OCR,1,PT,80,Hymnologi og kirkemusikk,"Seip, M.",Paa faldrepet. Digte.,1918,Kra.,,"Seip, M.",Kra.,Oslo,59.9139,10.7522
1035,Doc3797OCR.png,Doc3797OCR,1,Li,40,Latinske klassikere,"Terentius, P(ublius)",Comoediae,1862,Lips.,,"Terentius, P(ublius)",Lips.,Leipzig,51.3397,12.3731
1036,Doc4141OCR.png,Doc4141OCR,1,SV,30,Semittiske språk,"Wright, William",A short history of Syriac literature.,1894,London,,"Wright, William",London,London,51.5074,-0.1278
1037,Doc1888OCR.png,Doc1888OCR,1,ST,,,"Horn, E(rik) F(rederik) B(arth)",Guds Styrelse og Menneskets Frihed.,1890,Chra.,,"Horn, Erik Frederic Barth",Chra.,Oslo,59.9139,10.7522
1038,Doc2641OCR.png,Doc2641OCR,1,PT,92,Annen oppbyggelseslitteratur,"Meyer, F(rederic) B(rotherton)",Vort daglige Brød. En Vejledning gennem den Hellige Skrift,1904,Kbh.,B.1-2. 2 b.,"Meyer, Frederick Brotherton",Kbh.,Copenhagen,55.6761,12.5683
1039,Doc1712OCR.png,Doc1712OCR,1,KH,20,"Almenn kirkehistorie, helhetsfremstillinger","Hase, Karl",Kirkehistorie,1843,Kbh.,Paany overs. efter Orig. 4.Udg.,"Hase, Carl",Kbh.,Copenhagen,55.6761,12.5683
1040,Doc2380OCR.png,Doc2380OCR,1,PT,92,Annen oppbyggelseslitteratur,"Liefde, J. de",En kristens indtægter og utgifter. Fortælling.,1914,Kra.,3.opl.,"Liefde, J. de",Kra.,Kristiania,59.9139,10.7522
1041,Doc1482OCR.png,Doc1482OCR,1,GT,70,Gammeltestamentlig bibelteologi og religionshistorie,"Girdlestone, R.B.",Hebraisk Kritik i dens forhold til Spørsmål om Skriften er bleven forvansket,1904,Kbh.,2 ekspl.,"Girdlestone, R.B.",Kbh.,Copenhagen,55.6761,12.5683
1042,Doc2912OCR.png,Doc2912OCR,1,MV,138,Misjon og kirke på Madagaskar,,L'Oeuvre missionnaire de l'Eglise luthérienne de Norvège a Madagascar. Rapport présenté en ... 1896 au Synode particulier de l'Eglise de la confession d'Augsbourg a Paris.,1897,Bar-le-Duc,,,Bar-le-Duc,Bar-le-Duc,48.7723,5.1614
1043,Doc1138OCR.png,Doc1138OCR,1,NV,70,Medisin og helse,"Ebbell, B(endix)",Observations sur les maladies infectieuses et sur les médicaments spécifiques,1908,,Særtr. av Nordisk medicinskt arkiv,"Ebbell, Bendix",,,,
1044,Doc3473OCR.png,Doc3473OCR,1,ST,10,Filosofi og idéhistorie,"Heegaard, P.S.V.",To Afhandlinger om Det philosophiske Studium ved Kjøbenhavns Universitet,1865,Kbh.,,"Heegaard, P.S.V.",Kbh.,Copenhagen,55.6761,12.5683
1045,Doc3473OCR.png,Doc3473OCR,2,ST,10,Filosofi og idéhistorie,"Dahl, F.C.B.",Om Forskjellen imellem Platos og Aristotelesses Naturphilosophie,1854,Kbh.,,"Dahl, F.C.B.",Kbh.,Copenhagen,55.6761,12.5683
1046,Doc0581OCR.png,Doc0581OCR,1,SV,20,Indogermanske språk [-> Indoeuropeiske språk],"Bouant, Émile",Lecons de choses,,Paris,u.å.,"Bouant, Émile",Paris,Paris,48.8566,2.3522
1047,Doc0156OCR.png,Doc0156OCR,1,KH,,,"Bang, A(nthon) Chr(istian)",Kirkehistorie for folkeskolen,1892,Kra.,,"Bang, Anton Christian",Kra.,Oslo,59.9139,10.7522
1048,Doc1314OCR.png,Doc1314OCR,1,MV,138,Misjon og kirke på Madagaskar,,Misjonslitt. Ny Filaharan'ny fivavahana maraina,,,,,,,,
1049,Doc0109OCR.png,Doc0109OCR,1,SV,20,Indogermanske språk [-> Indoeuropeiske språk],"Arnold, Thomas Kerchever",Practical introduction to Greek accidence,1857,London,6th ed.,"Arnold, Thomas Kerchever",London,London,51.5074,-0.1278
1050,Doc1342OCR.png,Doc1342OCR,1,Ku;MV,138,,,Folk-lore and folk-tales of Madagascar,1887,Antananarivo,Vol.1,,Antananarivo,Antananarivo,-18.8792,47.5079
1051,Doc2502OCR.png,Doc2502OCR,1,SV,20,Indogermanske språk [-> Indoeuropeiske språk],"Løkke, Jakob",Engelsk Grammatik til Skolebrug,1881,Kra.,6. Udg.,"Løkke, Jakob",Kra.,Oslo,59.9139,10.7522
1052,Doc1805OCR.png,Doc1805OCR,1,Le,30,Teologiske leksika og encyclopedier,"Hibernicus, Thomas","Flores doctorum pene omnium, qui tum in Theologia, tum in Philosophia hactenus claruerunt",1605,Geneva,Postrema ed. emend.,"Hibernicus, Thomas",Geneva,Geneva,46.2044,6.1432
1053,Doc1537OCR.png,Doc1537OCR,1,NV,50,Zoologi,"Grønlund, Chr(istian)",Skildringer fra den forsvundne og forsvindende Dyreverden,1891,Kbh.,,"Grønlund, Christian",Kbh.,Copenhagen,55.6761,12.5683
1054,Doc3527OCR.png,Doc3527OCR,1,SV,20,Indogermanske språk [-> Indoeuropeiske språk],"Smith, William",A First Greek Reading Book,1883,London,,"Smith, William",London,London,51.5074,-0.1278
1055,Doc2222OCR.png,Doc2222OCR,1,RV,60,Islam,George Sale,The Koran: commonly called the Alkoran of Mohammed. Transl. ... from the original Arabic. With ... notes ... prefixed a preliminary discourse.,,London,,George Sale,London,London,51.5074,-0.1278
1056,Doc3798OCR.png,Doc3798OCR,1,Li,40,Latinske klassikere,Publius Terentius,Skuespil,1805,Kbh.,,Publius Terentius,Kbh.,Copenhagen,55.6761,12.5683
1057,Doc3219OCR.png,Doc3219OCR,1,NT,,,Julius Riddervold,Johannes's Evangelium udlagt for Menigheden. D.1-2.,1870,Chra.,,Julius Riddervold,Chra.,Oslo,59.9139,10.7522
1058,Doc3219OCR.png,Doc3219OCR,2,NT,,,Julius Riddervold,Johannes's Evangelium udlagt for Menigheden. D.1-2.,1871,Chra.,,Julius Riddervold,Chra.,Oslo,59.9139,10.7522
1059,Doc2644OCR.png,Doc2644OCR,1,GT,64,Kommentar til profetbøkene,S. Michelet,Amos overs. og fortolket,1893,Kra.,,Simon Michelet,Kra.,Oslo,59.9139,10.7522
1060,Doc3338OCR.png,Doc3338OCR,1,ST,,,Paul Schanz,Apologie des Christenthums. T.1-2.,1895,Freib. i. B.,,Paul Schanz,Freib. i. B.,Freiburg im Breisgau,47.999,7.8421
1061,Doc3338OCR.png,Doc3338OCR,2,ST,,,Paul Schanz,Apologie des Christenthums. T.1-2.,1897,Freib. i. B.,,Paul Schanz,Freib. i. B.,Freiburg im Breisgau,47.999,7.8421
1062,Doc4133OCR.png,Doc4133OCR,1,PT,40,Homiletikk,O.L.B. Wolff,Hausschatz der Volkspoesie ... Volkslieder aller Länder und Zeiten ...,1853,Lpz.,4. Aufl.,O.L.B. Wolff,Lpz.,Leipzig,51.3397,12.3731
1063,Doc4133OCR.png,Doc4133OCR,2,PT,40,Homiletikk,Karl Julius Klemm,Das Sächsische Perikopenbuch.,1867,Lpz.,,Karl Julius Klemm,Lpz.,Leipzig,51.3397,12.3731
1064,Doc0700OCR.png,Doc0700OCR,1,MV,30,Misjonshistorie,G.E. Burkhard,Die evangelische Mission ... B.1-4.,1857,Bielef.,,G.E. Burkhard,Bielef.,Bielefeld,52.0302,8.5325
1065,Doc0700OCR.png,Doc0700OCR,2,MV,30,Misjonshistorie,G.E. Burkhard,Die evangelische Mission ... B.1-4.,1858,Bielef.,,G.E. Burkhard,Bielef.,Bielefeld,52.0302,8.5325
1066,Doc0700OCR.png,Doc0700OCR,3,MV,30,Misjonshistorie,G.E. Burkhard,Die evangelische Mission ... B.1-4.,1859,Bielef.,,G.E. Burkhard,Bielef.,Bielefeld,52.0302,8.5325
1067,Doc0700OCR.png,Doc0700OCR,4,MV,30,Misjonshistorie,G.E. Burkhard,Die evangelische Mission ... B.1-4.,1860,Bielef.,,G.E. Burkhard,Bielef.,Bielefeld,52.0302,8.5325
1068,Doc0700OCR.png,Doc0700OCR,5,MV,30,Misjonshistorie,G.E. Burkhard,Die evangelische Mission ... B.1-4.,1861,Bielef.,,G.E. Burkhard,Bielef.,Bielefeld,52.0302,8.5325
1069,Doc0769OCR.png,Doc0769OCR,1,SV,30,Semittiske språk,Carl Paul Caspari,Grammatica Arabica,1848,Lips.,,Carl Paul Caspari,Lips.,Leipzig,51.3397,12.3731
1070,Doc0769OCR.png,Doc0769OCR,2,SV,30,Semittiske språk,Theodor Benfey,Ueber das Verhältnis der ägyptischen Sprache zum semitischen Sprachstamm.,1848,Lpz.,,Theodor Benfey,Lpz.,Leipzig,51.3397,12.3731
1071,Doc0769OCR.png,Doc0769OCR,3,SV,30,Semittiske språk,Max. Ad. Uhlemann,Linguae Copticae grammatica,1853,Lips.,,Max. Ad. Uhlemann,Lips.,Leipzig,51.3397,12.3731
1072,Doc1674OCR.png,Doc1674OCR,1,Va,20,?,"Hansen, G(erhard) Armauer",Livserindringer og betragtninger,1910,Kra.,,"Hansen, Gerhard Armauer",Kra.,Oslo,59.9139,10.7522
1073,Doc2742OCR.png,Doc2742OCR,1,SV,20,Indogermanske språk [-> Indoeuropeiske språk],"Munch, P(eter) A(ndreas)",Forn-Swenskans ... och Forn-Norskans ... Språkbyggnad,1849,Sth.,,"Munch, Peter Andreas",Sth.,Stockholm,59.3293,18.0686
1074,Doc1015OCR.png,Doc1015OCR,1,GT,20,"Ordbøker, konkordanser og grammatikker","Davidson, Samuel",The Hebrew text of the Old Testament revised from critical sources,1855,London,,"Davidson, Samuel",London,London,51.5074,-0.1278
1075,Doc3127OCR.png,Doc3127OCR,1,Hi,15,Norsk historie,"Poulsen, Vilh.",Fortællinger af Norges Historie.B.1-4,1886,Kra.,i 3 b.,"Poulsen, Vilh.",Kra.,Oslo,59.9139,10.7522
1076,Doc3456OCR.png,Doc3456OCR,1,SV,20,Indogermanske språk [-> Indoeuropeiske språk],"Selig, M.",Die Englische Conversationsschule ... Uebungen,1860,Berlin,,"Selig, M.",Berlin,Berlin,52.52,13.405
1077,Doc1513OCR.png,Doc1513OCR,1,KH,,,"Gossner, Johannes",De böhmiske Martyrrer og Udvandrere. En Beretning om en åttehundredeaarig Kirkeforfølgelse inden Kirken,1864,Stvg.,,"Gossner, Johannes",Stvg.,Stavanger,58.9699756,5.7331073
1078,Doc0935OCR.png,Doc0935OCR,1,MV,138,Misjon og kirke på Madagaskar,"Dahle, L(ars)",Arkeologia biblíkaly,1885,Antan.,2 ekspl.,"Dahle, Lars",Antan.,Antananarivo,-18.8792,47.5079
1079,Doc0935OCR.png,Doc0935OCR,2,MV,138,Misjon og kirke på Madagaskar,"Dahle, L(ars)",Arkeologia biblíkaly,1913,Tanan.,Edisiona fahatelo,"Dahle, Lars",Tanan.,Antananarivo,-18.8792,47.5079
1080,Doc3881OCR.png,Doc3881OCR,1,SV,50,"Malayiske språk, gassisk språk","Tuuk, H.N. van der","Kurzer Abriss einer Batta'schen Formenlehre im Toba-Dialekte, nach einem Dictat verdeutscht durch August Schreiber",1866,Barmen,,"Tuuk, H. N. van der",Barmen,Wuppertal-Barmen,51.2834,7.2159
1081,Doc2140OCR.png,Doc2140OCR,1,KH,,,,Indstilling angående den norske kirkes organisation,1911,Kra.,,,Kra.,Oslo,59.9139,10.7522
1082,Doc3709OCR.png,Doc3709OCR,1,NV,70,Medisin og helse,"Sverdrup, Edvard",Det menneskelige legeme ...,1890,Bergen,,"Sverdrup, Edvard",Bergen,Bergen,60.3913,5.3221
1083,Doc3681OCR.png,Doc3681OCR,1,KH,,,"Strømme, Ø.C.A.",For kirkens tro og ret,1909,Bergen,,"Strømme, Ø.C.A.",Bergen,Bergen,60.3913,5.3221
1084,Doc2814OCR.png,Doc2814OCR,1,Li,70,Tysk litteratur,von Friedrich Zarncke,Das Nibelungenlied,1887,Lpz.,6. Aufl.,"Zarncke, Friedrich",Lpz.,Leipzig,51.3397,12.3731
1085,Doc3514OCR.png,Doc3514OCR,1,PT,92,Annen oppbyggelseslitteratur,"Skouge, E.D.",Minder fra Golgata. En Digtkrands.,1905,Svorkmo,,"Skouge, E.D.",Svorkmo,Svorkmo,63.3,9.5667
1086,Doc3862OCR.png,Doc3862OCR,1,MV,138,Misjon og kirke på Madagaskar,"Toy, Robert",Geography physicaly ...,1878,Antan.,,"Toy, Robert",Antan.,Antananarivo,,
1087,Doc3826OCR.png,Doc3826OCR,1,PT,92,Annen oppbyggelseslitteratur,"Thomas, John",What is the truth?,1919,Birmingham,,"Thomas, John",Birmingham,Birmingham,52.4862,-1.8904
1088,Doc1681OCR.png,Doc1681OCR,1,PT,,,"Hansen, Oscar",Opdragelseslære,1898,Kbh.,,"Hansen, Oscar",Kbh.,Copenhagen,55.6761,12.5683
1089,Doc1531OCR.png,Doc1531OCR,1,Li,80,Norrøn og nordisk litteratur,"Grundtvig, Nik(olaj) Fred(erik) Sev(erin)",Krønike-Riim til Levende Skolebrug med Oplysninger.,1842,Kbh.,2. forøg. Udg.,"Grundtvig, Nikolaj Frederik Severin",Kbh.,Copenhagen,55.6761,12.5683
1090,Doc3023OCR.png,Doc3023OCR,1,Hi,10,Politisk historie og kulturhistorie,"Peter, Carl",Zeittafeln der griechischen Geschichte,1858,Halle,2. umgearb. Aufl.,"Peter, Carl",Halle,Halle,51.4823,11.9741
1091,Doc3084OCR.png,Doc3084OCR,1,ST,10,Filosofi og idéhistorie,Platon,Werke. Griechisch und Deutsch. T. 4. Euthyphron und Kriton.,1855,Lpz.,,Platon,Lpz.,Leipzig,51.3397,12.3731
1092,Doc2462OCR.png,Doc2462OCR,1,KH,150,"Symbolikk, konfesjonskunnskap",(Lutherske kirke. Bekjennelsesskrifter),La Confession d'Augsbourg. Trad. rev. ... précédé d'une introduction par Charles Pfender.,1872,Paris,,"Pfender, Charles",Paris,Paris,48.8566,2.3522
1093,Doc2861OCR.png,Doc2861OCR,1,KH,,,,Den Norske Kirkes Mindeskrift ved Reformationens 400-Aars-Jubilæum Aar 1917. Utkast til en norsk Kirkeordinants ... 1604 ... for første Gang utg. ved Oluf Kolsrud.,1917,Chra.,,"Kolsrud, Oluf",Chra.,Oslo,59.9139,10.7522
1094,Doc1456OCR.png,Doc1456OCR,1,ST,,,"Geismar, Eduard",Religion og Videnskab. Et Svar til Professor Høffding.,1911,Chra.,,"Geismar, Eduard",Chra.,Oslo,59.9139,10.7522
1095,Doc1535OCR.png,Doc1535OCR,1,PT,60,Kateketikk og pedagogikk,"Grønland, Erling",Konfirmationsordningen. Foredrag ...,1908,Kra.,,"Grønland, Erling",Kra.,Oslo,59.9139,10.7522
1096,Doc1987OCR.png,Doc1987OCR,1,PT,92,Annen oppbyggelseslitteratur,"Iversen, Ole G.",Studer Bibelen. Tre Foredrag.,1901,Kra.,,"Iversen, Ole G.",Kra.,Oslo,59.9139,10.7522
1097,Doc1689OCR.png,Doc1689OCR,1,ST,,,Augustus William and Julius Charles Hare,Guesses at truth by two brothers,1871,London,3rd ed.,,London,London,51.5074,-0.1278
1098,Doc0528OCR.png,Doc0528OCR,1,NV,60,Botanikk,"Blytt, Axel",Spiselige Lavarter,1870,Kra.,"2. Tillægsh. til ""Folkevennen"". Aarg. 19.","Blytt, Axel",Kra,Oslo,59.9139,10.7522
1099,Doc1852OCR.png,Doc1852OCR,1,ST,,,"Holm, Olaf",Aand og Liv. En religiøs-historisk Udvikling,1896,Kra.,,"Holm, Olaf",Kra,Oslo,59.9139,10.7522
1100,Doc2713OCR.png,Doc2713OCR,1,PT,92,Annen oppbyggelseslitteratur,"Moody, Dwight Lyman",Frelses og Synder. Evangeliske Taler. Fra Engelsk.,1876,Chra.,,"Moody, Dwight Lyman",Chra,Oslo,59.9139,10.7522
1101,Doc3674OCR.png,Doc3674OCR,1,Bi,10,Bibelske oppslagsverk,"Strauss, E.R.J.",Biblisches Wörterbuch zur Glaubens- und Sittenlehre,1874,Hamb.,,"Strauss, E.R.J.",Hamb,Hamburg,53.5511,9.9937
1102,Doc0179OCR.png,Doc0179OCR,1,Li,50,Fransk litteratur,"Bartsch, Karl",Chrestomathie de l'ancien francais (8 e-15 e siecles) accompagnée d'une grammaire et d'une glassaire,1872,Lpz.,2e éd. corr.,"Bartsch, Karl",Lpz,Leipzig,51.3397,12.3731
1103,Doc2173OCR.png,Doc2173OCR,1,ST,35,Systematisk teologi – monografier,"Klieforth, Th.",Christliche Eschatologie,1886,Lpz.,,"Klieforth, Th.",Lpz,Leipzig,51.3397,12.3731
1104,Doc3506OCR.png,Doc3506OCR,1,ST,48,Seksualetikk,,Skilsmisse og Ægteskab. Udtalelser af forskjellige,1920,Bergen,,,Bergen,Bergen,60.3913,5.3221
1105,Doc3515OCR.png,Doc3515OCR,1,ST,,,,Skriftens Lære om Liv og Uforkrænkelighed,1891,Kra,,,Christiana,Oslo,59.9139,10.7522
1106,Doc0349OCR.png,Doc0349OCR,1,NT,,,Henry Alford,The New Testament,1871,London,rev.,Henry Alford,London,London,51.5074,-0.1278
1107,Doc3716OCR.png,Doc3716OCR,1,ST,50,Apologetikk,"Sverdrup, (Svend Borchmann) Hersleb",Nadveren en Menighedssag,1907,Stvg,,"Sverdrup, (Svend Borchmann) Hersleb",Stavanger,Stavanger,58.9699756,5.7331073
1108,Doc1309OCR.png,Doc1309OCR,1,NV,10,Naturvitenskap – allment,"Figuier, Louis",Jordkloden før Syndfloden,1875,Kbh,2. forøg. Opl.,Louis Figuier,København,Copenhagen,55.6761,12.5683
1109,Doc2892OCR.png,Doc2892OCR,1,SV,30,Semittiske språk,"Nöldeke, Theodor",Kurzgefasste syrische Grammatik,1880,Lpz,,Theodor Nöldeke,Leipzig,Leipzig,51.3396955,12.3730747
1110,Doc0338OCR.png,Doc0338OCR,1,NT,10,Tekstutgaver og oversettelser,,Bibelen. N.T. Arabisk.,,,,,,,,
1111,Doc1886OCR.png,Doc1886OCR,1,Li,40,Latinske klassikere,"Horatius Flaccus, Q(uintus)","Satirae, epistolae, ars poetica",1872,London,New ed.,"Horatius Flaccus, Quintus",London,London,51.5074,-0.1278
1112,Doc2389OCR.png,Doc2389OCR,1,Ti,20,Misjonsblad (utenfor Norge),,"Livingstone College. Year Book 1904-05, 1905-06, 1913-14.",,London,,,London,London,51.5074,-0.1278
1113,Doc1567OCR.png,Doc1567OCR,1,ST,,,"Göschel, Carl Friedrich",Zur Lehre von den letzten Dingen,1850,Berlin,,"Göschel, Carl Friedrich",Berlin,Berlin,52.52,13.405
1114,Doc0337OCR.png,Doc0337OCR,1,NT,10,Tekstutgaver og oversettelser,John Inglis,"The gospel according to Luke, in the language of Aneitum",1857,London,Transl.,John Inglis,London,London,51.5074,-0.1278
1115,Doc2738OCR.png,Doc2738OCR,1,RV,90,Kinesiske religioner/filosofi,"Mullens, Joseph","Vedantism, Brahmism, and Christianity examined and compared",1852,Calcutta,,"Mullens, Joseph",Calcutta,Kolkata,22.5726,88.3639
1116,Doc3513OCR.png,Doc3513OCR,1,PT,92,Annen oppbyggelseslitteratur,"Skovgaard-Petersen, C(arl)",Troens Betydning for den der vil frem i Verden,1901,Varde,4. forøg. Udg.,"Skovgaard-Petersen, Carl",Varde,Varde,55.6211,8.4803
1117,Doc0436OCR.png,Doc0436OCR,1,NT,10,Tekstutgaver og oversettelser,Olaf Moe,Det Nye Testamente med forklaringer. Ny omarbeidet utg.,1953,Oslo,Under red.,Olaf Moe,Oslo,Oslo,59.9139,10.7522
1118,Doc3793OCR.png,Doc3793OCR,1,KH,,,"Tegnér, Esaias","Leiligheds-Taler i Kirke og Skole, overs. af B.F. Jensen",1842,Kbh.,,"Tegnér, Esaias",Kbh.,Copenhagen,55.6761,12.5683
1119,Doc3267OCR.png,Doc3267OCR,1,ST,50,Apologetikk,"Row, C.A.",Christian evidences viewed in relation to modern thought,1877,London,,"Row, C.A.",London,London,51.5074,-0.1278
1120,Doc2551OCR.png,Doc2551OCR,1,RV,90,Kinesiske religioner/filosofi,Harald Rasmussen,Nala og Damajanti. En Fortælling i Mahabarata,1903,Kbh.,Overs. fra Sanskrit,Harald Rasmussen,Kbh.,Copenhagen,55.6761,12.5683
1121,Doc1122OCR.png,Doc1122OCR,1,NV,70,Medisin og helse,"Døderlein, Chr.",Om vore Skolebørns Hygiene,1890,Chra.,,"Døderlein, Chr.",Chra.,Oslo,59.9139,10.7522
1122,Doc2271OCR.png,Doc2271OCR,1,KH,30,"Oldkirkens kirkehistorie, patristikk",Kyrillus,Katecheser,1882,Chra.,,Kyrillus,Chra.,Oslo,59.9139,10.7522
1123,Doc0603OCR.png,Doc0603OCR,1,NT,20,"Ordbøker, konkordanser og grammatikker","Bretschneider, Carl Gottlieb",Lexicon manuale Graeco-Latinum in libros Novi Testamenti,1840,Lips.,ed.3. emend. aucta,"Bretschneider, Carl Gottlieb",Lips.,Leipzig,51.3397,12.3731
1124,Doc2909OCR.png,Doc2909OCR,1,ST,,,"Oettingen, Alexander von",Die Moralststistik in ihrer Bedeutung für eine Socialethik,1882,Erlangen,3. umgearb. Aufl.,"Oettingen, Alexander von",Erlangen,Erlangen,49.5897,11.011
1125,Doc3827OCR.png,Doc3827OCR,1,NV,70,Medisin og helse,"Thomas, T. Gaillard",Lehrbuch der Frauenkrankheiten,1873,Berlin,nach der 2. Aufl. des Orig. übers. von Max Jaquet,"Thomas, T. Gaillard",Berlin,Berlin,52.52,13.405
1126,Doc1735OCR.png,Doc1735OCR,1,GT,20,"Ordbøker, konkordanser og grammatikker","Heiligstedt, August",Präparation zum Buche Hiob mit den nötigen die Übersetzung und das Verständnis des Textes erleichternden Anmerkungen,1889,Halle,"— Eduard Anton, 1889, 1890. - 151, 115 s.","Heiligstedt, August",Halle,Halle (Saale),51.4823,11.967
1127,Doc3130OCR.png,Doc3130OCR,1,Hi,10,Politisk historie og kulturhistorie,"Prescott, William H.","History of the reign of Ferdinand and Isabella, the Catholic, of Spain. Vol.1-2",1854,London,2 b.,"Prescott, William H.",London,London,51.5074,-0.1278
1128,Doc3063OCR.png,Doc3063OCR,1,Li,30,Greske klassikere,"Philostratos, Flavios, den eldre",Werke,1828,Stuttg.,übers. von Friedrich Jakobs. B.l-4.,"Philostratos, Flavios, den eldre",Stuttg.,Stuttgart,48.7758,9.1829
1129,Doc2902OCR.png,Doc2902OCR,1,NT,70,Skrifter om den historiske Jesus,"Odland, Sigurd",Jesus og Paulus.,1913,Kra.,,"Odland, Sigurd",Kra.,Oslo,59.9139,10.7522
1130,Doc2377OCR.png,Doc2377OCR,1,RV,110,Hellenistisk religion,"Lieblein, J.",Pistis-Sophia. Les conceptions egyptiennes dans le Gnosticisme.,1909,Kra.,,"Lieblein, J.",Kra.,Oslo,59.9139,10.7522
1131,Doc1606OCR.png,Doc1606OCR,1,SV,10,Språkvitenskap – allment,"Haderup, V(ictor)",Lydlæren og dens Betydning for Sprogundervisningen. En Diskussion ...,1895,Kbh.,,"Haderup, Victor",Kbh.,Copenhagen,55.6761,12.5683
1132,Doc1453OCR.png,Doc1453OCR,1,NV,10,Naturvitenskap – allment,"Geikie, Archibald",Physical geography.,1874,London,2 nd ed.,"Geikie, Archibald",London,London,51.5074,-0.1278
1133,Doc2937OCR.png,Doc2937OCR,1,NT,,,"Oosterzee, J.J. van",The theology of the New Testament. Transl. by Maurice J. Evans.,1870,London,,"Oosterzee, J.J. van",London,London,51.5074,-0.1278
1134,Doc1441OCR.png,Doc1441OCR,1,KH,,,"Gastrow, Paul",Tolstoj und sein Evangelium. Ein Vortrag.,1905,Giessen,,"Gastrow, Paul",Giessen,Gießen,50.582,8.677
1135,Doc3655OCR.png,Doc3655OCR,1,GT,66,Kommentar til Salmene,"Storjohann, (Johan Cordt Harmens)",Psalmernes Bog historisk belyst og forklaret. Med opbyggelige Noter ... af C.H.Spurgeons store Psalmeværk.,1903,Odense,,"Storjohann, Johan Cordt Harmens",Odense,Odense,55.4038,10.4024
1136,Doc3408OCR.png,Doc3408OCR,1,Li,70,Tysk litteratur,"Schubert, Gotthilf Heinrich",Seebilder. Ein Buch zur Unterhaltung und Belehrung.,1850,Erlangen,,"Schubert, Gotthilf Heinrich",Erlangen,Erlangen,49.5897,11.0116
1137,Doc0751OCR.png,Doc0751OCR,1,Hi,10,Politisk historie og kulturhistorie,"Carlyle, Thomas",The French revolution. A history.,1888,London,,Thomas Carlyle,London,London,51.5074,-0.1278
1138,Doc0678OCR.png,Doc0678OCR,1,Li,80,Norrøn og nordisk litteratur,"Bugge, Sophus",Studier over de nordiske Gude- og Heltesagns Oprindelse. Første Række.,1889,Chra.,Shb.,Sophus Bugge,Christiania,Oslo,59.9139,10.7522
1139,Doc1522OCR.png,Doc1522OCR,1,SV,50,"Malayiske språk, gassisk språk",,Gramera Malagasy ...,1904,Tanan.,,,Tananarive,Antananarivo,-18.8792,47.5079
1140,Doc0062OCR.png,Doc0062OCR,1,ST,,,"Ammundsen, Valdemar",Krig og krigsførende Kristne ...,1916,Kbh.,,Valdemar Ammundsen,København,Copenhagen,55.6761,12.5683
1141,Doc2945OCR.png,Doc2945OCR,1,ST,20,Prinsipplære og religionshistorie,"Ording, Johannes","Den religiøse erkjendelse, dens art og vished.",1903,Kra.,,Johannes Ording,Kristiania,Oslo,59.9139,10.7522
1142,Doc3846OCR.png,Doc3846OCR,1,Li,30,Greske klassikere,Thukydide(s),"Histoire de Thucydide, trad. du grec par Lévesque.",1841,Paris,,Thucydides,Paris,Paris,48.8566,2.3522
1143,Doc1652OCR.png,Doc1652OCR,1,Te,10,Matematikk,"Halvorsen, Joh(an) Skonhoft",Mathematiske opgaver for latin og realgymnasiet ...,1886,Kbh.,3. forøg. udg. H.3.,Johan Skonhoft Halvorsen,København,Copenhagen,55.6761,12.5683
1144,Doc3668OCR.png,Doc3668OCR,1,GT,20,"Ordbøker, konkordanser og grammatikker","Strack, Hermann L.",Hebräisches Vokabularium. 5. bearb. Aufl.,1897,Münch.,,Hermann L. Strack,München,Munich,48.1351,11.582
1145,Doc3844OCR.png,Doc3844OCR,1,Li,80,Norrøn og nordisk litteratur,"Thue, H(enning) J(unghans)",Troubadourpoesien og Troubadourerne,1843,Chra.,,,Chra.,Oslo,59.9139,10.7522
1146,Doc1448OCR.png,Doc1448OCR,1,NV,703,,"Geelmuyden, H(ans) Chr(istian)",Lærebog i menneskets fysiologi og hygiene,1901,Kra.,,,Kra.,Oslo,59.9139,10.7522
1147,Doc2189OCR.png,Doc2189OCR,1,SV,20,Indogermanske språk [-> Indoeuropeiske språk],"Knudsen, D(avid) F(aye)",Nyere franske Forfattere i Udvalg,1882,Chra.,I,,Chra.,Oslo,59.9139,10.7522
1148,Doc3974OCR.png,Doc3974OCR,1,MV,10,Misjonsteori – allment,"Vogt, Volrath",Angrepene på hedningemisjonen,1918,,,,,,,
1149,Doc3974OCR.png,Doc3974OCR,2,MV,10,Misjonsteori – allment,Det Norske Missionsselskap,Fra repræsentantmøtet i Stavanger,1919,,,,,,,
1150,Doc1749OCR.png,Doc1749OCR,1,PT,92,Annen oppbyggelseslitteratur,"Helveg, Th.","Der rinder Sorg, rinder Harm - Prædiken",1907,Kbh.,,,Kbh.,Copenhagen,55.6761,12.5683
1151,Doc0485OCR.png,Doc0485OCR,1,Bi,30,"Bibelsk geografi, arkeologi, kulturhistorie",,Bibelske Sæder og Skikke,1856,Kbh.,,,Kbh.,Copenhagen,55.6761,12.5683
1152,Doc3930OCR.png,Doc3930OCR,1,SV,20,Indogermanske språk [-> Indoeuropeiske språk],"Ussing, J. L.",Græsk og romersk Metrik,1893,Kbh.,,,Kbh.,Copenhagen,55.6761,12.5683
1153,Doc3366OCR.png,Doc3366OCR,1,ST,,,"Schleiermacher, F(riedrich)",Grundlinien einer Kritik der bisherigen Sittenlehre,1803,Berlin,,,Berlin,Berlin,52.52,13.405
1154,Doc1751OCR.png,Doc1751OCR,1,MV,90,Misjonærbiografier,"Henderson, James","Jacob Henderson, der Missionsarzt in China ...",1879,Basel,,"Henderson, James",Basel,Basel,47.5581,7.587
1155,Doc1474OCR.png,Doc1474OCR,1,SV,60,Afrikanske språk,"Gibbs, Samuel","An easy Zulu vocabulary and phrasebook, with grammatical notes. With additions by R.C.O. Samuelson.",1902,"Maritzb., Natal",,"Gibbs, Samuel","Maritzburg, Natal","Pietermaritzburg, KwaZulu-Natal",-29.6006,30.3794
1156,Doc0461OCR.png,Doc0461OCR,1,NT,100,Nytestamentlige apokryper,,"Bibelen. N.T. Apokryfene. Det ny Testamentes apocryphiske Bøger - - Udg. - og overs. paa Dansk efter Gottfried Arnolds tydske Oversættelse, i den Bådingske Udgave af 1733.",1848,Eegsæt,,,Eegsæt,,,
1157,Doc1425OCR.png,Doc1425OCR,1,GT,70,Gammeltestamentlig bibelteologi og religionshistorie,"Færden, M. J.",Aandsbrydningerne indenfor Israel. I. Forberedelsestiden.,1908,Kra,Skr.,"Færden, M. J.",Kra,Oslo,,
1158,Doc2950OCR.png,Doc2950OCR,1,GT,70,Gammeltestamentlig bibelteologi og religionshistorie,"Orr, James",Det gammeltestamentlige Spørsmaal Autor. Overs. efter 4. Udg. af Birger Hall. R.I-2.,1909,Chra,2 b.,"Orr, James",Chra,Oslo,59.9139,10.7522
1159,Doc3378OCR.png,Doc3378OCR,1,ST,50,Apologetikk,"Schmidt, Wilh(elm)",Das Grundbekenntnis der Kirche und die modernen Geistesströmungen.,1905,Gütersl,,"Schmidt, Wilhelm",Gütersloh,Gütersloh,51.9065,8.3785
1160,Doc3952OCR.png,Doc3952OCR,1,PT,90,Prekener og andaktsbøker,E. F. Eckhoff,Vidnesbyrd fra den norske Kirke i Prædikener over Evangelierne paa hver Søn-og Festdag i Aaret af norske Geistlige.,1880,Kra,,E. F. Eckhoff,Kra,Oslo,59.9139,10.7522
1161,Doc3952OCR.png,Doc3952OCR,2,PT,90,Prekener og andaktsbøker,,Epistler og Lektier ...,1881,Kra,,,Kra,Oslo,59.9139,10.7522
1162,Doc3952OCR.png,Doc3952OCR,3,PT,90,Prekener og andaktsbøker,,i Bibellæsninger over udvalgte Steder.,1885,Kra,,,Kra,Oslo,59.9139,10.7522
1163,Doc0483OCR.png,Doc0483OCR,1,KH,,,Bibelhause in Stuttgart,Ein Besuch im Bibelhause in Stuttgart Erinnerungen von V.,1900,Stuttg.,,Bibelhaus in Stuttgart,Stuttgart,Stuttgart,48.7758,9.1829
1164,Doc1035OCR.png,Doc1035OCR,1,Li,50,Fransk litteratur,"Demogest, J(acques)",Histoire de la littératur francaise,1878,Paris,16 e éd.,"Demogest, Jacques",Paris,Paris,48.8566,2.3522
1165,Doc2418OCR.png,Doc2418OCR,1,Li,30,Greske klassikere,Lukianos fra Samosata,Le songe ou le coq (par) Lucien. Texte grex annoté par A.M. Desrousseaux. 4 e tirage.,1889,Paris,,Lukianos fra Samosata,Paris,Paris,48.8566,2.3522
1166,Doc0147OCR.png,Doc0147OCR,1,Bi,185,,"Bahr, Henrik E(iler) S(tøren)",Bibelsk Naturhistorie for Skoler og Familier. Frit overs.,1853,Stvg.,,"Bahr, Henrik Eiler Støren",Stvg.,Stavanger,58.9699756,5.7331073
1167,Doc3782OCR.png,Doc3782OCR,1,PT,,,"Taranger, Absalon",Norsk kirkeret. I. Kirkerettens og kirkeforfatningens historie.,1910,Kra.,,"Taranger, Absalon",Kra.,Oslo,59.9139,10.7522
1168,Doc1528OCR.png,Doc1528OCR,1,MV,123,Misjon og kirke i Japan og det fjerne Østen,"Grundemann, R.",Nesla (Sara) eine Ähre zwischen Dornen. 4. Aufl.,1890,Berlin,,"Grundemann, R.",Berlin,Berlin,52.52,13.405
1169,Doc0172OCR.png,Doc0172OCR,1,ST,,,"Barrat, T.B.",Aandens daap eller ilddapen. Hvem blev den lovet og hvordan mottok de første kristne Aandsdaapen ?. Foredrag.,1915,Nordstrand,,"Barrat, T.B.",Nordstrand,Nordstrand,59.8716,10.7945
1170,Doc2849OCR.png,Doc2849OCR,1,Kh,90,,Nordiska bibelförening,Nordiska bibelföreningens svenska afdeling 1902-1912. Minneskrift. Utg. av Olof Heugren.,1915,Landskrona,,Nordiska bibelförening,Landskrona,Landskrona,55.8708,12.8308
1171,Doc2832OCR.png,Doc2832OCR,1,Hi,15,Norsk historie,"Nielsen, Yngvar",Der Vertrag von Moss vom 14. August 1814 und die schwedisch-norwegische Union. Autor. deutsche Ausg.,1895,Kiel,,"Nielsen, Yngvar",Kiel,Kiel,54.3233,10.1228
1172,Doc3125OCR.png,Doc3125OCR,1,MV,121,Misjon og kirke i Kina,"Pott, F.L. Hawks",Fra Brydningstiden i China.,1915,Kbh.,,"Pott, F.L. Hawks",Kbh.,Copenhagen,55.6761,12.5683
1173,Doc2660OCR.png,Doc2660OCR,1,MV,122,Misjon og kirke i India,"Miller, William",Unrest and Education in India.,1911,London,,"Miller, William",London,London,51.5074,-0.1278
1174,Doc2620OCR.png,Doc2620OCR,1,MV,138,Misjon og kirke på Madagaskar,"Møling, L(ars)",Selvhjælp og selvstyre i vore menigheter paa Madagaskar.,1916,Stvg.,,"Møling, Lars",Stvg.,Stavanger,58.969975,5.733107
1175,Doc2069OCR.png,Doc2069OCR,1,MV,15,"Misjon - fortellinger, misjonsmotivering","Jäger, Gustav",Bunte Bilder zu den Blättern für Mission.,,Lpz.,,"Jäger, Gustav",Lpz.,Leipzig,51.3397,12.3731
1176,Doc3600OCR.png,Doc3600OCR,1,Va,20,?,Stavanger Formandskab,"Indstillinger med Bilage, forelagte ... Repræsentantskab(et) ... 1898-1900. B.1-3.",1899,Stvg.,,Stavanger Formandskab,Stvg.,Stavanger,58.969975,5.733107
1177,Doc0262OCR.png,Doc0262OCR,1,NT,,,"Beza, Theodor",Annotationes majores in Novum Dn. nostri Jesu Christi testamentum.,1594,U.s,N.ed.,"Beza, Theodor",U.s,,,
1178,Doc0374OCR.png,Doc0374OCR,1,NT,10,Tekstutgaver og oversettelser,"Bibelen, N.T.",Tiomnadh muadh ...,1840,London,Gelisk.,"Bibelen, N.T.",London,London,51.5074,-0.1278
1179,Doc1704OCR.png,Doc1704OCR,1,NV,60,Botanikk,"Hartman, C(arl) J(ohan)",Svensk och norsk excursions-flora. Phanerogamer och ormbunkar.,1866,Sth.,4. uppl.,"Hartman, Carl Johan",Sth.,Stockholm,59.3293,18.0686
1180,Doc3028OCR.png,Doc3028OCR,1,PT,90,Prekener og andaktsbøker,"Petersen, C.J.P.",Prædikener over de 3 Textrækkers Evangelier,1893,Chra.,,"Petersen, C.J.P.",Chra.,Oslo,59.9139,10.7522
1181,Doc1692OCR.png,Doc1692OCR,1,KH,,,"Harless, Gottlieb Christoph Adolph von",Bruchstücke aus dem Leben eines süddeutschen Theologen,1872,Bielef.,,"Harless, Gottlieb Christoph Adolph von",Bielef.,Bielefeld,52.0202,8.5319
1182,Doc1692OCR.png,Doc1692OCR,2,KH,,,,Bruchstücke aus dem Leben eines süddeutschen Theologen,1875,Bielef.,N.F.,,Bielef.,Bielefeld,52.0202,8.5319
1183,Doc2481OCR.png,Doc2481OCR,1,NV,50,Zoologi,"Lyon, W.P.","Homo versus Darwin: A judical examination of ... ""The descent of man""",,London,4'th ed,"Lyon, W.P.",London,London,51.5072,-0.1276
1184,Doc3508OCR.png,Doc3508OCR,1,PT,92,Annen oppbyggelseslitteratur,"Skovgaard-Petersen, Carl Axel",Hedenskab og Kristendom,1912,Kbh.,,"Skovgaard-Petersen, Carl Axel",Kbh.,Copenhagen,55.6761,12.5683
1185,Doc0361OCR.png,Doc0361OCR,1,NT,10,Tekstutgaver og oversettelser,"Ostervald, J.F.",Le nouveau testament ... Version de J.F. Ostervald,1886,Lond.,N.ed. rev,"Ostervald, J.F.",Lond.,London,51.5072,-0.1276
1186,Doc0696OCR.png,Doc0696OCR,1,NT,59,Kommentar til Johannes Åpenbaring,"Burger, C.H.A. von",St. Johannes's Aabenbaring: udlagt for Menigheden. Overs: af O.G. Arctander,1889,Kra.,,"Burger, C.H.A. von",Kra.,Oslo,59.9139,10.7522
1187,Doc1882OCR.png,Doc1882OCR,1,Li,40,Latinske klassikere,"Horatiu, Flaccus, Quintus",Hendecas: carminum praemissa vita Horatii Svetoniana,1887,Kra.,B.D.,"Horatiu, Flaccus, Quintus",Kra.,Oslo,59.9139,10.7522
1188,Doc0637OCR.png,Doc0637OCR,1,NT,,,"Brun, Lyder",Paulus's lære om loven,1897,Kra.,,"Brun, Lyder",Kra.,Oslo,59.9139,10.7522
1189,Doc1786OCR.png,Doc1786OCR,1,MV,90,Misjonærbiografier,"Hesse, J(ohannes)",Bischof Auer's Leben,1883,Basel,,"Hesse, Johannes",Basel,Basel,47.5596,7.5886
1190,Doc3215OCR.png,Doc3215OCR,1,Et,20,Sosiologi,"Rich, Anthony",A dictionary of Roman and Greek Antiquities,1873,London,3. ed. rev.,"Rich, Anthony",London,London,51.5074,-0.1278
1191,Doc0244OCR.png,Doc0244OCR,1,GT,40,Israels historie,"Bertheau, Ernst",Zur Geschichte der Israeliten. Zwei Abhandlungen,1842,Gött.,,"Bertheau, Ernst",Göttingen,Göttingen,51.5413,9.9158
1192,Doc1146OCR.png,Doc1146OCR,1,ST,,,"Eckhoff, E(rnst) F(rederik)",Fire Foredrag om 'Det tusindaarige Rige',1886,Bergen,,"Eckhoff, Ernst Frederik",Bergen,Bergen,60.3913,5.3221
1193,Doc3106OCR.png,Doc3106OCR,1,GT,64,Kommentar til profetbøkene,"Pocock, Eduard",Commentarius in prophetam Joelis,1695,Lips.,,"Pocock, Eduard",Leipzig,Leipzig,51.3397,12.3731
1194,Doc3106OCR.png,Doc3106OCR,2,GT,64,Kommentar til profetbøkene,,"Liber Jezirah qui Abrahmo patriarchae adscribitur, una cum Commentario Rabi Abraham super 32 Semitis Sapientiae",1642,Amst.,Transl. et notis ill. a Joanne Stephano Rittangelio,,Amsterdam,Amsterdam,52.3676,4.9041
1195,Doc2221OCR.png,Doc2221OCR,1,RV,60,Islam,(Koran). Engelsk,The New Koran of the Pacifican Friendhood,1861,London,,,London,London,51.5074,-0.1278
1196,Doc3167OCR.png,Doc3167OCR,1,MV,138,Misjon og kirke på Madagaskar,Rajoela,Ny amy ny fanambadiana,1900,Tanan.,,Rajoela,Antananarivo,Antananarivo,-18.8792,47.5079
1197,Doc1959OCR.png,Doc1959OCR,1,Hi,10,Politisk historie og kulturhistorie,,Illustreret Verdenshistorie,1876,Kra.,Efter den svenske af Ernst Wallis red. Orig. udg. ved L.Daae og A.C. Drolsum. B.1-6. 6 b.,,Kra.,Oslo,59.9139,10.7522
1198,Doc0376OCR.png,Doc0376OCR,1,NT,,,William Webster,The Greek Testament with notes grammatical and exegetical,1855,London,2 vol.,William Webster,London,London,51.5074,-0.1278
1199,Doc1461OCR.png,Doc1461OCR,1,PT,92,Annen oppbyggelseslitteratur,Johan Gerhard,Daglig Øvelse i Gudsfrugt,1867,Aalesund,3. opl.,Johann Gerhard,Aalesund,Ålesund,62.4723,6.1549
1200,Doc1894OCR.png,Doc1894OCR,1,Li,80,Norrøn og nordisk litteratur,Frederik Winkel Horn,Den danske Literaturs Historie,1881,Kbh.,,Frederik Winkel Horn,Kbh.,Copenhagen,55.6761,12.5683
1201,Doc3776OCR.png,Doc3776OCR,1,MV,138,Misjon og kirke på Madagaskar,,Tantara voalazany ny Soratra Masina,1874,Antan.,,,Antan.,Antananarivo,-18.8792,47.5079
1202,Doc3914OCR.png,Doc3914OCR,1,PT,92,Annen oppbyggelseslitteratur,S. Bjørner,Undervejs — Oplevelser og Tanker,1905,Kbh.,,S. Bjørner,Kbh.,Copenhagen,55.6761,12.5683
1203,Doc1658OCR.png,Doc1658OCR,1,ST,10,Filosofi og idéhistorie,William Hamilton,Lectures on metaphysics and logic,1861,Edinb.,2nd rev. Vol. 1-4,William Hamilton,Edinb.,Edinburgh,55.9533,-3.1883
1204,Doc0799OCR.png,Doc0799OCR,1,SV,60,Afrikanske språk,J.G. Christaller,Die Sprachen Afrikas,1892,Stuttg.,,J.G. Christaller,Stuttg.,Stuttgart,48.7758,9.1829
1205,Doc0057OCR.png,Doc0057OCR,1,PT,,,,Alterbok (Den Norske kirke),1916,Kra.,Foreløbig utkast,,Kra.,Oslo,59.9139,10.7522
1206,Doc3281OCR.png,Doc3281OCR,1,KH,152,Protestantiske kirkesamfunn og vekkelsesbevegelser,"Rüegg, A.",Christian science i bibelsk belysning.,1915,Kra.,,A. Rüegg,Kra.,Oslo,59.9139,10.7522
1207,Doc1657OCR.png,Doc1657OCR,1,Ge,20,Enkelte lands geografi,Richters,Führer durch Hamburg-Altona und Umgegend,1897,Hamb.,33. Aufl.,Richters,Hamb.,Hamburg,53.5511,9.9937
1208,Doc0289OCR.png,Doc0289OCR,1,GT,10,Tekstutgaver og oversettelser,Otto Fridolinus Fritzsche,Libri apocryphi Veteris testamenti Graece.,1871,Lips.,,Otto Fridolinus Fritzsche,Lips.,Leipzig,51.3397,12.3731
1209,Doc0465OCR.png,Doc0465OCR,1,NT,10,Tekstutgaver og oversettelser,,The new testament in Sanskrit.,1851,Calcutta,2. Ed.,,Calcutta,Kolkata,22.5726,88.3639
1210,Doc4150OCR.png,Doc4150OCR,1,Li,30,Greske klassikere,Xenophon,Economique. Chapitres I-II. Texte Grec.,1879,Paris,,Xenophon,Paris,Paris,48.8566,2.3522
1211,Doc2411OCR.png,Doc2411OCR,1,PT,92,Annen oppbyggelseslitteratur,"Lubbock, John",The pleasures of life,1888,London,,John Lubbock,London,London,51.5074,-0.1278
1212,Doc2491OCR.png,Doc2491OCR,1,MV,121,Misjon og kirke i Kina,"Løgstrup, T(heodor)",Den Evangeliske Mission i China,1898,Kbh.,,Theodor Løgstrup,Kbh.,Copenhagen,55.6761,12.5683
1213,Doc0390OCR.png,Doc0390OCR,1,NT,10,Tekstutgaver og oversettelser,F.H.A. Scrivener,Novum testamentum textus Stephanici a.D. 1550.,1877,Cantabr./Lond.,Ed. auct. emend.,F.H.A. Scrivener,Cantabr./Lond.,Cambridge/London,,
1214,Doc1875OCR.png,Doc1875OCR,1,GT,50,Den nære orients arkeologi,"Hommel, Fritz",Die altorientalischen Denkmäler und das Alte Testament. Eine Erwiderung auf ... Fr. Delitzsch's 'Babel und Bibel'.,1903,Berlin,2. Aufl.,"Hommel, Fritz",Berlin,Berlin,52.52,13.405
1215,Doc0221OCR.png,Doc0221OCR,1,Bi,20,"Bibelkunnskap, hermeneutikk","Belsheim, J(ohannes)",Veiledning i Bibelens Historie med udførligere Oplysninger om det Nye Testamentes Bøger.,1880,Kra.,,"Belsheim, Johannes",Kra.,Kristiania,59.9139,10.7522
1216,Doc2825OCR.png,Doc2825OCR,1,ST,50,Apologetikk,"Nielsen, R(asmus)",Om Hindringer og Betingelser for det aandelige Liv i Nutiden.,1868,Kbh.,16 Forelæsninger ... Christiania ... 1867.,"Nielsen, Rasmus",Kbh.,Copenhagen,55.6761,12.5683
1217,Doc2132OCR.png,Doc2132OCR,1,MV,121,Misjon og kirke i Kina,,Kinas lutherske kirke. Forslag til ... (dens) organisation,,U.s.u.å.,,,U.s.u.å.,Unknown,,
1218,Doc2886OCR.png,Doc2886OCR,1,SV,20,Indogermanske språk [-> Indoeuropeiske språk],"Nyrop, Kr(istoffer)",Grammaire historique de la langue francaise.,1904,Cph.,22 e éd. rev. T.1.,"Nyrop, Kristoffer",Cph.,Copenhagen,55.6761,12.5683
1219,Doc2450OCR.png,Doc2450OCR,1,KH,,,"Luther, (Martin)",Reformatoriske Skrifter i Udvalg. Overs. af Adjunkt J. Kaper. Med historiske Indledninger af Fredrik Nielsen.,1883,Kbh.,,"Luther, Martin",Kbh.,Copenhagen,55.6761,12.5683
1220,Doc1126OCR.png,Doc1126OCR,1,Ge,10,"Reiseskildringer, atlas","Daa, Ludvig Kr(istensen)",Jordbeskrivelse for den norske Almue. Udg. af Selskabet for Folkeoplysningens Fremme. Afsn.1-4.,1857,Kra.,4 Afsnit i 3 b.,"Daa, Ludvig Kristensen",Kra.,Kristiania,59.9139,10.7522
1221,Doc1779OCR.png,Doc1779OCR,1,Va,20,?,"Hertzberg, Mikael",Hvad jeg lærte af mit arbejderliv.,1905,Kra.,,"Hertzberg, Mikael",Kra.,Kristiania,59.9139,10.7522
1222,Doc0992OCR.png,Doc0992OCR,1,MS,,,"Dahle, Lars",Texter benyttede i Mt. (= Missionstidende) fra 1847-94 Nr.9. ordnede efter A(a)rgangene,,,,"Dahle, Lars",,,,
1223,Doc1851OCR.png,Doc1851OCR,1,KH,,,"Holm, Olaf",Kristus eller Ibsen?,1893,Kra.,,"Holm, Olaf",Kra.,Oslo,59.9139,10.7522
1224,Doc2464OCR.png,Doc2464OCR,1,MV,121,Misjon og kirke i Kina,Det Lutherske theologiske Seminar for Central-China,Statuter,,Hankow,,Det Lutherske theologiske Seminar for Central-China,Hankow,Wuhan,30.5833,114.2667
1225,Doc1568OCR.png,Doc1568OCR,1,SV,30,Semittiske språk,"Göschl, Leopold",Kurze Grammatik der arabischen Sprache mit einer Chrestomathie,1867,Wien,,"Göschl, Leopold",Wien,Vienna,48.2082,16.3738
1226,Doc1568OCR.png,Doc1568OCR,2,SV,30,Semittiske språk,"Lindberg, Jac. Chr.",Analytisk hebraisk-dansk Haand-Lexicon,1835,Kbh.,,"Lindberg, Jac. Chr.",Kbh.,Copenhagen,55.6761,12.5683
1227,Doc3441OCR.png,Doc3441OCR,1,MV,,,"Segerbrand, Gertrud",Gulli-Brita bland de svarte,1918,Upps.,2. uppl.,"Segerbrand, Gertrud",Upps.,Uppsala,59.8586,17.6389
1228,Doc2632OCR.png,Doc2632OCR,1,SV,20,Indogermanske språk [-> Indoeuropeiske språk],"Merry, W. Walter",Specimens of Greek dialects,1875,Oxf.,,"Merry, W. Walter",Oxf.,Oxford,51.752,-1.2577
1229,Doc0677OCR.png,Doc0677OCR,1,RV,120,Germansk religion,"Bugge, Sophus","Frisco, Frigg und Priapos",1904,Kra.,,"Bugge, Sophus",Kra.,Oslo,59.9139,10.7522
1230,Doc2241OCR.png,Doc2241OCR,1,ST,,,"Kristensen, K(risten)",Imod Kr. Jansons Fornuft-Religion og Kristus-Fornegtelse. Foredrag,1893,Bergen,,"Kristensen, K(risten)",Bergen,Bergen,60.3913,5.3221
1231,Doc1922OCR.png,Doc1922OCR,1,NV,70,Medisin og helse,,"Husläkaren, eller Trehundrade Bepröfvrade Medel mot de fleste Sjukdomar hos Menniskan .. Ofvers.",1848,Sth.,2. uppl.,,Sth.,Stockholm,59.3293,18.0686
1232,Doc4171OCR.png,Doc4171OCR,1,PT,80,Hymnologi og kirkemusikk,,Zions Sange ved Betragtningen af Menneskens Søns sidste Dage ... No.4.,1859,Stvg.,,,Stvg.,Stavanger,58.9699756,5.7331073
1233,Doc0447OCR.png,Doc0447OCR,1,NT,10,Tekstutgaver og oversettelser,,Bibelen. N.T. & Salm. Norsk. Vor Herres og Frelser Jesu Christi nye Testament med Davids Psalmer.,1891,Chra.,,,Chra.,Oslo,59.9139,10.7522
1234,Doc0352OCR.png,Doc0352OCR,1,NT,10,Tekstutgaver og oversettelser,,Bibelen. N.T. Engelsk. The New testament ... The version set forth A.D. 1611 ... rev. A.D. 1881.,1881,Oxf. / Cambr.,,,Oxf. / Cambr.,Oxford / Cambridge,,
1235,Doc3174OCR.png,Doc3174OCR,1,PT,,,"Ramsvig, S(amuel) A(lbert)",Kirkeaaret med Gudstjenestens Historie i kortfattet Fremstilling.,1879,Kra.,2. Opl.,"Ramsvig, Samuel Albert",Kra.,Oslo,59.9139,10.7522
1236,Doc3174OCR.png,Doc3174OCR,2,PT,,,"Belsheim, J.","Oversigt over Kirkens Salmesang, dens Historie og Kirkesalmebøgerne i de nordiske Lande.",1877,Kra.,,"Belsheim, J.",Kra.,Oslo,59.9139,10.7522
1237,Doc1905OCR.png,Doc1905OCR,1,Jød,40,Rabbinismen,"Hottinger, Joh(ann) He(i)nrich",Promptuarium: sive Bibliotheca orientalis ....,1658,Heidelb.,,"Hottinger, Johann Heinrich",Heidelb.,Heidelberg,49.3988,8.6724
1238,Doc2986OCR.png,Doc2986OCR,1,Hi,10,Politisk historie og kulturhistorie,"Pasig, Paul",Otto v. Bismarck als Christ.,1898,Lpz.,,"Pasig, Paul",Lpz.,Leipzig,51.3397,12.3731
1239,Doc2122OCR.png,Doc2122OCR,1,ST,,,"Kidd, James",Morality and religion. Being the Kerr lectures for 1893-94.,1895,Edinb.,,"Kidd, James",Edinb.,Edinburgh,55.9533,-3.1883
1240,Doc1727OCR.png,Doc1727OCR,1,PT,92,Annen oppbyggelseslitteratur,"Hedemann, M.",Vi og det største i Verden.,1890,Kbh.,,"Hedemann, M.",Kbh.,Copenhagen,55.6761,12.5683
1241,Doc2012OCR.png,Doc2012OCR,1,PT,80,Hymnologi og kirkemusikk,"Jensen, Gustav",Den til revision av stiftsprovst G. Jensens (salmebok)utkast nedsatte komite. Forslag til omarbeidelse av M.B.Landstads kirkesalmebok.,1918,Hamar,,"Jensen, Gustav",Hamar,Hamar,60.7945,11.067
1242,Doc0086OCR.png,Doc0086OCR,1,ST,,,Anselm,Cur Deus homo?. Libri duo. Ad Gabr. Gerberonis ed. typis accurate excusi.,1834,Erlanga,,Anselm,Erlanga,Erlangen,49.5897,11.013
1243,Doc0629OCR.png,Doc0629OCR,1,ST,,,"Brun, Christen",Nadverens betydning for kristenlivet. Et foredrag.,1905,Bergen,,"Brun, Christen",Bergen,Bergen,60.3928,5.3239
1244,Doc3647OCR.png,Doc3647OCR,1,Ge,20,Enkelte lands geografi,"Stolz, C.",Land und Leute auf der Westküste Indiens.,1882,Basel,,"Stolz, C.",Basel,Basel,47.5596,7.5886
1245,Doc3553OCR.png,Doc3553OCR,1,NV,10,Naturvitenskap – allment,"Sopp, Olav",Lærebog i naturkundskab af Olav Johan-Olsen,1893,Kra.,,"Sopp, Olav",Kra.,Oslo,59.9139,10.7522
1246,Doc1600OCR.png,Doc1600OCR,1,MV,20,"Misjon - konferanser, rapporter, oversikter","Grundemann, R(einhold)",Kleine Missions-Geographie und- Statistik.,1901,Calw,,"Grundemann, Reinhold",Calw,Calw,48.7119,8.738
1247,Doc3258OCR.png,Doc3258OCR,1,Bi,50,Kommentarverk til hele Bibelen,"Rosenmüller, Ernst Friedrich Karl","Das alte und neue Morgenland; oder Erläuterungen der heiligen Schrift aus der natürlichen Beschaffenheit, des Morgenlandes. Mit eingeschalteter Uebersetzung von Samuel Burder's Morgenländischen Gebräuchen, und William Ward's Erläuterungen aus den Sitten der Hindus.",1818,Lpz.,6 B.,"Rosenmüller, Ernst Friedrich Karl",Leipzig,Leipzig,51.3397,12.3731
1248,Doc3888OCR.png,Doc3888OCR,1,NV,30,Fysikk,"Tyndall, John",Address delivered before the British association assembled at Belfast. With additions. 77th thous.,1874,London,,"Tyndall, John",London,London,51.5074,-0.1278
1249,Doc3854OCR.png,Doc3854OCR,1,PT,,,"Tollefsen, A.",Om kristendoms-undervisningen i barneskolen,1908,Kra.,,"Tollefsen, A.",Kra.,Oslo,59.9139,10.7522
1250,Doc2693OCR.png,Doc2693OCR,1,Hi,10,Politisk historie og kulturhistorie,"Mommsen, Theodor","Brødrene Gracchus. En romersk Revolution, ved C.F. Linderstrøm-Lang",,Kbh.,,"Mommsen, Theodor",Kbh.,Copenhagen,55.6761,12.5683
1251,Doc0395OCR.png,Doc0395OCR,1,NT,10,Tekstutgaver og oversettelser,,Bibelen. N.T. Gresk - Latin. Novum Testamentum Graece et Latine Textus Latinus ex Vulgata,1872,Lips.,Ed. ster. 4,,Lips.,Leipzig,51.3397,12.3731
1252,Doc2697OCR.png,Doc2697OCR,1,ST,,,"Monrad, M(arcus) J(acob)",Blik ud i Philosophiens Fremtid,1896,Chra.,,"Monrad, Marcus Jacob",Chra.,Oslo,59.9139,10.7522
1253,Doc2583OCR.png,Doc2583OCR,1,MV,121,Misjon og kirke i Kina,"Marthinsen, Eilert",Den skotske Livingstonia Mission,1916,Kbh.,,"Marthinsen, Eilert",Kbh.,Copenhagen,55.6761,12.5683
1254,Doc2467OCR.png,Doc2467OCR,1,Bi,20,"Bibelkunnskap, hermeneutikk","Lutz, J(ohann) L(udwig)","Biblische Hermeneutik, hg. von A. Lutz",1849,Pforzheim,,"Lutz, Johann Ludwig",Pforzheim,Pforzheim,48.8922,8.6946
1255,Doc1811OCR.png,Doc1811OCR,1,GT,,,"Hilprecht, H(ermann) V(ollrath)",Explorations in Bible lands during the 19th century,1903,Philad. Pa.,,"Hilprecht, Hermann Vollrath",Philad. Pa.,"Philadelphia, PA",39.9526,-75.1652
1256,Doc1339OCR.png,Doc1339OCR,1,ST,,,"Fog, B.(ruun J.(uul))",Om det theologiske Studium. En Forelæsning ...,1861,Kbh.,,"Fog, B. Ruun J. Juul",Kbh.,Copenhagen,55.6761,12.5683
1257,Doc0644OCR.png,Doc0644OCR,1,ST,,,"Bruun, Christopher","Om O.C. Breda's ""Nye grund""",1898,Kra.,"Særtr. af ""For kirke og kultur"".","Bruun, Christopher",Kra.,Oslo,59.9139,10.7522
1258,Doc1296OCR.png,Doc1296OCR,1,ST,,,"Fénelon, (Francois de Salignac de la Motte)",Oeuvres choisis,1880,Paris,N. éd. rev.,"Fénelon, François de Salignac de la Motte",Paris,Paris,48.8566,2.3522
1259,Doc4099OCR.png,Doc4099OCR,1,PT,92,Annen oppbyggelseslitteratur,"(Wienecke, Friedrich Ferdinand)",Friedrich Ferdinand Wienecke. Et Livsbillede.,1895,Kbh.,2 ekspl.,"Wienecke, Friedrich Ferdinand",Kbh.,Copenhagen,55.6761,12.5683
1260,Doc2416OCR.png,Doc2416OCR,1,Li,30,Greske klassikere,Lukianos fra Samosata,Dialogues des morts (par) Lucien. Texte grec avec des notes et un lexique par A. Julien. 5. éd.,1892,Paris,5. éd.,Lucian of Samosata,Paris,Paris,48.8566,2.3522
1261,Doc1090OCR.png,Doc1090OCR,1,Et,20,Sosiologi,"Draper, John William",Den europæiske Aandsudviklings Historie. Frit overs. af Alex. Thorsøe.,1875,Kbh.,,"Draper, John William",Kbh.,Copenhagen,55.6761,12.5683
1262,Doc2204OCR.png,Doc2204OCR,1,NT,90,Nytestamentlig teologi. Urkirkens historie,"Kolmodin, A.(dolf)",Bibliske tids-och stridsfrågor.,1906,Sth.,,"Kolmodin, Adolf",Sth.,Stockholm,59.3293,18.0686
1263,Doc2531OCR.png,Doc2531OCR,1,MV,135,Misjon og kirke i Sør-Afrika,"Maclean, Colonel",A compendium of Kafir laws and customs ...,1858,Mount Coke,,"Maclean, Colonel",Mount Coke,Mount Coke,-32.8036,27.9944
1264,Doc3829OCR.png,Doc3829OCR,1,ST,,,"Thomasius, Gottfried",Christi Person und Werk. Darstellung der evangelisch-lutherischen Dogmatik vom Mittelpunkte der Christologie aus. 1.-2. Aufl. B. 1-3.,1853,Erlangen,1.-2. Aufl. B. 1-3.,"Thomasius, Gottfried",Erlangen,Erlangen,49.5869,10.9947
1265,Doc2073OCR.png,Doc2073OCR,1,MV,138,Misjon og kirke på Madagaskar,"Jørgensen, S(imon) E(manuel)",Folk og Kirke. paa Madagaskar.,1887,Kra.,,"Jørgensen, Simon Emanuel",Kra.,Christiania,59.9139,10.7522
1266,Doc2073OCR.png,Doc2073OCR,2,MV,138,Misjon og kirke på Madagaskar,,Kvartalskrift for Missionslæsning. Udg. af S.E. Jørgensen. Aarg. 1.,1888,Kra.,Aarg. 1.,,Kra.,Christiania,59.9139,10.7522
1267,Doc2829OCR.png,Doc2829OCR,1,Hi,15,Norsk historie,"Nielsen, Yngvar","Fire Foredrag over Norges Friheds Historie i 1814, ...",1897,Chra.,,"Nielsen, Yngvar",Chra.,Christiania,59.9139,10.7522
1268,Doc1222OCR.png,Doc1222OCR,1,ST,15,Filosofihistorie,"Eriksen, Richard",Tidens kurs. En populær udsigt over nye tankeretninger.,1912,Kra.,,"Eriksen, Richard",Kra.,Christiania,59.9139,10.7522
1269,Doc3298OCR.png,Doc3298OCR,1,Li,80,Norrøn og nordisk litteratur,,Gamalnorske bokverk utg. av det Norske samlaget.,1907,Oslo,55 h.,,Oslo,Oslo,59.9139,10.7522
1270,Doc2295OCR.png,Doc2295OCR,1,Va,20,?,"Laloi, Pierre",La premiere année d'instruction morale et civique ...,1896,(Paris),,"Laloi, Pierre",Paris,Paris,48.8566,2.3522
1271,Doc1605OCR.png,Doc1605OCR,1,SV,20,Indogermanske språk [-> Indoeuropeiske språk],,Haddon's elementary school readers and home lesson books ... 4th standard.,,London,4th standard.,,London,London,51.5074,-0.1278
1272,Doc3049OCR.png,Doc3049OCR,1,ST,50,Apologetikk,"Petersen, W.M.H.",Om Skriftens Inspiration.,1892,"Decorah, Iowa",,"Petersen, W.M.H.","Decorah, Iowa","Decorah, Iowa",43.3033,-91.7859
1273,Doc3689OCR.png,Doc3689OCR,1,Ku,,,"Johnsen, Oscar Alb.",Snorre Sturlasons oppfatning av vor ældre historie,1915,Kristiania,,"Johnsen, Oscar Albert",Kristiania,Oslo,59.9139,10.7522
1274,Doc1240OCR.png,Doc1240OCR,1,Li,60,Engelsk litteratur,Aisopos,Fables (by) Æsop: A new version by Thomas James,1863,London,,Aesop,London,London,51.5074,-0.1278
1275,Doc1430OCR.png,Doc1430OCR,1,Li,40,Latinske klassikere,"Gail, J(ean) B(aptiste)","Les trois fabulistes Ésope, Phédre et La Fontaine par Chamfort et Gail",1796,Paris,,"Gail, Jean Baptiste",Paris,Paris,48.8566,2.3522
1276,Doc3551OCR.png,Doc3551OCR,1,Li,30,Greske klassikere,Sophokles,Werke. Metrisch übers. von J.A. Hartung,1853,Lpz.,,Sophocles,Lpz.,Leipzig,51.3397,12.3731
1277,Doc0080OCR.png,Doc0080OCR,1,MV,138,Misjon og kirke på Madagaskar,Andriamifidy,Mindetale over Madagascars martyrer. Overs. av Chr. Borchgrevink,1900,Chicago,,Andriamifidy,Chicago,Chicago,41.8781,-87.6298
1278,Doc3722OCR.png,Doc3722OCR,1,Li,80,Norrøn og nordisk litteratur,"Swift, Jonathan",Gullivers Rejse til Lilliput. Overs. af Charles Sveistrup,,Kbh.,,"Swift, Jonathan",Kbh.,Copenhagen,55.6761,12.5683
1279,Doc0184OCR.png,Doc0184OCR,1,KH,30,"Oldkirkens kirkehistorie, patristikk",Basilius,Udvalgte Taler og Breve. Overs. af Lars Oftedal,1890,Chra.,,Basil of Caesarea,Chra.,Oslo,59.9139,10.7522
1280,Doc2803OCR.png,Doc2803OCR,1,Li,40,Latinske klassikere,"Nepos, Cornelius",Vitae excellentium imperatorum. With an English transl. by John Clarke,1826,London,New ed.,Cornelius Nepos,London,London,51.5074,-0.1278
1281,Doc0354OCR.png,Doc0354OCR,1,NT,10,Tekstutgaver og oversettelser,Edward Robinson,A harmony of the 4 gospels.,,London,,Edward Robinson,London,London,51.5074,-0.1278
1282,Doc0811OCR.png,Doc0811OCR,1,MV,10,Misjonsteori – allment,Theodor Christlieb,Lægemissionen.,1895,Kra.,,Theodor Christlieb,Kra.,København,55.6761,12.5683
1283,Doc1937OCR.png,Doc1937OCR,1,ST,15,Filosofihistorie,"H(øffding), H(arald)",Den engelske Philosophi i vor Tid.,1874,Kbh.,,Harald Høffding,Kbh.,København,55.6761,12.5683
1284,Doc2487OCR.png,Doc2487OCR,1,SV,20,Indogermanske språk [-> Indoeuropeiske språk],"Lødrup, Henr(ik)",Glossar til K.Brekke: Ny engelsk læsebog.,1901,Kra.,3. Udg.,Henrik Lødrup,Kra.,København,55.6761,12.5683
1285,Doc2412OCR.png,Doc2412OCR,1,ST,10,Filosofi og idéhistorie,"Lucretius Carus, T(itus)",De rerum natura libri sex.,1866,Lips.,,Titus Lucretius Carus,Lips.,Leipzig,51.3397,12.3731
1286,Doc1159OCR.png,Doc1159OCR,1,SV,20,Indogermanske språk [-> Indoeuropeiske språk],"Eibe, N(iels) Jul(ius)",Fransk Grammatik.,1861,Kbh.,,Niels Julius Eibe,Kbh.,København,55.6761,12.5683
1287,Doc1412OCR.png,Doc1412OCR,1,KH,,,"Funcke, Otto",Barndom og Ungdom fortalt af ham selv. Autor. Overs.,1898,Bergen,,Otto Funcke,Bergen,Bergen,60.3913,5.3221
1288,Doc2329OCR.png,Doc2329OCR,1,ST,,,"Lazarus, M.",Das Leben der Seele,1876,Berlin,2. erw. Aufl. B.1-2.,M. Lazarus,Berlin,Berlin,52.52,13.405
1289,Doc3964OCR.png,Doc3964OCR,1,KH,50,Reformasjonstidens historie,Alexander Vinet,Studier over Blaise Pascal. Overs. af W. F. de Coninck.,1880,Kbh.,,Alexander Vinet,Kbh.,Copenhagen,55.6761,12.5683
1290,Doc3964OCR.png,Doc3964OCR,2,KH,50,Reformasjonstidens historie,Thor Sundby,"Blaise Pascal, hans Kamp mod Jesuiterne og hans Forsvar for Kristendommen.",1877,Kbh.,,Thor Sundby,Kbh.,Copenhagen,55.6761,12.5683
1291,Doc3811OCR.png,Doc3811OCR,1,NV,70,Medisin og helse,Ove Thesen,Meddelelser fra det norske Missionshospital i Antananarivo.,1893,Kra.,,Ove Thesen,Kra.,Oslo,59.9139,10.7522
1292,Doc1650OCR.png,Doc1650OCR,1,KH,,,A. Halvorsen,Søndagskolen.,,Kra.,,A. Halvorsen,Kra.,Oslo,59.9139,10.7522
1293,Doc1763OCR.png,Doc1763OCR,1,ST,20,Prinsipplære og religionshistorie,Johann Gottfried von Herder,"Briefe, das Studium der Theologie betreffend. 4. Ausg. B.1.",1816,Weimar,4. Ausg. B.1.,Johann Gottfried von Herder,Weimar,Weimar,50.9795,11.3235
1294,Doc1696OCR.png,Doc1696OCR,1,PT,92,Annen oppbyggelseslitteratur,Louis Harms,Guldæbler i Sølvskaaler. Fortællinger. Overs. fra Tydsk af B. M. Bye. 2. gjennems. Udg.,1873,Chra.,2. gjennems. Udg.,Louis Harms,Chra.,Oslo,59.9139,10.7522
1295,Doc0557OCR.png,Doc0557OCR,1,NV,50,Zoologi,Kristine Bonnevie,Træk af Livet under Havfladen.,1897,Chra.,,Kristine Bonnevie,Chra.,Oslo,59.9139,10.7522
1296,Doc3394OCR.png,Doc3394OCR,1,RV,10,Religionshistorie,Carl Scholl,Die Messias-Sagen des Morgenlandes...,1852,Hamb.,,Carl Scholl,Hamb.,Hamburg,53.5511,9.9937
1297,Doc3701OCR.png,Doc3701OCR,1,Et,30,Norsk etnologi,Eilert Sundt,Om Sædeligheds-Tilstanden i Norge.,1857,Chra.,,Eilert Sundt,Chra.,Oslo,59.9139,10.7522
1298,Doc0071OCR.png,Doc0071OCR,1,PT,,,"Andersen, J. Oskar",Kirkeorganisation udenlands...,1905,Kbh.,,"Andersen, J. Oskar",Kbh.,Copenhagen,55.6761,12.5683
1299,Doc4176OCR.png,Doc4176OCR,1,PT,92,Annen oppbyggelseslitteratur,"Zwemer, Samuel M.",Evangeliets Kærne,1921,Kbh.,,"Zwemer, Samuel M.",Kbh.,Copenhagen,55.6761,12.5683
1300,Doc3540OCR.png,Doc3540OCR,1,NT,,,"Soden, Hermann von",Hat Jesus gelebt?,1910,Berlin,11.-20. Taus.,"Soden, Hermann von",Berlin,Berlin,52.52,13.405
1301,Doc3133OCR.png,Doc3133OCR,1,PT,92,Annen oppbyggelseslitteratur,,Pressen og de kristne,1919,Kra.,3.-4. h. 4. kvart.,,Kra.,Oslo,59.9139,10.7522
1302,Doc0301OCR.png,Doc0301OCR,1,GT,10,Tekstutgaver og oversettelser,,Bibelen. G.T. Gen. Hebraisk - Engelsk. The sacred scriptures in Hebrew and English,1844,London,Vol. 1. Genesis.,,London,London,51.5074,-0.1278
1303,Doc4160OCR.png,Doc4160OCR,1,NT,,,"Zahn, Theodor",Grundrids af den nytestamentlige Kanons Historie,1903,Kra.,,"Zahn, Theodor",Kra.,Oslo,59.9139,10.7522
1304,Doc2703OCR.png,Doc2703OCR,1,ST,,,"Monrad, M(arcus) J(acob)",Psychologie. Grundrids til Brug ved Forelæsninger,1868,Chra.,3. gjennems. Opl.,"Monrad, Marcus Jacob",Chra.,Oslo,59.9139,10.7522
1305,Doc3810OCR.png,Doc3810OCR,1,MV,138,Misjon og kirke på Madagaskar,"Thesen, O(ve)",Kirorgy specialy,1894,Faravohitra,B.1.,"Thesen, Ove",Faravohitra,Faravohitra,-18.9137,47.5361
1306,Doc3699OCR.png,Doc3699OCR,1,Et,30,Norsk etnologi,"Sundt, Eilert",Om Dødeligheden i Norge ...,1855,Chra.,,"Sundt, Eilert",Chra.,Oslo,59.9139,10.7522
1307,Doc0630OCR.png,Doc0630OCR,1,MV,60,Norsk misjon - andre norske misjonsselskap,"Brun, Christen",Det Norsk lutherske kinamissionsforbunds ritual. En kritik.,1904,Bergen,,"Brun, Christen",Bergen,Bergen,60.3913,5.3221
1308,Doc1890OCR.png,Doc1890OCR,1,Li,80,Norrøn og nordisk litteratur,"Horn, E(rik) F(rederik) B(arth)",Oversigt over Literaturhistorien siden Reformationen.,1868,Chra.,,"Horn, Erik Frederik Barth",Chra.,Oslo,59.9139,10.7522
1309,Doc2310OCR.png,Doc2310OCR,1,SV,20,Indogermanske språk [-> Indoeuropeiske språk],Larive,Grammaire (par) Lavire & Fleury. Paris 1897-99. 3 b.,1898,Paris,64 e éd.1897-66 e éd. 1898,Larive,Paris,Paris,48.8566,2.3522
1310,Doc2310OCR.png,Doc2310OCR,2,SV,20,Indogermanske språk [-> Indoeuropeiske språk],Larive,La deuxieme année ... Livre du maitre ... Nouv. éd. 1899.,1899,,Nouv. éd. 1899,Larive,,,,
1311,Doc2310OCR.png,Doc2310OCR,3,SV,20,Indogermanske språk [-> Indoeuropeiske språk],Larive,Recueil de dictées correspondant a la 2.e année de grammaire ... Livre du maitre.,1898,Paris,,Larive,Paris,Paris,48.8566,2.3522
1312,Doc2604OCR.png,Doc2604OCR,1,SV,50,"Malayiske språk, gassisk språk","Maxwell, William Edward",A manual of the Malay language. With a ... sketch of the Sanskrit element in Malay.,1882,London,,"Maxwell, William Edward",London,London,51.5074,-0.1278
1313,Doc1446OCR.png,Doc1446OCR,1,KH,,,"Gavazzi, (Alessandro)","Orations on the abuses and corruptions of the church of Rome, ...",,London,,"Gavazzi, Alessandro",London,London,51.5074,-0.1278
1314,Doc3496OCR.png,Doc3496OCR,1,MV,170,Israelsmisjon,"Skagestad, G(abriel)",Israelsmissionen.,1911,Stvg.,2 ekspl.,"Skagestad, Gabriel",Stvg.,Stavanger,58.969,5.7331
1315,Doc2983OCR.png,Doc2983OCR,1,SV,20,Indogermanske språk [-> Indoeuropeiske språk],"Papillon, T.L.",A manuel of comparative philology as applied to the illustration of Greek and Latin inflections.,1876,Oxf.,Clarendon press. ser.,"Papillon, T.L.",Oxf.,Oxford,51.752,-1.2577
1316,Doc1654OCR.png,Doc1654OCR,1,SV,30,Semittiske språk,"Hamaker, H.A.",Specimen geographico - ... Ibn Khacanis de Ibn Zeidouno ... defendit Henricus Engelinus Weyers. Diss.,1831,Lugd. Bat.,,"Hamaker, H.A.",Lugd. Batavum,"Leiden, Netherlands",52.1601144,4.4970097
1317,Doc1654OCR.png,Doc1654OCR,2,SV,30,Semittiske språk,"Fleischer, Heinrich Leberecht","Ali's hundert Sprüche arabisch und persisch paraphrasiert von Reschieddinn Watwat nebst einem... Anh. arabischer Sprüche hg., übers.",1837,Lpz.,,"Fleischer, Heinrich Leberecht",Lipsiae,"Leipzig, Germany",51.3396955,12.3730747
1318,Doc0703OCR.png,Doc0703OCR,1,Jød,40,Rabbinismen,"Buxtorf, Johannes","Tiberias, sive Commentarius Massoreticus triplex ... Recogn.... a Johanne Buxtorfio fil. Ed. hanc novam accurante Johan. Jacob Buxtorfio",1665,Basilea,,"Buxtorf, Johannes",Basilea,"Basel, Switzerland",47.5595986,7.5885761
1319,Doc0703OCR.png,Doc0703OCR,2,Jød,40,Rabbinismen,,Biblia Hebraica cum paraohasticis Chaldaicis et commentariis rabbinorum,,Basilea,,,Basilea,"Basel, Switzerland",47.5595986,7.5885761
1320,Doc0046OCR.png,Doc0046OCR,1,Li,20,Arabisk og orientalsk litteratur,Alf lajla walajla,"Les mille et un jours. Contes persans, turcs et chinois trad. par Petis de la Croix, Carbonne, Caylus, etc. Nouv. éd.",,Paris,Nouv. éd.,Alf layla wa-layla,Lutetia Parisiorum,"Paris, France",48.8566969,2.3514616
1321,Doc2373OCR.png,Doc2373OCR,1,PT,90,Prekener og andaktsbøker,"Liddon, Henry Parry",Twelve sermons...,,London,,"Liddon, Henry Parry",Londinium,"London, United Kingdom",51.5073219,-0.1276474
1322,Doc0285OCR.png,Doc0285OCR,1,GT,10,Tekstutgaver og oversettelser,"Bibelen, G.T. Salmer. Dansk.","Psalmerne, frit gjengivne i danske Vers af Hans Rasmussen.",1887,Nykjøbing p.F.,,"Bibelen, G.T. Salmer. Dansk.",Nykøbing Falster,"Nykøbing Falster, Denmark",54.7633871,11.8762574
1323,Doc1275OCR.png,Doc1275OCR,1,MV,138,Misjon og kirke på Madagaskar,,Ny Fandehanany ny mpivahiny.,1866,Antan.,,,Antananarivo,"Antananarivo, Madagascar",-18.8791903,47.5079055
1324,Doc2429OCR.png,Doc2429OCR,1,NT,,,"Luthardt, Chr. Ernst",Johannes Aabenbaring... forklaret... Overs. ved Chr. Hvistendahl,1863,Chra.,,"Luthardt, Chr. Ernst",Christiania,"Oslo, Norway",59.911491,10.757933
1325,Doc2429OCR.png,Doc2429OCR,2,NT,,,"Landstad, Hans",Prophetedømmet i Israel.,1868,Chra.,,"Landstad, Hans",Christiania,"Oslo, Norway",59.911491,10.757933
1326,Doc0350OCR.png,Doc0350OCR,1,NT,10,Tekstutgaver og oversettelser,Bibelen. N.T. Engelsk.,The New Testament... The version set forth A.D. 1611... rev. A.D. 1881.,1881,Oxf./Cambr.,,Bibelen. N.T. Engelsk.,Oxford/Cambridge,"Oxford/Cambridge, United Kingdom",51.751944,-1.257778
1327,Doc0205OCR.png,Doc0205OCR,1,KH,,,"Beck, Vilh(elm)",Ærindringer fra mit Liv.,1900,Kbh.,,"Beck, Vilhelm",København,Copenhagen,55.6761,12.5683
1328,Doc0847OCR.png,Doc0847OCR,1,MV,138,Misjon og kirke på Madagaskar,"Clark, Henry E.",Tantaran'ny Fiangonana eto Madagasikara Hatramy ny niandohany ka hatramy ny taona 1887.,1887,Faravohitra,,"Clark, Henry E.",Faravohitra,Faravohitra,-18.9,47.52
1329,Doc1312OCR.png,Doc1312OCR,1,MV,138,Misjon og kirke på Madagaskar,,"Fihirana, Tiona sy",1881,Antan.,,,Antananarivo,Antananarivo,-18.8792,47.5079
1330,Doc0642OCR.png,Doc0642OCR,1,ST,,,"Bruun, Christopher",Fri Folkekirke.,1909,Kra.,,"Bruun, Christopher",Kristiania,Oslo,59.9139,10.7522
1331,Doc1463OCR.png,Doc1463OCR,1,ST,,,"Gerhard, Johann",Loci theologici ... T. 1-9.,1657,Francf.,Ed. rev.,"Gerhard, Johann",Frankfurt,Frankfurt am Main,50.1109,8.6821
1332,Doc0215OCR.png,Doc0215OCR,1,SV,20,Indogermanske språk [-> Indoeuropeiske språk],"Bekkevold, Fr(ederik) A(ugust)",Franske stiløvelser for begyndere og viderekomne.,1881,Kra.,2. udg.,"Bekkevold, Frederik August",Kristiania,Oslo,59.9139,10.7522
1333,Doc1912OCR.png,Doc1912OCR,1,NT,,,"Hug, Joh(ann Leonhard",Einleitung in die Schriften des Neuen Testaments.,1826,Stuttg.,3. verb.verm.Aufl.,"Hug, Johann Leonhard",Stuttgart,Stuttgart,48.7758,9.1829
1334,Doc1737OCR.png,Doc1737OCR,1,GT,20,"Ordbøker, konkordanser og grammatikker","Heiligstedt, August",Präparation zum Propheten Jesaja ...,1888,Halle,4. verb. Aufl. hg. von Max Budie,"Heiligstedt, August",Halle,Halle (Saale),51.4969,11.9688
1335,Doc2005OCR.png,Doc2005OCR,1,ST,,,"Janson, Kristofer",Imod Pastor Kristensens Kristusformøgtelse. Svar.,1894,Kra.,,Kristofer Janson,Kra.,Oslo,59.9139,10.7522
1336,Doc3255OCR.png,Doc3255OCR,1,SV,,,"Rosenberg, I.",Lehrbuch der Neusyrischen,,Wien u.a.,,I. Rosenberg,Wien,Vienna,48.2082,16.3738
1337,Doc1217OCR.png,Doc1217OCR,1,SV,20,Indogermanske språk [-> Indoeuropeiske språk],"Erichsen, A(andreas) E(mil)",Norsk læsebog for middelskolen. Udg. af A.E. Erichsen og S. Bretteville Jensen.,1901,Kra.,D.1.,Andreas Emil Erichsen,Kra.,Oslo,59.9139,10.7522
1338,Doc0823OCR.png,Doc0823OCR,1,Li,40,Latinske klassikere,"Cicero, (Marcus Tullius)",Ausgewählte Briefe. Für den Schulgebrauch erklärt von Joseph Frey.,1873,Lpz.,2. verb. Aufl.,Marcus Tullius Cicero,Lpz.,Leipzig,51.3397,12.3731
1339,Doc1628OCR.png,Doc1628OCR,1,SV,30,Semittiske språk,"Hahn, August",Chrestomathia Syriaca sive S. Ephraemi carmina selecta. Ed. Augustus Hahn et Friedericus Ludovicus Sieffert.,1825,Lips.,,August Hahn,Lips.,Leipzig,51.3397,12.3731
1340,Doc4054OCR.png,Doc4054OCR,1,Hi,10,Politisk historie og kulturhistorie,"Weil, Gustav",Geschichte der islamischen Völker von Muhammed bis zur Zeit des Sultan Selim.,1866,Stuttg.,,Gustav Weil,Stuttg.,Stuttgart,48.7758,9.1829
1341,Doc2913OCR.png,Doc2913OCR,1,ST,,,"Offerdahl, O.",Religion og folkevælfærd.,1901,Kra.,,O. Offerdahl,Kra.,Oslo,59.9139,10.7522
1342,Doc2560OCR.png,Doc2560OCR,1,MV,10,Misjonsteori – allment,"Malmgren, G.D.",Den Missionerande Kyrkan.,1908,Göteborg,B.1.,G.D. Malmgren,Göteborg,Gothenburg,57.7089,11.9746
1343,Doc0055OCR.png,Doc0055OCR,1,SV,20,Indogermanske språk [-> Indoeuropeiske språk],"Alnæs, I.",Skriftlige øvelser i engelsk ved I. Alnæs og S. Høst. 2. udg.,1905,Kra.,,"Alnæs, I.",Kra.,Oslo,59.9139,10.7522
1344,Doc3975OCR.png,Doc3975OCR,1,PT,94,Lærebøker i kristendomskunnskap,"Vogt, Volrath",Bibelhistorie med Beskrivelse af det Hellige Land for Borger- og høiere Almueskoler. 8. Opl.,1880,Kra.,,"Vogt, Volrath",Kra.,Oslo,59.9139,10.7522
1345,Doc2811OCR.png,Doc2811OCR,1,Ge,20,Enkelte lands geografi,New York,Indexed county and railroad pocket map of ...,,Chicago,,New York,Chicago,Chicago,41.8781,-87.6298
1346,Doc0621OCR.png,Doc0621OCR,1,KH,,,,Broderringen møde paa Framnes 1906. Nadverspørgsmaalet.,1906,Bergen,,,Bergen,Bergen,60.3923,5.3221
1347,Doc1367OCR.png,Doc1367OCR,1,,,,"Frank, Fr. H. R.",Uber die kirchliche Bedeutung der Theologie A. Ritschl's. 2. Aufl.,1888,Erl.,,"Frank, Fr. H. R.",Erl.,Erlangen,49.5892,11.1978
1348,Doc3206OCR.png,Doc3206OCR,1,GT,,,"Reuss, Eduard",Die Geschichte der heiligen Schriften Alten Testaments.,1881,Brschw.,,"Reuss, Eduard",Brschw.,Braunschweig,52.2689,10.5268
1349,Doc1570OCR.png,Doc1570OCR,1,MV,122,Misjon og kirke i India,"Gøtzsche, Ellen","""Emmaus"" et Øjebliksbillede.",1918,Kbh.,,"Gøtzsche, Ellen",Kbh.,Copenhagen,55.6761,12.5683
1350,Doc1950OCR.png,Doc1950OCR,1,PT,92,Annen oppbyggelseslitteratur,,"""I don't like tracts"". A plea and a defence.",,London,,,London,London,51.5074,-0.1278
1351,Doc1492OCR.png,Doc1492OCR,1,ST,,,"Gjessing, Marcus",Forsvarspligt og kristenpligt. Et stykke kristelig-social etik. (Udg. av) Norges forsvarsforening.,1915,Kra.,,"Gjessing, Marcus",Kra.,Oslo,59.9139,10.7522
1352,Doc2809OCR.png,Doc2809OCR,1,NT,,,"Neverdahl, Thor",Jesu Fristelse. Et angrep på Dahle.,1913,Kra.,,"Neverdahl, Thor",Kra.,Oslo,59.9139,10.7522
1353,Doc3806OCR.png,Doc3806OCR,1,Li,30,Greske klassikere,Theokritos,The idylis and epigrams commonly attributed to Theocritus. With English notes by Herbert Snow.,1873,Oxf.,2 nd ed.,Theokritos,Oxf.,Oxford,51.752,-1.2577
1354,Doc3463OCR.png,Doc3463OCR,1,KH,,,"Seuse, Heinrich",Deutsche Mystiker. B.1. Seuse. Ausgewählt und hg. von Wilhelm Oehl.,1910,Kempten,,"Seuse, Heinrich",Kempten,Kempten,47.7267,10.3139
1355,Doc0968OCR.png,Doc0968OCR,1,,,,"Dahle, L.",Norske misjonærers arbeide med Bibelens oversættelse til hedningefolks Sprog. (Foredrag ved Bibelselskabets 100 års Jubilæum 1916. i Vor Frelsers Kirke Kristiania.),1916,Kristiania,,"Dahle, L.",Kristiania,Oslo,59.9139,10.7522
1356,Doc2402OCR.png,Doc2402OCR,1,MV,20,"Misjon - konferanser, rapporter, oversikter",London Missionary Society,General Regulation for the Guidance of the English Missionaries of the Society.,1873,U.s.,,London Missionary Society,U.s.,United States,,
1357,Doc0264OCR.png,Doc0264OCR,1,Bi,40,Bibelutgaver,,"Bibelen. Biblia, Det er Den gandske Hell. Skrift's Bøger. Hans Kongel. Majests. Vor Allernaadigste Arve-Herre Kong Christian Den Siettes Christelige Omsorg. Det andet Oplag.",1727,Kjøbenhavn,Det andet Oplag,,Kjøbenhavn,Copenhagen,55.6761,12.5683
1358,Doc3234OCR.png,Doc3234OCR,1,PT,92,Annen oppbyggelseslitteratur,"Robertson, Frederick W.",Fire Prækenere. Overs. af I.B.,1895,Kra.,,"Robertson, Frederick W.",Kra.,Oslo,59.9139,10.7522
1359,Doc3814OCR.png,Doc3814OCR,1,ST,,,"Thiersch, Heinrich W.I.",Kirkens Farer og Haab. 5 Foredrag. Paa Dansk ved I.O.Thomsen.,1878,Kbh.,,"Thiersch, Heinrich W.I.",Kbh.,København,55.6761,12.5683
1360,Doc1148OCR.png,Doc1148OCR,1,Te,10,Matematikk,"Eckhoff, W(ilhelm) A(ndreas)",Praktisk Regnebog,1878,Kra.,4.,"Eckhoff, Wilhelm Andreas",Kra.,Oslo,,
1361,Doc1148OCR.png,Doc1148OCR,2,Te,10,Matematikk,"Eckhoff, W(ilhelm) A(ndreas)",Facitbog,1869,Stvg.,,"Eckhoff, Wilhelm Andreas",Stvg.,Stavanger,,
1362,Doc4168OCR.png,Doc4168OCR,1,ST,,,"Zezschwitz, Carl Adolph Gerhard v(on)",Zur Apologie des Christenthums nach Geschichte und Lehre.,1866,Lpz.,,"Zezschwitz, Carl Adolph Gerhard von",Lpz.,Leipzig,51.3397,12.3731
1363,Doc2314OCR.png,Doc2314OCR,1,NT,70,Skrifter om den historiske Jesus,"Larsen, A.C.",Paulus og Kristus.,1897,Kbh.,,"Larsen, A.C.",Kbh.,København,55.6761,12.5683
1364,Doc2233OCR.png,Doc2233OCR,1,Ge,20,Enkelte lands geografi,"Krapf, J(ohannes) L(udwig)",Reiser in Ost-Afrika ausgeführt in den Jahren 1837-55. P.1-2.,1858,Stuttg.,,"Krapf, Johannes Ludwig",Stuttg.,Stuttgart,48.7758,9.1829
1365,Doc2911OCR.png,Doc2911OCR,1,GT,,,"Oettli, Samuel",Das Gesetz Hammurabis und die Thora Israels.,1903,Lpz.,,"Oettli, Samuel",Lpz.,Leipzig,51.3397,12.3731
1366,Doc0838OCR.png,Doc0838OCR,1,Li,40,Latinske klassikere,"Cicero, M(arcus) Tullius",Tusculanae disputationes. Libri 5. Til Skolebrug:bearb. af F.C.L.Trojel.,1854,Kbh.,,"Cicero, Marcus Tullius",Kbh.,København,55.6761,12.5683
1367,Doc2484OCR.png,Doc2484OCR,1,NV,50,Zoologi,"Lütken, Chr(istian) Fr(ederik)",Dyreriget... 4. gjennems. Udg.,1881,Kbh.,,"Lütken, Christian Frederik",Kbh.,København,55.6761,12.5683
1368,Doc0577OCR.png,Doc0577OCR,1,MV,,,,Botany,,,,,,,,
1369,Doc3583OCR.png,Doc3583OCR,1,NT,,,"Stalker, James","Jesu billede ""Imago Christi"".",1890,Chra.,,James Stalker,Christiania,Oslo,59.9139,10.7522
1370,Doc2260OCR.png,Doc2260OCR,1,GT,70,Gammeltestamentlig bibelteologi og religionshistorie,"Kurtz, Joh. H.",Bibel und Astronomi,1855,Sth.,3. tillökta uppl.,Johann Heinrich Kurtz,Stockholm,Stockholm,59.3293,18.0686
1371,Doc3536OCR.png,Doc3536OCR,1,Hi,20,Nordisk historie,Snorri Sturluson,HeimsKringla,1697,Sth.,,Snorri Sturluson,Stockholm,Stockholm,59.3293,18.0686
1372,Doc1666OCR.png,Doc1666OCR,1,Le,30,Teologiske leksika og encyclopedier,Otto Zöckler,Handbuch der theologischen Wissenschaften,1889,Nördlingen/Münch.,3. durchges. Aufl.,Otto Zöckler,Nördlingen/München,Nördlingen/Munich,48.1374,11.5755
1373,Doc2213OCR.png,Doc2213OCR,1,MV,10,Misjonsteori – allment,"Kolmodin, Adolf",Reformation och Mission,1888,Sth.,,Adolf Kolmodin,Stockholm,Stockholm,59.3293,18.0686
1374,Doc1581OCR.png,Doc1581OCR,1,ST,,,"Greve, Jens",Kristendommen og udviklingslæren,1911,Kra.,,Jens Greve,Kristiania,Oslo,59.9139,10.7522
1375,Doc2586OCR.png,Doc2586OCR,1,MV,15,"Misjon - fortellinger, misjonsmotivering","Martig, Christian",Aus (meinem) Leben (als) Missionar in China,1872,Basel,2. Aufl.,Christian Martig,Basel,Basel,47.5596,7.5886
1376,Doc1249OCR.png,Doc1249OCR,1,KH,,,Eusebius Pamphili,Historia ecclesiastica. Libri 10.,1852,Tüb.,Rec. Albertus Schegler,Eusebius Pamphili,Tüb.,Tübingen,48.5227,9.0523
1377,Doc2459OCR.png,Doc2459OCR,1,PT,,,Pastor Freihow,Af nogle damer ved pastor,1911,,,Pastor Freihow,,,,
1378,Doc2459OCR.png,Doc2459OCR,2,PT,,,O. Gude Due,for hjemmet,1911,,,O. Gude Due,,,,
1379,Doc2459OCR.png,Doc2459OCR,3,PT,,,Th. Freihow,En liden Andagtsbog,1911,,,Th. Freihow,,,,
1380,Doc2459OCR.png,Doc2459OCR,4,PT,,,Birger Hall,Trøst,1911,,,Birger Hall,,,,
1381,Doc2459OCR.png,Doc2459OCR,5,PT,,,Birger Hall,Trøst og opmuntring,1912,,,Birger Hall,,,,
1382,Doc2459OCR.png,Doc2459OCR,6,PT,,,Søren Dahl,En liten andagtsbog (no.1),1912,,2 ekspl.,Søren Dahl,,,,
1383,Doc2459OCR.png,Doc2459OCR,7,PT,,,Einar Høyer,Guds barn paa jorden,1912,,,Einar Høyer,,,,
1384,Doc2459OCR.png,Doc2459OCR,8,PT,,,Johan Tande,Troen,1912,,,Johan Tande,,,,
1385,Doc0534OCR.png,Doc0534OCR,1,NV,70,Medisin og helse,"Bock, (Karl Ernst)",Sundhetslære for folket,1874,Stvg.,Efter orig. 6. Opl. overs. af Henrik E.S. Bahr,Karl Ernst Bock,Stvg.,Stavanger,58.9699756,5.7331073
1386,Doc2984OCR.png,Doc2984OCR,1,Ge,20,Enkelte lands geografi,,Strassenverzeichnis und Pläne von,1896,Lpz.,,,Lpz.,Leipzig,51.3396955,12.3730747
1387,Doc0049OCR.png,Doc0049OCR,1,MV,15,"Misjon - fortellinger, misjonsmotivering",,Allerlei aus aller Welt,1877,Basel,,,Basel,Basel,47.5596,7.5886
1388,Doc1705OCR.png,Doc1705OCR,1,NV,70,Medisin og helse,"Hartmann, Ph. Carl",Lyksalighedslære for Menneskets physiske Liv,1837,Kbh.,2. forøg. Udg. Overs. af F.V. Mansa,Ph. Carl Hartmann,Kbh.,Copenhagen,55.6761,12.5683
1389,Doc3546OCR.png,Doc3546OCR,1,PT,,,"Sonne, H(ans) Chr(istian)","Det danske Kirkeaars Pericoper, belyste ved Skriftsteder af det gamle og nye Testamente",1863,Kbh.,,Hans Christian Sonne,Kbh.,Copenhagen,55.6761,12.5683
1390,Doc0394OCR.png,Doc0394OCR,1,NT,10,Tekstutgaver og oversettelser,Constantinus de Tischendorf,Synopsis evangelica,1871,Lips.,Ed. 3. emend.,Constantinus de Tischendorf,Lips.,Leipzig,51.3396955,12.3730747
1391,Doc1080OCR.png,Doc1080OCR,1,PT,92,Annen oppbyggelseslitteratur,"Doddridge, Philip","The rise and progress of religion in the soul, ... serious and practical addresses",1843,N.Y.,,"Doddridge, Philip",N.Y.,New York,40.7128,-74.006
1392,Doc3748OCR.png,Doc3748OCR,1,Li,40,Latinske klassikere,"Tacitus, (Publius Cornelius)",The Germany and Agricola. With English notes. By John T. White. New ed.,1855,London,,"Tacitus, (Publius Cornelius)",London,London,51.5074,-0.1278
1393,Doc1845OCR.png,Doc1845OCR,1,NV,70,Medisin og helse,"Hollstein, L.",Lehrbuch der Anatomie des Menschen. 5. veränd. Aufl.,1873,Berlin,5. veränd. Aufl.,"Hollstein, L.",Berlin,Berlin,52.52,13.405
1394,Doc3561OCR.png,Doc3561OCR,1,KH,,,"Spener, Philipp Jacob",Er den evangeliske Kirke Babel og er derfor Udtrædelse af den nødvendig? Overs. efter A.H.Thyms Udg. ved P.V. Winsnes.,1858,Chra.,,"Spener, Philipp Jacob",Chra.,Oslo,59.9139,10.7522
1395,Doc1440OCR.png,Doc1440OCR,1,RV,,,,Gassisk magi og trolldom fra Vohipeno. Ms. med arabiske bokstaver.,,,,,,,,
1396,Doc3146OCR.png,Doc3146OCR,1,Hi,10,Politisk historie og kulturhistorie,"Putzger, F.W.",Historischer Schul-Atlas von Alfred Baldmus und Ernst Schwabe. 29. Aufl.,1905,Bielef.,29. Aufl.,"Putzger, F.W.",Bielef.,Bielefeld,52.0302,8.5325
1397,Doc3077OCR.png,Doc3077OCR,1,ST,10,Filosofi og idéhistorie,Platon,Philebos. Overs. af det Græske ... af C.J. Heise. Efter Overs. Død udg. af Fred. Chr. Sibbern,1859,Kbh.,,Platon,Kbh.,Copenhagen,55.6761,12.5683
1398,Doc2722OCR.png,Doc2722OCR,1,Hi,10,Politisk historie og kulturhistorie,"Motley, John Lothrop",The rise of the Dutch republic. A history.,1856,London,1. utg.,"Motley, John Lothrop",London,London,51.5074,-0.1278
1399,Doc1373OCR.png,Doc1373OCR,1,Va,20,?,,Fredssaken,1915,Bergen,,,Bergen,Bergen,60.3913,5.3221
1400,Doc2466OCR.png,Doc2466OCR,1,KH,80,Norges kirkehistorie,"Sibbern, Gabriel",Om humanisme,1858,Kbh,,Gabriel Sibbern,Kbh,Copenhagen,55.6761,12.5683
1401,Doc2466OCR.png,Doc2466OCR,2,KH,80,Norges kirkehistorie,"Kierkegaard, S.",Philosophiske Smuler eller en Smule Philosophi,1865,Kbh,2. Udg.,Søren Kierkegaard,Kbh,Copenhagen,55.6761,12.5683
1402,Doc1536OCR.png,Doc1536OCR,1,MV,,,"Janssen, Carl Emil",En grønlandspræsts optegnelser 1844-49,,,,Carl Emil Janssen,,,,
1403,Doc0793OCR.png,Doc0793OCR,1,PT,,,"Cheever, George",Cyclopædia of moral and religious anecdote,,London,7th ed.,George Cheever,London,London,51.5074,-0.1278
1404,Doc1612OCR.png,Doc1612OCR,1,Et,30,Norsk etnologi,"Hagemann, Axel",Blandt lapper og bumænd. Billeder og sagn,1889,Kra,,Axel Hagemann,Kra,Oslo,59.9139,10.7522
1405,Doc0070OCR.png,Doc0070OCR,1,ST,,,"Andersen, Axel",Lov og Evangelium,1898,Chra,,Axel Andersen,Chra,Oslo,59.9139,10.7522
1406,Doc1462OCR.png,Doc1462OCR,1,PT,,,"Gerhard, Johan(n)",Hellige Betragtninger,1881,Brønø,5. Opl.,Johann Gerhard,Brønø,Brønnøysund,65.4733,12.1994
1407,Doc3015OCR.png,Doc3015OCR,1,SV,10,Språkvitenskap – allment,"Peil, John",Philology,1877,London,,John Peil,London,London,51.5074,-0.1278
1408,Doc1180OCR.png,Doc1180OCR,1,PT,80,Hymnologi og kirkemusikk,Ellen,Fra fjerne Lande. Missionssange.,1906,Kbh.,,Ellen,Kbh.,Copenhagen,55.6761,12.5683
1409,Doc1669OCR.png,Doc1669OCR,1,PT,80,Hymnologi og kirkemusikk,"Hansen, A.L.",Korsets Sange,1910,Drammen,3. forøg.opl.,"Hansen, A.L.",Drammen,Drammen,59.7439,10.2045
1410,Doc2805OCR.png,Doc2805OCR,1,PT,90,Prekener og andaktsbøker,"Nesselmann, R.","Buch der Predigten, oder 100 Predigten und Reden aus den verschiedenen Zeiten, Ländern und Confessionen zu einem Jahrgange geordnet. N.Ausg.",1877,Elbing,,"Nesselmann, R.",Elbing,Elbląg,54.1578,19.4045
1411,Doc2158OCR.png,Doc2158OCR,1,Le,20,Ordbøker – moderne språk og latin,"Kjær, L.Ove","Dansk - latinsk Ordbog, nærmest til Skolebrug.",1870,Kbh.,,"Kjær, L.Ove",Kbh.,Copenhagen,55.6761,12.5683
1412,Doc0665OCR.png,Doc0665OCR,1,Te,20,Teknikk – allment,"Bugge, (Andreas Fredrik)",Professor Bugge fremlægger sine planer om prøvehusene ved Høiskolen.,1919,T.hjem,,"Bugge, (Andreas Fredrik)",T.hjem,Trondheim,63.4305,10.3951
1413,Doc3737OCR.png,Doc3737OCR,1,Hi,15,Norsk historie,"Sørensen, N.G.",Til mit Fædreland! Lidt Hverdagsprog i Høipolitiken.,1900,Kra.,,"Sørensen, N.G.",Kra.,Oslo,59.9139,10.7522
1414,Doc3832OCR.png,Doc3832OCR,1,KH,,,"Thompson, E.W.",The theosophy of Mrs. Besant,1913,Mysore,,"Thompson, E.W.",Mysore,Mysuru,12.2958,76.6394
1415,Doc4071OCR.png,Doc4071OCR,1,Bi,20,"Bibelkunnskap, hermeneutikk","Westcott, Brooke Foss",The Bible in the church. The collection and reception of the holy scriptures in the Christian churches.,1866,London,,"Westcott, Brooke Foss",London,London,51.5074,-0.1278
1416,Doc2257OCR.png,Doc2257OCR,1,NV,70,Medisin og helse,"Kuhne, Louis",Den nye Lægevidenskab eller Læren om Sygdommenes: Enhed og den derpaa grundede Helbredelse uden Medicin og Operationer,1896,Kra.,"19. tyske, omarb. Opl. af S.A. Ramsvig.",Louis Kuhne,Kra.,Oslo,,
1417,Doc2847OCR.png,Doc2847OCR,1,KH,,,,Medlemarne i N.B.F.'s svenska afdeling samt i Antikritisk Subskriptionsförening 1907,1907,Engelholm,,,Engelholm,Ängelholm,,
1418,Doc2616OCR.png,Doc2616OCR,1,ST,,,"Melanchthon, Philipp","Ethicae doctrinae elementa, et enarratio libri 5 Ethicorum",1589,Witeb.,,Philipp Melanchthon,Witeb.,,,
1419,Doc2952OCR.png,Doc2952OCR,1,ST,,,"Orr, James",Opstandelsen,1913,Chra.,,James Orr,Chra.,Oslo,59.9139,10.7522
1420,Doc3659OCR.png,Doc3659OCR,1,SV,20,Indogermanske språk [-> Indoeuropeiske språk],"Storm, Joh(an) Frederik Breda)",Engelsk Filologi. Anvisning til et videnskabeligt Studium af det engelske Sprog ... 1. Det levende Sprog,1879,Kra.,,Johan Frederik Breda Storm,Kra.,Oslo,,
1421,Doc0594OCR.png,Doc0594OCR,1,NV,50,Zoologi,"Brehm, A.E.",Pattedyrenes Liv,1873,Kbh.,,A.E. Brehm,Kbh.,Copenhagen,55.6761,12.5683
1422,Doc1473OCR.png,Doc1473OCR,1,Hi,10,Politisk historie og kulturhistorie,"Gibbon, Edward",History of the Saracen empire,1870,London,"Repr. of Cambr. ed., 1755",Edward Gibbon,London,London,51.5074,-0.1278
1423,Doc0472OCR.png,Doc0472OCR,1,NT,10,Tekstutgaver og oversettelser,,Das Neue Testament,1710,Wandesbeck b.Hamb.,,,Wandesbeck b.Hamb.,,,
1424,Doc1918OCR.png,Doc1918OCR,1,Ge,10,"Reiseskildringer, atlas","Humboldt, A(lexander) von",Reise i Amerika.,1856,Kbh.,,"Humboldt, Alexander von",Kbh.,Copenhagen,55.6761,12.5683
1425,Doc1918OCR.png,Doc1918OCR,2,Ge,10,"Reiseskildringer, atlas",,Reiser i det Europæiske og Asiatiske Rusland.,1856,Kbh.,,,Kbh.,Copenhagen,55.6761,12.5683
1426,Doc0889OCR.png,Doc0889OCR,1,Li,70,Tysk litteratur,Coutelle,Pharus,,Iserlohn u.å.,3. Aufl.,Coutelle,Iserlohn u.å.,Iserlohn etc.,,
1427,Doc0152OCR.png,Doc0152OCR,1,SV,10,Språkvitenskap – allment,"Ballhorn, Friedrich",Alphabete orientalischer und occidentalischer Sprachen,1844,Lpz.,2. verm. Aufl.,"Ballhorn, Friedrich",Lpz.,Leipzig,51.3397,12.3731
1428,Doc0152OCR.png,Doc0152OCR,2,SV,10,Språkvitenskap – allment,,Alphabete orientalischer und occidentalischer Sprachen,1873,Lpz.,11. verm. Aufl.,,Lpz.,Leipzig,51.3397,12.3731
1429,Doc1032OCR.png,Doc1032OCR,1,MV,10,Misjonsteori – allment,"Delitzsch, Franz",To akademiske Missionstaler.,1858,Stvg.,,"Delitzsch, Franz",Stvg.,Stavanger,,
1430,Doc0893OCR.png,Doc0893OCR,1,ST,50,Apologetikk,,Credentials of Christianity.,1880,London,,,London,London,51.5074,-0.1278
1431,Doc3319OCR.png,Doc3319OCR,1,PT,80,Hymnologi og kirkemusikk,,Sange for Julefesten,1903,Bergen,,,Bergen,Bergen,60.3913,5.3221
1432,Doc0209OCR.png,Doc0209OCR,1,PT,,,"Beecher, Henry Ward",Lectures on preaching.,1872,London,,"Beecher, Henry Ward",London,London,51.5074,-0.1278
1433,Doc1924OCR.png,Doc1924OCR,1,NV,10,Naturvitenskap – allment,"(Huxley, Thomas Henry)",Om tilraadeligheden af at fremme naturkundskaben.,,U.s.u.å.,,"Huxley, Thomas Henry",U.s.u.å.,Unknown,,
1434,Doc1858OCR.png,Doc1858OCR,1,Va,20,?,"Holmsen, A.",Litt om samfundsforholdene i vort land ...,1909,Kra.,,"Holmsen, A.",Kra.,Oslo,59.9139,10.7522
1435,Doc1746OCR.png,Doc1746OCR,1,MV,138,Misjon og kirke på Madagaskar,"Helland, Andreas",Our Madagascar Mission.,1908,"Minneap., Minn.",,"Helland, Andreas","Minneap., Minn.","Minneapolis, Minnesota",44.9778,-93.265
1436,Doc2538OCR.png,Doc2538OCR,1,MV,138,Misjon og kirke på Madagaskar,,Madagascar et le Protestantisme Francais,1897,Paris,,,Paris,Paris,48.8566,2.3522
1437,Doc1675OCR.png,Doc1675OCR,1,ST,,,"Hansen, H.",Bibelens sabbat og Kristenhedens Søndag.,1905,Haugesund,,"Hansen, H.",Haugesund,Haugesund,59.4138,5.268
1438,Doc3095OCR.png,Doc3095OCR,1,Li,40,Latinske klassikere,"Plautus, T(itus) Maccus",Mostellaria,1873,Kra.,ed. Sophus Bugge. Spøgelse-Komedie overs. af Fr.Gjertsen.,"Plautus, Titus Maccus",Kra.,Oslo,59.9139,10.7522
1439,Doc3098OCR.png,Doc3098OCR,1,MV,30,Misjonshistorie,"Plitt, Gustav (Leopold)",Kürze Geschichte der lutherischen Mission.,1871,Erlangen,,"Plitt, Gustav Leopold",Erlangen,Erlangen,49.5897,11.1978
1440,Doc2621OCR.png,Doc2621OCR,1,SV,30,Semittiske språk,"Ménant, Joachim",Exposé des éléments de la grammaire assyrienne.,1868,Paris,,"Ménant, Joachim",Paris,Paris,48.8566,2.3522
1441,Doc3731OCR.png,Doc3731OCR,1,MV,10,Misjonsteori – allment,"Sørensen, Anna",Missionen i undervisningen.,1918,Upps.,,"Sørensen, Anna",Upps.,Uppsala,59.8586,17.6389
1442,Doc3874OCR.png,Doc3874OCR,1,KH,120,Dogme- og teologihistorie,,Trient Kirkemøte. Catechismus ex decreto concilii Tridentini ad parochos Pii V pont.,1833,Vienna,Recusus,,Vienna,Vienna,48.2082,16.3738
1443,Doc0989OCR.png,Doc0989OCR,1,MS,,,"Dahle, Lars",Symbolik (m.m.),,,,"Dahle, Lars",,,,
1444,Doc2977OCR.png,Doc2977OCR,1,Li,80,Norrøn og nordisk litteratur,"Paludan-Müller, Frederik",Adonis. Et mythisk Digt.,1874,Kbh.,,"Paludan-Müller, Frederik",Kbh.,Copenhagen,55.6761,12.5683
1445,Doc0814OCR.png,Doc0814OCR,1,KH,30,"Oldkirkens kirkehistorie, patristikk",Chrysostomus,Udvalgte Skrifter. Overs. af S.B. Bugge.,1880,Chra.,Skr.,Chrysostomus,Chra.,Oslo,59.9139,10.7522
1446,Doc1793OCR.png,Doc1793OCR,1,NT,70,Skrifter om den historiske Jesus,"Heuch, J(ohan) C(hristian)",Jesus.,1901,Kr.sand,,"Heuch, Johan Christian",Kr.sand,Kristiansand,58.1467,7.9956
1447,Doc0937OCR.png,Doc0937OCR,1,MV,,,"Carlson, Thure A.J.",Människor som jag mött. Lars Dahle. Tidsskriftet Sveriges Unge Män.,1934,Sth.,fotostatkopi,"Carlson, Thure A.J.",Sth.,Stockholm,59.3293,18.0686
1448,Doc1505OCR.png,Doc1505OCR,1,NT,42,Kommentar til de synoptiske evangelier,"Godet, F(rédéric)",Commentar zu dem Evangelium des Lukas. Deutsch bearb. von E.R. Wunderlich.,1872,Hann:,Autor. Ausg.,"Godet, Frédéric",Hann:,Hanover,52.3759,9.732
1449,Doc0994OCR.png,Doc0994OCR,1,MV,138,Misjon og kirke på Madagaskar,"Dahle, L(ars)",Vavaka hatao eo an-trano,1879,Antan.,2 ekspl.,"Dahle, Lars",Antan.,Antananarivo,-18.8792,47.5079
1450,Doc2951OCR.png,Doc2951OCR,1,ST,,,"Orr, James",Jomfrufødselen,1911,Chrn.,,"Orr, James",Chrn.,Copenhagen,55.6761,12.5683
1451,Doc1981OCR.png,Doc1981OCR,1,Li,20,Arabisk og orientalsk litteratur,Iu-kiao-li,eller De to Cousiner. Chinesisk Roman efter Overs. af Abel Rémusat,1858,Kbh.,D.1.,Iu-kiao-li,Kbh.,Copenhagen,55.6761,12.5683
1452,Doc2735OCR.png,Doc2735OCR,1,RV,60,Islam,"Muir, William",Mahomet and Islam,1895,London,3 rd ed. rev.,"Muir, William",London,London,51.5074,-0.1278
1453,Doc0532OCR.png,Doc0532OCR,1,Bi,30,"Bibelsk geografi, arkeologi, kulturhistorie","Bochart, Samuel","Hierozoiicon, sive bipertitum opus de Animalibus Scripturæ",1692,Lugd. Bat.,,"Bochart, Samuel",Lugd. Bat.,Leiden,52.1601,4.497
1454,Doc2987OCR.png,Doc2987OCR,1,SV,10,Språkvitenskap – allment,"Passy, Paul",L'écriture phonétique exposé populaire,1896,Paris,,"Passy, Paul",Paris,Paris,48.8566,2.3522
1455,Doc2987OCR.png,Doc2987OCR,2,SV,10,Språkvitenskap – allment,"Passy, Paul",L'écriture phonétique exposé populaire,1898,Paris,2 é ed.,"Passy, Paul",Paris,Paris,48.8566,2.3522
1456,Doc2987OCR.png,Doc2987OCR,3,SV,10,Språkvitenskap – allment,"Passy, Paul",L'écriture phonétique exposé populaire,1899,Paris,3 é ed.,"Passy, Paul",Paris,Paris,48.8566,2.3522
1457,Doc1822OCR.png,Doc1822OCR,1,SV,20,Indogermanske språk [-> Indoeuropeiske språk],,"Hitopadese, First book of: containing the Sanskrit text, with interlinear transliteration, grammatical analysis, and English translation",1864,London,,,London,London,51.5074,-0.1278
1458,Doc2515OCR.png,Doc2515OCR,1,PT,94,Lærebøker i kristendomskunnskap,"Laache, N(ils) J(akob)",Forklaring over Luthers lille katekismus,1892,Kra.,,"Laache, Nils Jakob",Kra.,Oslo,59.9139,10.7522
1459,Doc2930OCR.png,Doc2930OCR,1,RV,120,Germansk religion,"Olsen, Magnus",Hedenske kultminder i norske stedsnavne,1914,Kra.,,"Olsen, Magnus",Kra.,Oslo,59.9139,10.7522
1460,Doc0710OCR.png,Doc0710OCR,1,Jød,156,,"Buxtorf, Johannes","Synagoga Judaica, de Judaeorum fide, ritibus, ceremoniis, ... 3. Ed. red. a Johanne Buxtorfio, filio.",1661,Basilea,3. Ed. red.,"Buxtorf, Johannes",Basilea,Basel,47.5596,7.5886
1461,Doc1068OCR.png,Doc1068OCR,1,SV,30,Semittiske språk,"Dillmann, August",Chrestomathia Aethiopica. Ed. et glossario explanata.,1866,Lips.,,"Dillmann, August",Lips.,Leipzig,51.3397,12.3731
1462,Doc0640OCR.png,Doc0640OCR,1,MV,10,Misjonsteori – allment,"Brundin, Gunnar",Hvilka kraf ställer det nuvarande världsläget på missionsarbetet? Föredrag ... 2. Uppl.,1916,Upps.,2. Uppl.,"Brundin, Gunnar",Upps.,Uppsala,59.8586,17.6389
1463,Doc3942OCR.png,Doc3942OCR,1,Ge,20,Enkelte lands geografi,"Vambéry, Herman",Reise i Mellemasien ... fuldførst i Aaret 1863. Overs. efter den tydske Orig. Udg. af L. Moltke.,1865,Kbh.,,"Vambéry, Herman",Kbh.,Copenhagen,55.6761,12.5683
1464,Doc0230OCR.png,Doc0230OCR,1,GT,,,"Berg, Sigurd",Palæstina. Kortfattet oversigt.,1914,Kra.,,"Berg, Sigurd",Kra.,Kristiania (Oslo),59.9139,10.7522
1465,Doc2302OCR.png,Doc2302OCR,1,KH,80,Norges kirkehistorie,"Lange, Albert J.","Norges gejstlighet i 1914. 2. utg. av ""Norges portrætgalleri"" 1.",1915,Chra.,2. utg.,"Lange, Albert J.",Chra.,Kristiania (Oslo),59.9139,10.7522
1466,Doc2822OCR.png,Doc2822OCR,1,ST,10,Filosofi og idéhistorie,"Nielsen, Frederik",Sjæle- og Tænkelære i almeenfattelig Fremstilling. 3. Udg.,1873,Kbh.,3. Udg.,"Nielsen, Frederik",Kbh.,Copenhagen,55.6761,12.5683
1467,Doc0901OCR.png,Doc0901OCR,1,GT,64,Kommentar til profetbøkene,"Crossley, Edward",Daniels profetier. Autor. overs.,,Kra.,,"Crossley, Edward",Kra.,Kristiania (Oslo),59.9139,10.7522
1468,Doc2736OCR.png,Doc2736OCR,1,MV,122,Misjon og kirke i India,"Mullens, Joseph",A brief review of ten years' missionary labour in India: between 1852 and 1861,1863,London,,Joseph Mullens,London,London,51.5074,-0.1278
1469,Doc2334OCR.png,Doc2334OCR,1,NV,50,Zoologi,"Leche, Wilhelm",Några drag ur människans utvecklingshistoria,1893,Sth.,,Wilhelm Leche,Sth.,Stockholm,59.3293,18.0686
1470,Doc2150OCR.png,Doc2150OCR,1,MV,130,Misjon og kirke i Afrika,"Kisch, Henry",The siege of Ladysmith: Photographs,,London u.å.,,Henry Kisch,London u.å.,London,51.5074,-0.1278
1471,Doc3416OCR.png,Doc3416OCR,1,Li,30,Greske klassikere,"Schwab, Gustav",Die schönsten Sagen des klassischen Alterthums. B.1-3,1840,Stuttg.,3 b.,Gustav Schwab,Stuttg.,Stuttgart,48.7758,9.1829
1472,Doc2088OCR.png,Doc2088OCR,1,ST,,,"Kahnis, Karl Friedrich August",Die lutherische Dogmatik historisch-genetisch dargestellt. 2. umarb. Ausg. B.1-2.,1875,Lpz.,2 b.,Karl Friedrich August Kahnis,Lpz.,Leipzig,51.3397,12.3731
1473,Doc2088OCR.png,Doc2088OCR,2,ST,,,"Kahnis, Karl Friedrich August",Die lutherische Dogmatik historisch-genetisch dargestellt. B.2.,1864,Lpz.,,Karl Friedrich August Kahnis,Lpz.,Leipzig,51.3397,12.3731
1474,Doc2077OCR.png,Doc2077OCR,1,MV,10,Misjonsteori – allment,"Jørgensen, S(imion) E(manuel)",Nogle Tanker til Overveielse angaaende vor Missionsgjerning,1881,Chra.,,Simon Emmanuel Jørgensen,Chra.,Oslo,59.9139,10.7522
1475,Doc3905OCR.png,Doc3905OCR,1,KH,,,"Uhlhorn, Gerhard",Kristendommens Kamp med Hedenskabet. Overs. fra Tysk efter Orig. 2.Opl. af H.Vangensten,1876,Kra.,,Gerhard Uhlhorn,Kra.,Kristiania (Oslo),59.9139,10.7522
1476,Doc3821OCR.png,Doc3821OCR,1,ST,50,Apologetikk,"Tholuck, A.",Die Propheten und ihre Weissagungen. Eine apologetisch-hermeneutische Studie. 2. Aufl.,1867,Gotha,,A. Tholuck,Gotha,Gotha,50.9481,10.7017
1477,Doc3821OCR.png,Doc3821OCR,2,ST,50,Apologetikk,"Tholuck, A.",Vermischte Schriften. 2. Aufl.,1867,Gotha,,A. Tholuck,Gotha,Gotha,50.9481,10.7017
1478,Doc3825OCR.png,Doc3825OCR,1,KH,,,"Tholuck, A(ugust) (1799-1877)",Vorgeschichte des Rationalismus. T.1-2.,1853,Halle u. Berlin,,"Tholuck, August",Halle u. Berlin,Halle and Berlin,,
1479,Doc3192OCR.png,Doc3192OCR,1,GT,20,"Ordbøker, konkordanser og grammatikker","Reineccius, Christian",Janna Hebraea linguae Veteris Testamenti ... 7. rec. emend. aux. Joannes Fridericus Rehkopf.,1769,Lips.,,"Reineccius, Christian",Lips.,Leipzig,51.3397,12.3731
1480,Doc1761OCR.png,Doc1761OCR,1,ST,50,Apologetikk,,Henvisninger til Skriften.,,Kra.,,,Kra.,Christiania,59.9139,10.7522
1481,Doc1385OCR.png,Doc1385OCR,1,PT,90,Prekener og andaktsbøker,"Frich, D(avid) Chr(istopher)",Hvad skal jeg gjøre for at blive salig ? Prædikener over Kirkeaarets nye Evangelietekster. 2.R. Af Prester i den Norske Kirke.,1888,Bergen,,"Frich, David Christopher",Bergen,Bergen,60.3913,5.3221
1482,Doc3653OCR.png,Doc3653OCR,1,PT,92,Annen oppbyggelseslitteratur,"Storjohann,(Johan Cordt Harmens)",Julebudskabet i det gamle og i det nye Testament.,1906,Kra.,,"Storjohann, Johan Cordt Harmens",Kra.,Christiania,59.9139,10.7522
1483,Doc0173OCR.png,Doc0173OCR,1,Bi,20,"Bibelkunnskap, hermeneutikk","Barrows, E.P.",A new introduction to the study of the Bible.,,London,,"Barrows, E.P.",London,London,51.5074,-0.1278
1484,Doc2581OCR.png,Doc2581OCR,1,PT,,,"Martensen, H(ans)","Taler ved Præstevielse, holdte i Aarene 1860 til 1868.",1868,Kbh.,,"Martensen, Hans",Kbh.,Copenhagen,55.6761,12.5683
1485,Doc3501OCR.png,Doc3501OCR,1,PT,60,Kateketikk og pedagogikk,"Skard, Matias","Jesuiterskolen, dens maal og midler.",1894,Kra.,,"Skard, Matias",Kra.,Christiania,59.9139,10.7522
1486,Doc0560OCR.png,Doc0560OCR,1,KH,157,Den romersk-katolske kirke,Martin Boos,"Prædiker af den Retfærdighed, som gjælder for Gud, indenfor den romersk-katholske Kirke. Overs. fra Tysk af O.H. Herlofsen.",1878,Bergen,,Martin Boos,Bergen,Bergen,60.3913,5.3221
1487,Doc0607OCR.png,Doc0607OCR,1,GT,30,Innledningsvitenskap,Rev. Dr. Brewer,A guide to scripture history. The Old Testament. 9. ed.,,London,9. ed.,Rev. Dr. Brewer,London,London,51.5074,-0.1278
1488,Doc0900OCR.png,Doc0900OCR,1,MV,90,Misjonærbiografier,James Croil,The Noble Army of Martyrs and Roll of Protestant Missionary Martyrs from A.D. 1661 to 1891,1894,Philad.,,James Croil,Philadelphia,Philadelphia,39.9526,-75.1652
1489,Doc0938OCR.png,Doc0938OCR,1,MS,,,L.N. Dahle,Dagbog paa en Reise gjennem Danmark og Tydskland. No.1. Studiereise. 1869.,1869,,,L.N. Dahle,,,,
1490,Doc1954OCR.png,Doc1954OCR,1,KH,,,Chr(istian) Ihlen,Teosofi og kristendom. En populær-videnskabelig fremstilling.,1920,Kra.,,Christian Ihlen,Kristiania,Oslo,59.9139,10.7522
1491,Doc1677OCR.png,Doc1677OCR,1,PT,60,Kateketikk og pedagogikk,H(ans) E(dvard) Hansen,Familjen og dens Betydning for den kristelige Barneopdragelse. Et Foredrag,1902,Kra.,,Hans Edvard Hansen,Kristiania,Oslo,59.9139,10.7522
1492,Doc2716OCR.png,Doc2716OCR,1,MV,130,Misjon og kirke i Afrika,,Morgenroth für Afrika. 2. Aufl.,1878,Basel,2. Aufl.,,Basel,Basel,47.5596,7.5886
1493,Doc3053OCR.png,Doc3053OCR,1,Bi,20,"Bibelkunnskap, hermeneutikk",August Pfeiffer,Dubia vexata Scrpt. Sacrae ...,1658,Dresda,,August Pfeiffer,Dresden,Dresden,51.0504,13.7373
1494,Doc3556OCR.png,Doc3556OCR,1,PT,94,Lærebøker i kristendomskunnskap,"Specht, G.",Bibelkundskab med en Oversigt over Kirkeaaret og kortfattet bibelsk Geografi ... efter G. Specht.,1895,Kbh.,,G. Specht,Kbh.,København,55.6761,12.5683
1495,Doc3893OCR.png,Doc3893OCR,1,SV,20,Indogermanske språk [-> Indoeuropeiske språk],"Tønnessen, S(øren) Juell.","Lærebog i norsk stil med øvelser, mønstre og opgaver nærmest for middelskolen.",1893,Kra.,2. udg.,Søren Juell Tønnessen,Kra.,Kristiania,59.9139,10.7522
1496,Doc3766OCR.png,Doc3766OCR,1,Jød,40,Rabbinismen,Johanne Leusden,Pirke Abhoth Tractatus Talmudicus. Capitulo patrum.,1665,Ultrajectum,,Johanne Leusden,Ultrajectum,Utrecht,52.0908,5.1222
1497,Doc3766OCR.png,Doc3766OCR,2,GT,40,Israels historie,Christophori Cellari,Bibelen. G.T. Pentateuchen. Samaritansk. Horae Samaritanae.,1682,Ciza,,Christophori Cellari,Ciza,Ciza,,
1498,Doc3225OCR.png,Doc3225OCR,1,ST,,,"Rinck, Heinrich Wilhelm",Om Tillståndet efter döden. Övers. från 2. uppl.,1875,Sth.,,Heinrich Wilhelm Rinck,Sth.,Stockholm,59.3293,18.0686
1499,Doc0288OCR.png,Doc0288OCR,1,SV,,,,Bibelen. G.T. Salmene. Gassisk. The psalms of David in Malagasy.,,London,,,London,London,51.5074,-0.1278
1500,Doc3619OCR.png,Doc3619OCR,1,MV,130,Misjon og kirke i Afrika,"Steiner, Paul",Ein Besuch in Okwao.,1882,Basel,,Paul Steiner,Basel,Basel,47.5596,7.5886
1501,Doc3714OCR.png,Doc3714OCR,1,PT,92,Annen oppbyggelseslitteratur,"Sverdrup, J(akob) R(osted)","""Lad det staa ogsaa dette Aar."" Prædiken.",1895,Bergen,,Jakob Rosted Sverdrup,Bergen,Bergen,60.3929,5.3242
1502,Doc2897OCR.png,Doc2897OCR,1,GT,,,"Obel, V.",Om den gammeltestamentlige Kritik.,1890,Kbh.,,V. Obel,Kbh.,København,55.6761,12.5683
1503,Doc2897OCR.png,Doc2897OCR,2,GT,,,"Poulsen, A.S.",Fra Kampen om Mosebøgerne.,1890,Kbh.,,A.S. Poulsen,Kbh.,København,55.6761,12.5683
1504,Doc0580OCR.png,Doc0580OCR,1,NV,30,Fysikk,"Bouant, Émile",Premiers éléments des sciences expérimentales,1888,Paris,4e éd.,"Bouant, Émile",Paris,Paris,48.8566,2.3522
1505,Doc0580OCR.png,Doc0580OCR,2,NV,30,Fysikk,,Premières notions sur les pierres et les terrains,1889,Paris,4e éd.,,Paris,Paris,48.8566,2.3522
1506,Doc3393OCR.png,Doc3393OCR,1,ST,35,Systematisk teologi – monografier,"Schoeberlein, Ludwig",Die Geheimnisse des Glaubens,1872,Heidelb.,,"Schoeberlein, Ludwig",Heidelb.,Heidelberg,49.3988,8.6724
1507,Doc3094OCR.png,Doc3094OCR,1,Li,50,Fransk litteratur,"Platz, Charles",Manuel de littérature francaise,1874,Berlin,4e éd. rev.,"Platz, Charles",Berlin,Berlin,52.52,13.405
1508,Doc1468OCR.png,Doc1468OCR,1,SV,30,Semittiske språk,"Gesenius, Wilhelm",Geschichte der hebräischen Sprache und Schrift,1815,Lpz.,,"Gesenius, Wilhelm",Lpz.,Leipzig,51.3397,12.3731
1509,Doc2027OCR.png,Doc2027OCR,1,KH,,,"Jensen, Sigurd Bretteville",Ny tid og gammel tro. Nogen smaastykker.,1920,Kra.,,"Jensen, Sigurd Bretteville",Kra.,Oslo,59.9139,10.7522
1510,Doc3926OCR.png,Doc3926OCR,1,MV,30,Misjonshistorie,"Ussing, Henry",Evangeliets Sejersgang ud over Jorden,1924,Kbh.,3. Udg.,"Ussing, Henry",Kbh.,Copenhagen,55.6761,12.5683
1511,Doc3462OCR.png,Doc3462OCR,1,NV,60,Botanikk,"Seubert, Moritz",Lehrbuch der gesammten Pflanzenkunde,1874,Lpz.,6. durchges. Aufl.,"Seubert, Moritz",Lpz.,Leipzig,51.3397,12.3731
1512,Doc3489OCR.png,Doc3489OCR,1,Ku,,,"Dahle, Lars",Anganon'ny ntaolo : tantara mampiseho ny fomban-drazana sy ny finoana sasany nananany,1908,Antananarivo,1. utg.,"Dahle, Lars",Antananarivo,Antananarivo,-18.8792,47.5079
1513,Doc4109OCR.png,Doc4109OCR,1,Li,40,Latinske klassikere,"Wilkins, A.S.",Roman literature,1890,London,,"Wilkins, A.S.",London,London,51.5074,-0.1278
1514,Doc2511OCR.png,Doc2511OCR,1,ST,,,,Løsning af søndags- og sabbatsspørgsmaalet,,U.s.u.a.,,,U.s.u.a.,,,
1515,Doc3362OCR.png,Doc3362OCR,1,SV,60,Afrikanske språk,"Schleicher, A.W.",Afrikanische Petrefakten. Ein Versuch die grammatischen Bildungen und Formwurzeln der afrikanischen Sprachen durch Sprachvergleichung festzustellen,1891,Berlin,,"Schleicher, A.W.",Berlin,Berlin,52.52,13.405
1516,Doc2183OCR.png,Doc2183OCR,1,PT,10,Praktisk teologi – allment og blandet,"Kleboe, H.B.",De unge i menighedsarbeidet,1907,Kra.,,"Kleboe, H.B.",Kra.,Oslo,59.9139,10.7522
1517,Doc3845OCR.png,Doc3845OCR,1,Li,30,Greske klassikere,Thukydides,Geschichte des Peloponnesischen Krieges aus dem Griechischen übers. von Johann David Heilmann. Neu hg. von Otto Güthling,1882,Lpz.,,Thukydides,Lpz.,Leipzig,51.3397,12.3731
1518,Doc1934OCR.png,Doc1934OCR,1,SV,20,Indogermanske språk [-> Indoeuropeiske språk],"Hægstad, Kr(istofer) M(arius)",Norsk Maallære elder Grammatik i Landsmaalet,1879,Namsos,,"Hægstad, Kristofer Marius",Namsos,Namsos,64.4667,11.5
1519,Doc1934OCR.png,Doc1934OCR,2,SV,20,Indogermanske språk [-> Indoeuropeiske språk],"Hægstad, Kr(istofer) M(arius)",Norsk Maallære elder Grammatik i Landsmaalet,1898,Bergen,3. utg.,"Hægstad, Kristofer Marius",Bergen,Bergen,60.3928,5.3239
1520,Doc3938OCR.png,Doc3938OCR,1,MV,138,Misjon og kirke på Madagaskar,"Valen, A(rne)",Hevy-teny amy ny Salamo dimy amby roapolo voafantina,1900,Tanan.,,"Valen, Arne",Tanan.,Antananarivo,-18.8792,47.5079
1521,Doc0973OCR.png,Doc0973OCR,1,MV,138,Misjon og kirke på Madagaskar,"Dahle, L.",Ny Dogmatika. Na fampianarana ny amin'izay zavatra inoan' ny kristiana,1896,Antananarivo,,"Dahle, L.",Antananarivo,Antananarivo,-18.8792,47.5079
1522,Doc0163OCR.png,Doc0163OCR,1,KH,80,Norges kirkehistorie,"Bang, A. Chr.",Om Dale-Gudbrand,1897,Chra.,,"Bang, A. Chr.",Chra.,Oslo,59.9139,10.7522
1523,Doc2181OCR.png,Doc2181OCR,1,PT,92,Annen oppbyggelseslitteratur,"Klæboe, H. B.",Hviledagens velsignelse,1889,Kra.,,"Klæboe, H. B.",Kra.,Oslo,59.9139,10.7522
1524,Doc4037OCR.png,Doc4037OCR,1,MV,10,Misjonsteori – allment,"Warneck, G(ustav)",Hvad bör göra missionen särskilt tilldragande för den akademiska ungdomen? Föredrag,1897,Ups.,,"Warneck, Gustav",Ups.,Uppsala,59.8586,17.6389
1525,Doc0316OCR.png,Doc0316OCR,1,GT,10,Tekstutgaver og oversettelser,,"Bibelens Salmer, Ny Norsk",1904,Kra.,,,Kra.,Oslo,59.9139,10.7522
1526,Doc1548OCR.png,Doc1548OCR,1,NV,10,Naturvitenskap – allment,"Guldberg, A(xel) S(ophus)",Populære naturvidenskabelige Afhandlinger,1882,Kbh.,,"Guldberg, Axel Sophus",Kbh.,Copenhagen,55.6761,12.5683
1527,Doc0571OCR.png,Doc0571OCR,1,Le,20,Ordbøker – moderne språk og latin,"Borring, L(aurits) S(tephan)",Fransk-Dansk Haand-Ordbog,1859,Kbh.,2. forb. Udg. 2 D. I ett B.,"Borring, Laurits Stephan",Kbh.,Copenhagen,55.6761,12.5683
1528,Doc3687OCR.png,Doc3687OCR,1,SV,50,"Malayiske språk, gassisk språk","S(tueland), L.","Vokabolary Malagasy sy Norsky, hianarana teny Norsky tsotsotra",1893,Antan.,,"Stueland, L.",Antan.,Antananarivo,-18.8792,47.5079
1529,Doc1533OCR.png,Doc1533OCR,1,NT,,,"Grützmacher, Richard H.",Er det liberale Jesusbilled moderne?,1911,Kra.,,"Grützmacher, Richard H.",Kra.,Oslo,59.9139,10.7522
1530,Doc2282OCR.png,Doc2282OCR,1,GT,,,"König, Eduard",Hermeneutik des Alten Testaments,1916,Bonn,,Eduard König,Bonn,Bonn,50.7374,7.0982
1531,Doc3719OCR.png,Doc3719OCR,1,KH,,,"Swedenborg, Emanuel",The true Christian religion; containing the universal theology of the new Church,1893,London,Orig.tit.: Vera Christiana religio,Emanuel Swedenborg,London,London,51.5074,-0.1278
1532,Doc3117OCR.png,Doc3117OCR,1,PT,94,Lærebøker i kristendomskunnskap,"Pontoppidan, Erich",Sandhed til gudfrygtighed,,,Udtog,Erich Pontoppidan,,,,
1533,Doc1989OCR.png,Doc1989OCR,1,NV,70,Medisin og helse,"Jacobæus, H.",Om Anvendelse af Tinctura strophanti ved Hjærtesygdomme,1898,Kbh.,,H. Jacobæus,København,Copenhagen,55.6761,12.5683
1534,Doc0253OCR.png,Doc0253OCR,1,ST,48,Seksualetikk,"Bettex, F(rédédric)",Mann und Weib,1900,Bielef.,2. durchges. Aufl.,Frédédric Bettex,Bielefeld,Bielefeld,52.0302,8.5325
1535,Doc2808OCR.png,Doc2808OCR,1,MV,10,Misjonsteori – allment,"Neurdenburg, J.C.",Proeve eener Handleiding bij het bespreken der Zendingwetenschap,1879,Rotterdam,,J.C. Neurdenburg,Rotterdam,Rotterdam,51.9225,4.47917
1536,Doc0574OCR.png,Doc0574OCR,1,PT,,,"Bossuet, (Jacques Bénigne)",Oraisons funèbres,1886,Paris,Nouvelle édition revue sur celle de 1689 avec une introduction ... par P. Jacquinet,Jacques Bénigne Bossuet,Paris,Paris,48.8566,2.3522
1537,Doc3150OCR.png,Doc3150OCR,1,Li,40,Latinske klassikere,"Quintilianus, M(arcus) Fabius",De institutione oratoria libri 12,1830,Lips.,Notae ... adjecit Aug. Gotth. Gernhard,Marcus Fabius Quintilianus,Leipzig,Leipzig,51.3397,12.3731
1538,Doc1725OCR.png,Doc1725OCR,1,ST,35,Systematisk teologi – monografier,"Haweis, H. R.",Fremtidens krike efter H.R. Haweis: Thoughts for the times ved Joh. L. Alver,1894,Kra.,,H. R. Haweis,Kra.,Oslo,59.9139,10.7522
1539,Doc1306OCR.png,Doc1306OCR,1,SV,20,Indogermanske språk [-> Indoeuropeiske språk],"Fick, August",Vergleichendes Wörterbuch der Indogermanischen Sprachen sprachgeschichtlich angeordnet,1874,Gött.,3. umgearb. Aufl. B.1-4.,August Fick,Göttingen,Göttingen,51.5333,9.9333
1540,Doc1306OCR.png,Doc1306OCR,2,SV,20,Indogermanske språk [-> Indoeuropeiske språk],,,1876,,,,,,,
1541,Doc3939OCR.png,Doc3939OCR,1,NV,70,Medisin og helse,"Valentin, G.",Grundrids af det menneskelige Legemes Physiologie,1857,Kbh.,Bearb. paa Dansk efter Orig. 4. Udg. af A. Hannover,G. Valentin,København,Copenhagen,55.6761,12.5683
1542,Doc0470OCR.png,Doc0470OCR,1,NT,10,Tekstutgaver og oversettelser,,Bibelen. N.T. Åpenb. Syrisk. Apocalypsis D. Johannis Syriaca,1693,Amst.,Ludovicus de Dieu primus ed.,,Amsterdam,Amsterdam,52.3676,4.9041
1543,Doc2979OCR.png,Doc2979OCR,1,ST,,,"Paludan-Müller, J.",Om Dr. Martensens christelige Dogmatik,1850,Kbh.,,Jens Paludan-Müller,København,Copenhagen,55.6761,12.5683
1544,Doc1933OCR.png,Doc1933OCR,1,ST,20,Prinsipplære og religionshistorie,"Haeckel, Ernst",Die Welträtsel. Gemeinverständliche Studien über Monistische Philosophie,1903,Stuttg.,Volksausg. Mit einem Nachworte: Das Glaubensbekenntniss der Reinen Vernunft,Ernst Haeckel,Stuttgart,Stuttgart,48.7758,9.1829
1545,Doc0719OCR.png,Doc0719OCR,1,GT,70,Gammeltestamentlig bibelteologi og religionshistorie,"Bülow, A. E.",Syndfloden. (Skriften kan ikke rokkes.),1914,Kbh.,,A. E. Bülow,København,Copenhagen,55.6761,12.5683
1546,Doc0474OCR.png,Doc0474OCR,1,NT,10,Tekstutgaver og oversettelser,,Bibelen. N.T. Tysk Das Neue Testament,1905,Berl.,übers. und mit Anm. begleitet von Heinrich Wiese,,Berlin,Berlin,52.52,13.405
1547,Doc0270OCR.png,Doc0270OCR,1,SV;DB,50,,,Bibelen. Gassisk. Revision of the Malagasy Bible.,1885,Antan.,1882-85,,Antananarivo,Antananarivo,-18.8792,47.5079
1548,Doc3257OCR.png,Doc3257OCR,1,Le;DB,40,,"Rosenkran(t)z, (Johann Karl Friedrich)",Theologisk Encyklopædie. Overs. af P.B.Blicher.,1844,Kbh.,,"Rosenkranz, Johann Karl Friedrich",København,Copenhagen,55.6761,12.5683
1549,Doc3257OCR.png,Doc3257OCR,2,Le;DB,40,,"Ewald, (Heinrich)",Commentar over Jobs Bog. Overs. af C.Møller.,1841,Kbh.,I sm. b.,"Ewald, Heinrich",København,Copenhagen,55.6761,12.5683
1550,Doc3257OCR.png,Doc3257OCR,3,Le;DB,40,,"Delitzsch, Franz",Für und wider Kahnís.,1863,Lpz.,,"Delitzsch, Franz",Leipzig,Leipzig,51.3397,12.3731
1551,Doc4197OCR.png,Doc4197OCR,1,SV;DB,20,,"Aars, J(akob Jonathan)",Norske retskrivningsregler med alfabetiske ordlister av J.Aars og S.W.Hofgaard.,1907,Kra.,,"Aars, Jakob Jonathan",Kristiania,Oslo,59.9139,10.7522
1552,Doc2123OCR.png,Doc2123OCR,1,KH;DB,,,"Kielland, Gabriel Kirsebom",En gammel Prests efterladte Papirer. Breve fra og til ... Udg. for Familien af ... Hjalmar Chr. Kielland.,1922,Kra.,,"Kielland, Gabriel Kirsebom",Kristiania,Oslo,59.9139,10.7522
1553,Doc1301OCR.png,Doc1301OCR,1,MV;DB,,,"Fenger, J(ohannes) Ferd(inand)",Den Trankebarske Missions Historie.,1843,Kbh.,,"Fenger, Johannes Ferdinand",København,Copenhagen,55.6761,12.5683
1554,Doc0539OCR.png,Doc0539OCR,1,MV;DB,90,,"Boegner, Alfred",directeur de la Société des Missions Évangéliques de Paris.,1912,Paris,,"Boegner, Alfred",Paris,Paris,48.8566,2.3522
1555,Doc2124OCR.png,Doc2124OCR,1,KH;DB,80,,"Kielland, Jan Ø.",Hvorfor jeg endnu bliver i Statskirken. Aabne Breve til en Frikirke...,1898,Kra.,4 H.,"Kielland, Jan Ø.",Kristiania,Oslo,59.9139,10.7522
1556,Doc1476OCR.png,Doc1476OCR,1,Li;DB,75,,"Gilbert, Frank",American literature.,1882,Chicago,,"Gilbert, Frank",Chicago,Chicago,41.8781,-87.6298
1557,Doc2304OCR.png,Doc2304OCR,1,Bi,20,"Bibelkunnskap, hermeneutikk","Lange, J(ohann) P(eter)",Grundriss der theologischen Encyklopädie mit Einschluss der Methodologie.,1877,Heidelb.,,"Lange, Johann Peter",Heidelberg,Heidelberg,49.3988,8.6724
1558,Doc3012OCR.png,Doc3012OCR,1,KH,,,"Pedersen, J.L.",Redegjørelse (No 1.) angaaende Indremissionsforholde i Bodø og flersteds.,1907,Bodø,,"Pedersen, J.L.",Bodø,Bodø,67.2804,14.4049
1559,Doc4127OCR.png,Doc4127OCR,1,Li,80,Norrøn og nordisk litteratur,Wisbech Almanak,Fortællinger af -,1882,Kolding,,Wisbech Almanak,Kolding,Kolding,55.4904,9.4722
1560,Doc2731OCR.png,Doc2731OCR,1,MV,138,Misjon og kirke på Madagaskar,,Misjonslitt. Gassisk. Ny Mpamangy,1883,Antan.,2 b.,,Antananarivo,Antananarivo,-18.8792,47.5079
1561,Doc3738OCR.png,Doc3738OCR,1,Et,20,Sosiologi,"Sørensen, S.K.",Araberne og deres Kultur i Middelalderen.,1888,Kbh.,,"Sørensen, S.K.",København,Copenhagen,55.6761,12.5683
1562,Doc0745OCR.png,Doc0745OCR,1,GT,50,Den nære orients arkeologi,"Cappel, Louis","Arcanum punctationis …, ejusque Vindiciæ hactenus ineditæ.",1689,Amst.,Tr. m.,"Cappel, Louis",Amsterdam,Amsterdam,52.3676,4.9041
1563,Doc0745OCR.png,Doc0745OCR,2,GT,50,Den nære orients arkeologi,"Cappel, Louis",Commentarii et notæ criticæ in Vetus testamentum ...,1689,Amst.,,"Cappel, Louis",Amsterdam,Amsterdam,52.3676,4.9041
1564,Doc3005OCR.png,Doc3005OCR,1,ST,,,"Pearson, John","An exposition of the creed. New ed. With an analysis, by Edward Walford.",1867,London,New ed.,"Pearson, John",London,London,51.5072,-0.1276
1565,Doc2275OCR.png,Doc2275OCR,1,GT,70,Gammeltestamentlig bibelteologi og religionshistorie,"Køberle, Justus",Zum Kampfe um das Alte Testament.,1906,Wismar,,"Køberle, Justus",Wismar,Wismar,53.8914,11.462
1566,Doc1289OCR.png,Doc1289OCR,1,PT,92,Annen oppbyggelseslitteratur,"Faulhaber, Hermann",Fremtidens Guldalder. En Fortælling fra Aarene 2000–2030.,1898,Chra.,I autor. norsk Overs. after Orig.2.Opl.,"Faulhaber, Hermann",Chra.,Oslo,59.9139,10.7522
1567,Doc2262OCR.png,Doc2262OCR,1,KH,20,"Almenn kirkehistorie, helhetsfremstillinger","Kurtz, Johann Heinrich",Handbuch der allgemeinen Kirchengeschichte.,1854,Mitau,1.-3. Aufl. B.1-2; 1 2 b.,"Kurtz, Johann Heinrich",Mitau,Jelgava,56.6528,23.7105
1568,Doc1994OCR.png,Doc1994OCR,1,RV,28,,"James, William",Religiøse Erfaringer.,1911,Kbh.,2den Udg. 2 ekpl. Skr.,"James, William",Kbh.,Copenhagen,55.6761,12.5683
1569,Doc3399OCR.png,Doc3399OCR,1,KH,170,Moderne religiøse samfunn og retninger,"Schreiner, Karl",Mormonerne. Hvem er de ?. Hvad vil de ?,1911,Kra.,,"Schreiner, Karl",Kra.,Oslo,59.9139,10.7522
1570,Doc2851OCR.png,Doc2851OCR,1,Va,20,?,"Norge, Lover",Den norske Straffelov ... af 20.Aug.1842 tilligemed senere Forandringer udg. af Otto Mejlænder.,1889,Kra.,,"Norge, Lover",Kra.,Oslo,59.9139,10.7522
1571,Doc0036OCR.png,Doc0036OCR,1,KH,,,"Ainslie, Peter",The message of the Disciples for the union of the church. Including their origin and history.,1913,N.Y.,,"Ainslie, Peter",N.Y.,New York,40.7128,-74.006
1572,Doc1828OCR.png,Doc1828OCR,1,NV,50,Zoologi,"Hoernes, Rudolf",Paläontologie.,1899,Lpz.,(Samml. Göschen.),"Hoernes, Rudolf",Lpz.,Leipzig,51.3397,12.3731
1573,Doc3771OCR.png,Doc3771OCR,1,Jød,40,Rabbinismen,"Tanchum, r(abba) hierosolymitanus",Commentarium arabicum ad librorum Samuelis et Regum locos graviores ... Edidit et interpretationem latinam adjecit Theod. Haarbruecker.,1844,Lips.,,"Tanchum, r(abba) hierosolymitanus",Lips.,Leipzig,51.3397,12.3731
1574,Doc0364OCR.png,Doc0364OCR,1,NT,,,Paul Passy,L'évangile de Jean en transcription phonétique,1896,Paris,,Paul Passy,Paris,Paris,48.8566,2.3522
1575,Doc2174OCR.png,Doc2174OCR,1,NT,,,Th. Kliefoth,Die Offenbarung des Johannes,1874,Lpz.,3 Abt. i. 2 B.,Th. Kliefoth,Leipzig,Leipzig,51.3397,12.3731
1576,Doc0898OCR.png,Doc0898OCR,1,ST,50,Apologetikk,Hermann Cremer,Zum Kampf um das Apostolikum. Eine Streitschrift wider (Adolf) Harnack,1893,Berlin,6. Aufl.,Hermann Cremer,Berlin,Berlin,52.52,13.405
1577,Doc2600OCR.png,Doc2600OCR,1,PT,92,Annen oppbyggelseslitteratur,E(dvard) Mau,Fire hundrede Fortællinger for Skolen og Livet,1863,Kbh.,4. Opl.,Edvard Mau,København,Copenhagen,55.6761,12.5683
1578,Doc0780OCR.png,Doc0780OCR,1,ST,,,E. Cauly,Cours d'instruction religieuse. Recherche de la vraie religion. Apologétique chrétienne,1892,Paris,6.-3 eme ed. Vol.3-4.,E. Cauly,Paris,Paris,48.8566,2.3522
1579,Doc2108OCR.png,Doc2108OCR,1,PT,80,Hymnologi og kirkemusikk,Emil Kauffmann,Tonekunstens udvikling fra midten af forrige aarhundrede,1886,Bergen,,Emil Kauffmann,Bergen,Bergen,60.3929,5.3246
1580,Doc2962OCR.png,Doc2962OCR,1,PT,20,Pastorallære,J. J. van Oosterzee,Praktisk Theologie,1881,Kbh.,,J. J. van Oosterzee,København,Copenhagen,55.6761,12.5683
1581,Doc3495OCR.png,Doc3495OCR,1,PT,92,Annen oppbyggelseslitteratur,G(abriel) Skagestad,Forsoningen og barnekaaret. Et foredrag,1919,Kra.,,Gabriel Skagestad,Kristiania,Oslo,59.9139,10.7522
1582,Doc0378OCR.png,Doc0378OCR,1,NT,10,Tekstutgaver og oversettelser,S. T. Bloomfield,"The Greek testament, with English notes",1850,London,8th Ed. Vol.1-2. I 4 b.,S. T. Bloomfield,London,London,51.5074,-0.1278
1583,Doc0219OCR.png,Doc0219OCR,1,GT,,,"Belsheim, J(ohannes)",Om Mosebøgerne og nogle andre gammeltestamentlige Bøger,1896,Kra.,,Johannes Belsheim,Kra.,Oslo,59.9139,10.7522
1584,Doc4070OCR.png,Doc4070OCR,1,NT,42,Kommentar til de synoptiske evangelier,"Wergeland, Haakon",Mattæusevangeliet i bibeltimer,1911,Kra.,,Haakon Wergeland,Kra.,Oslo,59.9139,10.7522
1585,Doc1908OCR.png,Doc1908OCR,1,KH,80,Norges kirkehistorie,"Howard, Elisabeth Fox",Kvækernes arbejde under krigen,1921,London,,Elisabeth Fox Howard,London,London,51.5074,-0.1278
1586,Doc0971OCR.png,Doc0971OCR,1,,,,"Dahle, Lars",Notater til konferensen i 1880,,,,Lars Dahle,,,,
1587,Doc3990OCR.png,Doc3990OCR,1,ST,,,"Vold, Karl",At paavirke og paavirkes. Nogen blade om samlivet mellem mennesker belyst ved nyere sjæleforskning,1917,Kra.,,Karl Vold,Kra.,Oslo,59.9139,10.7522
1588,Doc2337OCR.png,Doc2337OCR,1,MV,10,Misjonsteori – allment,,Lectures on medical missions. Delivered at the instance of the Edinburgh medical missionary society,1849,Edinb.,,,Edinb.,Edinburgh,55.9533,-3.1883
1589,Doc4205OCR.png,Doc4205OCR,1,KH,,,"Aaraas, T(olief) O.","Vægterraab i Zion. Et Ord til Overveielse af den norske Regering, det norske Storting, Øvrighed og Geistlighed samt hele det norske Folk",1912,Saude,Forf. Forl.,Tollef O. Aaraas,Saude,Sauda,59.6516,6.3543
1590,Doc1335OCR.png,Doc1335OCR,1,PT,94,Lærebøker i kristendomskunnskap,"Flood, Immanuel",Bibelhistorie i fortællinger,1896,Kra.,,Immanuel Flood,Kra.,Oslo,59.9139,10.7522
1591,Doc3388OCR.png,Doc3388OCR,1,Hi,10,Politisk historie og kulturhistorie,"Schmitz, Leonhard","A history of Rome, ... to the death of Commodus A.D. 192.",1853,London,4. ed.,Leonhard Schmitz,London,London,51.5074,-0.1278
1592,Doc0481OCR.png,Doc0481OCR,1,NT,,,,Bibelen. N.T. Zuluisk. Itestamente Elisha.,1917,N.Y.,,,N.Y.,New York,40.7128,-74.006
1593,Doc2862OCR.png,Doc2862OCR,1,Va,20,?,,Norske kvinders sanitetsforening ... Dens arbejde i kampen mot tuberkulosen i Norge.,1911,U.s.,,,U.s.,United States,,
1594,Doc3730OCR.png,Doc3730OCR,1,PT,80,Hymnologi og kirkemusikk,,Søndagsskolesangbok ...,1909,Kra.,12. rev. Opl.,,Kra.,Oslo,59.9139,10.7522
1595,Doc3730OCR.png,Doc3730OCR,2,PT,80,Hymnologi og kirkemusikk,,Søndagsskolesangbok ...,1902,Kra.,5. Opl.,,Kra.,Oslo,59.9139,10.7522
1596,Doc0748OCR.png,Doc0748OCR,1,GT,30,Innledningsvitenskap,"Cappellus, Ludovicus",Critica sacra sive De variis quae in sacris Veteri testamenti libris occurrunt lectionibus,1775,Halae Magdeburgicae,,Ludovicus Cappellus,Halae Magdeburgicae,Halle (Saale),51.4823,11.9692
1597,Doc2619OCR.png,Doc2619OCR,1,SV,20,Indogermanske språk [-> Indoeuropeiske språk],"Melford, H.M.",Synonymisches Handwörterbuch der englischen Sprache,1841,Brschw.,,H.M. Melford,Brschw.,Braunschweig,52.2689,10.5268
1598,Doc3908OCR.png,Doc3908OCR,1,NT,,,"Uhlhorn, G.",Das Leben Jesu in seinen neueren Darstellungen,1892,Stuttg.,4. umgearb. Aufl.,G. Uhlhorn,Stuttg.,Stuttgart,48.7758,9.1829
1599,Doc1433OCR.png,Doc1433OCR,1,PT,92,Annen oppbyggelseslitteratur,"Gannett, William",Praktisk Kristendom. To Foredrag. Overs. fra Engelsk af O.H.,1892,Kra.,,"Gannett, William",Kra.,Oslo,59.9139,10.7522
1600,Doc3966OCR.png,Doc3966OCR,1,Li,40,Latinske klassikere,"Virgilius Maro, P(ublius)",Opera ... annotatione ill. a Chr. Gottl. Heyne. Ed. et suas animadversiones adiecit Ern. Car. Frider. Wunderlich.,1828,Lips.,,"Virgilius Maro, Publius",Lips.,Leipzig,51.3397,12.3731
1601,Doc0599OCR.png,Doc0599OCR,1,SV,20,Indogermanske språk [-> Indoeuropeiske språk],"Brelet, H.",Exercises latins ... a l'usage de la classe de quatrieme par H. Brelet & P. Faure.,1892,Paris,,"Brelet, H.",Paris,Paris,48.8566,2.3522
1602,Doc1538OCR.png,Doc1538OCR,1,NT,59,Kommentar til Johannes Åpenbaring,"Grønningsæter, Lærer",I Lægmandsbriller gjennom Aabenbaringens underfulde Billegalleri.,1910,Bergen,,"Grønningsæter, Lærer",Bergen,Bergen,60.3913,5.3221
1603,Doc4146OCR.png,Doc4146OCR,1,Li,30,Greske klassikere,Xenophon,Anabasis. Et artiumspensum af Xenofons Anabasis. Udg. af Lyder Hermanstorff. B.1-2. 1.Indledning og tekst. 2.Anm. og grammatik.,1886,Kra.,2 b.,Xenophon,Kra.,Oslo,59.9139,10.7522
1604,Doc0519OCR.png,Doc0519OCR,1,SV,30,Semittiske språk,"Blix, E(lias)",De vigtigste Udtryk for Begreberne Herre og Fyrste i de semitiske Sprog. Et Bidrag til semitisk Etymologi.,1876,Kra.,,"Blix, Elias",Kra.,Oslo,59.9139,10.7522
1605,Doc1850OCR.png,Doc1850OCR,1,ST,,,"Holm, Olaf",Hvad og hvorledes ?. Fire religiøse Afhandlinger.,1891,Kra.,,"Holm, Olaf",Kra.,Oslo,59.9139,10.7522
1606,Doc3537OCR.png,Doc3537OCR,1,MV,138,Misjon og kirke på Madagaskar,Société des missions évangéliques de Paris,La liberté religieuse a Madagascar. Supplement au rapport sur la mission de Messieurs Lauga et Kruger ...,1897,Paris,2 ekspl.,Société des missions évangéliques de Paris,Paris,Paris,48.8566,2.3522
1607,Doc0810OCR.png,Doc0810OCR,1,MV,30,Misjonshistorie,"Christlieb, Theodor",Den evangeliske Hedningemission i Nutiden. Overs. av O.Gjærløw,,Stvg.,u.å.,"Christlieb, Theodor",Stvg.,Stavanger,58.9701,5.7333
1608,Doc0867OCR.png,Doc0867OCR,1,GT,,,"Conder, C.R.",Den første Bibel. Autor. Overs. af Julius Friis Hansen.,1904,Kbh.,,"Conder, C.R.",Kbh.,Copenhagen,55.6761,12.5683
1609,Doc3008OCR.png,Doc3008OCR,1,PT,,,"Pedersen, J.L.",Barneopdragelsen og Religionsundervisningen samt forskjellige Lærerforholde m.m. 2 Foredrag.,1903,Bodø,,"Pedersen, J.L.",Bodø,Bodø,67.2804,14.4049
1610,Doc2993OCR.png,Doc2993OCR,1,MV,90,Misjonærbiografier,"Paton, John",Blandt Menneskeæderne på Ny-Hebridernes.,1894,Odense,Udg. af Storjohann.,"Paton, John",Odense,Odense,55.4038,10.4024
1611,Doc2009OCR.png,Doc2009OCR,1,Jød,,,Jedajah Penini Bedarschi,"""Bechinoth olam"". Betrachtungen über das Weltleben mit ... ebräischen Texte und ... Ubers. von M.E. Stern.",1847,Wien,,Jedajah Penini Bedarschi,Wien,Vienna,48.2082,16.3738
1612,Doc0192OCR.png,Doc0192OCR,1,ST,,,"Baumstark, Christian Eduard",Christliche Apologetik auf anthropologischer Grundlage. B.1-3.,1889,Heidelb.,"Frank.a.M. 1872-79., Heidelb. 3. b.","Baumstark, Christian Eduard",Heidelb.,Heidelberg,49.3988,8.6724
1613,Doc2072OCR.png,Doc2072OCR,1,MV,138,Misjon og kirke på Madagaskar,"Jørgensen, S(imon) E(manuel)",Ny Epistola.,1885,Antan.,Missionslitt. Gassisk.,"Jørgensen, S(imon) E(manuel)",Antan.,Antananarivo,,
1614,Doc0166OCR.png,Doc0166OCR,1,ST,35,Systematisk teologi – monografier,"Bang, A.Chr.",Ved Takkegudstjenesten den 7. december 1905. Prædiken.,1905,Kra.,,"Bang, A.Chr.",Kra.,Oslo,59.9139,10.7522
1615,Doc0166OCR.png,Doc0166OCR,2,ST,35,Systematisk teologi – monografier,"Bang, A.Chr.",Om Kristi Opstandelses historiske Virkelighed. 2. Opl.,1878,Kra.,,"Bang, A.Chr.",Kra.,Oslo,59.9139,10.7522
1616,Doc2596OCR.png,Doc2596OCR,1,MV,138,Misjon og kirke på Madagaskar,"Matthews, T.T.",Ny fanazavana ny Soratra masina.,1897,Antan.,,"Matthews, T.T.",Antan.,Antananarivo,-18.8792,47.5079
1617,Doc0706OCR.png,Doc0706OCR,1,Jød,40,Rabbinismen,"Buxtorf, Johannes, jun.","Florilegium Hebraicum; continens elegantes sentatias, ... ex optimis .. Hebraeorum scriptoribus.",1648,Basilea,,"Buxtorf, Johannes, jun.",Basilea,Basel,47.5596,7.5886
1618,Doc2656OCR.png,Doc2656OCR,1,PT,60,Kateketikk og pedagogikk,"Miller, Hugh",My schools and schoolmasters or the Story of my education.,1869,Edinb.,People's ed.,"Miller, Hugh",Edinb.,Edinburgh,55.9533,-3.1883
1619,Doc3431OCR.png,Doc3431OCR,1,NT,30,"Innledning, nytestamentlig tidshistorie","Scrivener, Frederick Henry",A plain introduction to the criticism of the New testament. .. 2. ed. rev. enl.,1874,Cambr.,,"Scrivener, Frederick Henry",Cambr.,Cambridge,52.2053,0.1218
1620,Doc3756OCR.png,Doc3756OCR,1,ST,,,"Taine, H.",Om Idealet i Kunsten. Forelæsninger ... Pa Dansk ved N.K.,1874,Kbh.,,"Taine, H.",Kbh.,Copenhagen,55.6761,12.5683
1621,Doc2425OCR.png,Doc2425OCR,1,ST,23,,"Lunde, Johan",Moderne theologi. Et kritisk indlæg.,1904,Kra.,,"Lunde, Johan",Kra.,Oslo,59.9139,10.7522
1622,Doc2370OCR.png,Doc2370OCR,1,Te,10,Matematikk,"Leysenne, M.P.",L'année préparatoire d'arithmétique ...,1897,Paris,32.e éd.,"Leysenne, M.P.",Paris,Paris,48.8566,2.3522
1623,Doc2781OCR.png,Doc2781OCR,1,MV,15,"Misjon - fortellinger, misjonsmotivering","Møller, Chr. Frimodt",I Mesterens Fodspor ... ?,1918,Kbh.,,"Møller, Chr. Frimodt",Kbh.,Copenhagen,55.6761,12.5683
1624,Doc4190OCR.png,Doc4190OCR,1,Li;DB,20,,"Østrup, J.",Fra Orientens Nutid. Arabiske Fortællinger og Digte overs.,1890,Kbh.,,"Østrup, J.",Kbh.,Copenhagen,55.6761,12.5683
1625,Doc0145OCR.png,Doc0145OCR,1,ST;DB,,,"Bacon, (Francis, Viscount St. Alban)","Physical and metaphysical works, including ... Dignity and advancement of learning, ... and ... Novum organum, ... (ed.) by Joseph Devey.",1864,London,,"Bacon, Francis",London,London,51.5074,-0.1278
1626,Doc0852OCR.png,Doc0852OCR,1,NT;DB,,,"Clausen, H.N.","Johannes-Evangeliet, fortolket.",1855,Kbh.,,"Clausen, H.N.",Kbh.,Copenhagen,55.6761,12.5683
1627,Doc0283OCR.png,Doc0283OCR,1,GT;DB,10,,Bibelen. G.T. Job & Salmerne. Dansk. 1865 Hiob og Psalmerne. Overs. fra Grundtexten af D.G. Monrad.,,1865,Kbh.,,,Kbh.,Copenhagen,55.6761,12.5683
1628,Doc1864OCR.png,Doc1864OCR,1,Li;DB,30,,Homeros,Ilias. Graece et Latine. Ex rec... Samuelis Clarke. Ed. 17 th T.1-2.,1821,London,2 b.,Homer,London,London,51.5074,-0.1278
1629,Doc3293OCR.png,Doc3293OCR,1,ST;DB,,,"Sack, Karl Heinrich",Christliche Polemik.,1838,Hamb.,,"Sack, Karl Heinrich",Hamb.,Hamburg,53.5511,9.9937
1630,Doc2628OCR.png,Doc2628OCR,1,KH;DB,,,"Merle d'Aubigné, J(ean)-H(enri)",Histoire de la réformation en Europe au temps de Calvin.. T.1-6.,1863,Paris,6 b.,"Merle d'Aubigné, Jean-Henri",Paris,Paris,48.8566,2.3522
1631,Doc0905OCR.png,Doc0905OCR,1,ST;DB,40,,"Culmann, Philipp Theodor",Die christliche Ethik.,1864,Stuttg.,,"Culmann, Philipp Theodor",Stuttg.,Stuttgart,48.7758,9.1829
1632,Doc0905OCR.png,Doc0905OCR,2,ST;DB,40,,"Caspari, C.P.",Nadverens Indstiftelsesords gudstjenestelige historie fra det 5 Aarhundrede af ... Med særligt Hensyn til Grundtvigs Anskuelser ...,1868,Chra.,"Særtr. av Theologisk Tidsskr. 10, 1-20","Caspari, C.P.",Chra.,Oslo,59.9139,10.7522
1633,Doc1750OCR.png,Doc1750OCR,1,Li,50,Fransk litteratur,"Hemans, Felicia",Select poetical works,1865,Lpz.,,"Hemans, Felicia",Lpz.,Leipzig,51.3397,12.3731
1634,Doc1198OCR.png,Doc1198OCR,1,Hi,10,Politisk historie og kulturhistorie,(England),Committee on alleged German outrages. Report,1915,London,,(England),London,London,51.5074,-0.1278
1635,Doc2795OCR.png,Doc2795OCR,1,KH,30,"Oldkirkens kirkehistorie, patristikk","Neander, Augustus","History of the planting and training of the Christian church by the apostles. Also, His Antignostikus, or, Spirit of Tertullian. Transl. from the German by J.E. Ryland. Vol. 1-2.",1851,London,2 vol.,"Neander, Augustus",London,London,51.5074,-0.1278
1636,Doc0493OCR.png,Doc0493OCR,1,SV,20,Indogermanske språk [-> Indoeuropeiske språk],"Bicheray, Albert",Nøgle til Lærebog i Fransk. Af Emil Otto,1881,Chra.,,"Bicheray, Albert",Chra.,Oslo,59.9139,10.7522
1637,Doc0741OCR.png,Doc0741OCR,1,ST,,,"Calvin, Johann",Institutio Christianae religionis. Ed. postrema emend.,1637,Geneva,,"Calvin, Johann",Geneva,Geneva,46.2044,6.1432
1638,Doc2325OCR.png,Doc2325OCR,1,PT,20,Pastorallære,"Lassen, P(aul) B(rodahl)",Anvisning for den norske Prest i hans practiske Embedsførelse,1881,Chra.,,"Lassen, P(aul) B(rodahl)",Chra.,Oslo,59.9139,10.7522
1639,Doc2325OCR.png,Doc2325OCR,2,PT,20,Pastorallære,"Monrad, D.G.",Fra Bønnens Verden. 5. Opl.,1881,Kbh.,,"Monrad, D.G.",Kbh.,Copenhagen,55.6761,12.5683
1640,Doc2244OCR.png,Doc2244OCR,1,SV,20,Indogermanske språk [-> Indoeuropeiske språk],"Krogh, A.",Opgaver i engelsk stil,1889,Kra.,,"Krogh, A.",Kra.,Oslo,59.9139,10.7522
1641,Doc0306OCR.png,Doc0306OCR,1,GT,10,Tekstutgaver og oversettelser,,Bibelen. G.T. Salm. 89-90. Koptisk Thebansk-koptisk Oversættelse af Davids 89. og 90. Psalme. Ved J. Lieblein,,,,,,,,
1642,Doc3733OCR.png,Doc3733OCR,1,NV,50,Zoologi,"Sørensen, H(enrik) L(auritz)",Lærebog i Zoologi for middelskolen,1901,Kra.,,"Sørensen, Henrik Lauritz",Kra.,Oslo,59.9139,10.7522
1643,Doc1975OCR.png,Doc1975OCR,1,MV,138,Misjon og kirke på Madagaskar,,Misjonslitt. Ny Isan-kerintaona 1878,1878,Antan.,,,Antan.,Antananarivo,-18.8792,47.5079
1644,Doc2533OCR.png,Doc2533OCR,1,MV,138,Misjon og kirke på Madagaskar,"Maclear, Dr.",Misjonslitt. Gassisk. Ny tantara voalazan'ny Testamenta Vaovao.,,Antan.,,"Maclear, Dr.",Antan.,Antananarivo,-18.8792,47.5079
1645,Doc3638OCR.png,Doc3638OCR,1,MV,135,Misjon og kirke i Sør-Afrika,"Stewart, James","Lovedale, South Africa",1894,Edinb.,,"Stewart, James",Edinb.,Edinburgh,55.9533,-3.1883
1646,Doc1701OCR.png,Doc1701OCR,1,Li,75,Amerikansk litteratur,"Harte, Bret",Californische Erzählungen,,Lpz.,,"Harte, Bret",Lpz.,Leipzig,51.3397,12.3731
1647,Doc0551OCR.png,Doc0551OCR,1,PT,,,"Bonnevie, J(akob) A(all)",Foredrag om skole og undervisning,1877,Thjem.,,"Bonnevie, Jakob All",Thjem.,Trondheim,63.4305,10.3951
1648,Doc0551OCR.png,Doc0551OCR,2,PT,,,"Bonnevie, J(akob) A(all)",Afsluttende tillæg til Foredrag om skole og undervisning,1879,Thjem.,,"Bonnevie, Jakob All",Thjem.,Trondheim,63.4305,10.3951
1649,Doc0800OCR.png,Doc0800OCR,1,MV,130,Misjon og kirke i Afrika,"Christensen, Anders",Fra Missionen i Kongo,1909,Kbh.,,"Christensen, Anders",Kbh.,Copenhagen,55.6761,12.5683
1650,Doc0730OCR.png,Doc0730OCR,1,Li,80,Norrøn og nordisk litteratur,"Bååth-Holmboe, Cecilia",En Kvindeskæbne og andre Fortællinger,1895,Kbh.,,"Bååth-Holmboe, Cecilia",Kbh.,Copenhagen,55.6761,12.5683
1651,Doc0565OCR.png,Doc0565OCR,1,MV,10,Misjonsteori – allment,"Borchgrevink, Christian",Hedningemissionens Opgaver og Udsigter i det 20 de Aarhundrede.,1901,Kra.,,"Borchgrevink, Christian",Kra.,Kristiania,59.9139,10.7522
1652,Doc3185OCR.png,Doc3185OCR,1,SV,60,Afrikanske språk,"Rebmann, John",Dictionary of the Kiniassa language.,1877,London,Ed. by L. Krapf,"Rebmann, John",London,London,51.5074,-0.1278
1653,Doc0886OCR.png,Doc0886OCR,1,SV,50,"Malayiske språk, gassisk språk","Cousins, W.E.",Malagasy Proverbs collected by Cousins & Parrett.,1871,Antan.,,"Cousins, W.E.",Antan.,Antananarivo,-18.8792,47.5079
1654,Doc0917OCR.png,Doc0917OCR,1,KH,30,"Oldkirkens kirkehistorie, patristikk","Cyprianus, (Thascius) Cæcilius","De catholicæ ecclesiæ unitate, de lapsis et de habitu virginum.",1853,Tüb.,Rec. Jo. Georgius Krabinger,"Cyprianus, (Thascius) Cæcilius",Tüb.,Tübingen,48.5216,9.0576
1655,Doc0383OCR.png,Doc0383OCR,1,NT,10,Tekstutgaver og oversettelser,,Bibelen. N.T. Gresk. The New Testament in the original Greek.,1881,Cambr.,The Text rev. by Brooke Foss Westcott and Fenton John Anthony Hort,,Cambr.,Cambridge,52.2053,0.1218
1656,Doc1211OCR.png,Doc1211OCR,1,ST,,,,Er Bibelen af Gud? Frit efter det Engelske.,1898,Kra.,2. Opl.,,Kra.,Kristiania,59.9139,10.7522
1657,Doc2096OCR.png,Doc2096OCR,1,ST,,,"Kant, Immanuel",Kritik der reinen Vernunft; Text der Ausg. 1781 mit Beifügung sämmtlicher Abweichungen der Ausg. 1787.,1878,Lpz.,2. verb. Aufl. von Karl Kehrbach,"Kant, Immanuel",Lpz.,Leipzig,51.3397,12.3731
1658,Doc1362OCR.png,Doc1362OCR,1,MV,138,Misjon og kirke på Madagaskar,,Misjonslitt. Ny foto-kevitra ny fampianaram-pamonjena.,1892,Antan.,N.M.S.,,Antan.,Antananarivo,-18.8792,47.5079
1659,Doc2407OCR.png,Doc2407OCR,1,NT,,,"Loofs, Friedrich",Wer war Jesus Christus? Deutsche Neubearb. des Buches: What is the truth about Jesus Christ?,1916,Halle a. S.,,"Loofs, Friedrich",Halle a. S.,Halle (Saale),51.4816,11.9658
1660,Doc1194OCR.png,Doc1194OCR,1,NV,70,Medisin og helse,"Engelsted, S(ophus)",Om Foranstaltninger mot Udbredelser af Tuberkulosen i Danmark.,1898,Kbh.,,"Engelsted, Sophus",Kbh.,Copenhagen,55.6761,12.5683
1661,Doc3078OCR.png,Doc3078OCR,1,Li,30,Greske klassikere,Platon,Quae exstant opera...,1832,Lips.,,Plato,Lips.,Leipzig,51.3397,12.3731
1662,Doc4024OCR.png,Doc4024OCR,1,ST,,,"Walther, W.","Harnacks ""Kristendommens væsen""",1901,Kra.,,"Walther, W.",Kra.,Oslo,59.9139,10.7522
1663,Doc3531OCR.png,Doc3531OCR,1,Bi,30,"Bibelsk geografi, arkeologi, kulturhistorie","Smyth, J. Paterson",Bibelens tilblivelse i lys av nutidens forskning.,1918,Kra.,,"Smyth, J. Paterson",Kra.,Oslo,59.9139,10.7522
1664,Doc0545OCR.png,Doc0545OCR,1,Et,20,Sosiologi,"Bojesen, E(rnst) F(rederik)",Haandbog i de græske Antikviteter.,1861,Kbh.,3. Udg.,"Bojesen, Ernst Frederik",Kbh.,Copenhagen,55.6761,12.5683
1665,Doc3114OCR.png,Doc3114OCR,1,Li,805,,"(Pontoppidan, Erich)",Menoza.,1860,Kbh.,,"Pontoppidan, Erich",Kbh.,Copenhagen,55.6761,12.5683
1666,Doc1348OCR.png,Doc1348OCR,1,SV,20,Indogermanske språk [-> Indoeuropeiske språk],"Forbes, Duncan",A grammar of the Bengali language; to which is added a selection of easy phrases and useful dialogues.,1862,London,,"Forbes, Duncan",London,London,51.5074,-0.1278
1667,Doc0346OCR.png,Doc0346OCR,1,NT,10,Tekstutgaver og oversettelser,T. Skat Rørdam,Bibelen. N.T. Dansk. Det ny Testament.,1896,Kbh.,,T. Skat Rørdam,Kbh.,Copenhagen,55.6761,12.5683
1668,Doc2243OCR.png,Doc2243OCR,1,PT,80,Hymnologi og kirkemusikk,,Salmer og Sange,1906,Chrsand,,,Chrsand,Kristiansand,58.1467,7.9956
1669,Doc3292OCR.png,Doc3292OCR,1,ST,50,Apologetikk,Karl Heinrich Sack,Christliche Apologetik. Versuch eines Handbuchs,1829,Hamb.,,Karl Heinrich Sack,Hamb.,Hamburg,53.5511,9.9937
1670,Doc2998OCR.png,Doc2998OCR,1,NV,30,Fysikk,Adam Paulsen,Naturkræfterne,1893,Kbh.,2. omarb. Udg. B. 1-2,Adam Paulsen,Kbh.,Copenhagen,55.6761,12.5683
1671,Doc1683OCR.png,Doc1683OCR,1,KH,40,Middelalderens kirkehistorie,Theodor Hansen,Kirkehistorie fra Roms Katakomber,1868,Kbh.,,Theodor Hansen,Kbh.,Copenhagen,55.6761,12.5683
1672,Doc3152OCR.png,Doc3152OCR,1,PT,90,Prekener og andaktsbøker,J(on) L(aurits) Qvisling,Betragtninger over høimesetekster til alle søndage og festdage i kirkeaaret,1909,Kra.,,Jon Lauritz Qvisling,Kra.,Oslo,59.9139,10.7522
1673,Doc1486OCR.png,Doc1486OCR,1,KH,80,Norges kirkehistorie,Ragnvald Gjerløw,Folkekirken. En folkesag,1906,Skien,,Ragnvald Gjerløw,Skien,Skien,59.2096,9.6091
1674,Doc0663OCR.png,Doc0663OCR,1,ST,,,Jo(hann) Franz Buddeus,Compendium institutionum theologiae dogmaticae ... cura Jo. Georgii Walchii,1724,Lips.,,Johann Franz Buddeus,Lips.,Leipzig,51.3397,12.3731
1675,Doc2229OCR.png,Doc2229OCR,1,Ge,30,Norsk geografi,"Kraft, Jens",Historisk-topographisk Haandbog over Kongeriget Norge,1845,Chra. u.a.,,Jens Kraft,Chra. u.a.,Oslo and others,59.9139,10.7522
1676,Doc2478OCR.png,Doc2478OCR,1,RV,10,Religionshistorie,"Lyng, Ge(org) Vilh(elm)",Hedenskabets Levnetsløb. 18 populære Foredrag,1866,Chra.,,Georg Vilhelm Lyng,Chra.,Oslo,59.9139,10.7522
1677,Doc2478OCR.png,Doc2478OCR,2,RV,10,Religionshistorie,"Hoffmann, W.",Eilf Jahre in der Mission,1853,Stuttg.,,W. Hoffmann,Stuttg.,Stuttgart,48.7833,9.1833
1678,Doc2478OCR.png,Doc2478OCR,3,RV,10,Religionshistorie,"Caspari, C.P.",Zur Einführung in das Buch Daniel,1869,Lpz.,,C.P. Caspari,Lpz.,Leipzig,51.3397,12.3731
1679,Doc0922OCR.png,Doc0922OCR,1,PT,92,Annen oppbyggelseslitteratur,"Dahl, Jonas",Den forlorne Søn. Et Nutidsoratorium,1894,Kbh.,,Jonas Dahl,Kbh.,Copenhagen,55.6761,12.5683
1680,Doc3414OCR.png,Doc3414OCR,1,PT,10,Praktisk teologi – allment og blandet,"Schunk, Julius",Die Armenpflege vom christilichen Standpunkt und ihr Verhältnis zu Kirche und Staat,1850,Erlangen,,Julius Schunk,Erlangen,Erlangen,49.5908,11.1979
1681,Doc3414OCR.png,Doc3414OCR,2,PT,10,Praktisk teologi – allment og blandet,"Palmer, Christian",Evangelisk Pastoraltheologie,1862,Sth.,,Christian Palmer,Sth.,Stockholm,59.3293,18.0686
1682,Doc2685OCR.png,Doc2685OCR,1,PT,80,Hymnologi og kirkemusikk,"Moe, P.J.","Sange og salmer til høitiderne udsatte for en, to eller tre stemmer",1900,Kra.,,P.J. Moe,Kra.,Oslo,59.9139,10.7522
1683,Doc0415OCR.png,Doc0415OCR,1,NT,10,Tekstutgaver og oversettelser,,Bibelen. N.T. Lukas. Kinesisk. Romanisert mandarin. Lugia fuh-yin,1905,Shanghai,,,Shanghai,Shanghai,31.2304,121.4737
1684,Doc1776OCR.png,Doc1776OCR,1,GT,50,Den nære orients arkeologi,"Hertwig, O.R.",Tabellen zur Einleitung ins Neue Testament. 4. erg. ungeänderte Ausg.,1872,Berl.,,O.R. Hertwig,Berl.,Berlin,52.52,13.405
1685,Doc1776OCR.png,Doc1776OCR,2,GT,50,Den nære orients arkeologi,,Tabellen zur Einleitung in das Alte Testament. 2.Aufl.,1869,Berlin,,,Berlin,Berlin,52.52,13.405
1686,Doc0379OCR.png,Doc0379OCR,1,NT,10,Tekstutgaver og oversettelser,,Bibelen. N.T. Gresk. Greek testament with English notes (by Henry) Alford. Abr. by Bradley H. Alford,1869,London,,,London,London,51.5074,-0.1278
1687,Doc3154OCR.png,Doc3154OCR,1,NT,,,"Qvisling, J(on) L(aurits)",Jesu lidelse og død paa grundlag af beretningen hos Matthæus fremstillet i historisk sammenhæng.,1899,Kra.,,"Qvisling, Jon Laurits",Kra.,Oslo,59.9139,10.7522
1688,Doc1303OCR.png,Doc1303OCR,1,MV,138,Misjon og kirke på Madagaskar,,Fianarana any Jeso-Kristy,1877,Antan.,Katolika.,,Antan.,Antananarivo,-18.8792,47.5079
1689,Doc0961OCR.png,Doc0961OCR,1,MS,,,"Dahle, Lars",Latinsk Syntax i Grundtræk.,,,,"Dahle, Lars",,,,
1690,Doc2259OCR.png,Doc2259OCR,1,NV,70,Medisin og helse,"Kunze, C.F.",Compendium der praktischen Medicin. 8. umgearb. Aufl.,1884,Stuttg.,,"Kunze, C.F.",Stuttg.,Stuttgart,48.7758,9.1829
1691,Doc0514OCR.png,Doc0514OCR,1,SV,60,Afrikanske språk,"Bleek, W(ilhelm) H(einrich) I(mmanuel)",A comparative grammar of South African languages. P.2. The concord. Sect.1.The noun,1869,Cape Town,,"Bleek, Wilhelm Heinrich Immanuel",Cape Town,Cape Town,-33.9249,18.4241
1692,Doc0797OCR.png,Doc0797OCR,1,SV,40,Asiatiske språk,,The Chinese national phonetic script. Origin and progress: Hints on teaching.,,U.s.u.å.,,,U.s.u.å.,Unknown,,
1693,Doc3690OCR.png,Doc3690OCR,1,GT,64,Kommentar til profetbøkene,"Sturm, Leonhard Christopher",Sciagraphia templi Hierosolymitani,1694,Lips,,"Sturm, Leonhard Christopher",Lips,Leipzig,51.3402,12.3747
1694,Doc3690OCR.png,Doc3690OCR,2,GT,64,Kommentar til profetbøkene,"Pocock, Eduard",Commentarius in prophetam Joelis,1695,Lips,,"Pocock, Eduard",Lips,Leipzig,51.3402,12.3747
1695,Doc2294OCR.png,Doc2294OCR,1,ST,,,"Laing, Samuel",Vår tids vetande och tänkande ...,1890,Sth.,Ofvers. från orig. 8. uppl. af Pontus Dahlander och Mauritz Boheman.,"Laing, Samuel",Sth.,Stockholm,59.3293,18.0686
1696,Doc3519OCR.png,Doc3519OCR,1,PT,80,Hymnologi og kirkemusikk,"Skaar, J(ohannes) N(ielsson)",Norsk Salmehistorie. B.1-2.,1879,Bergen,,"Skaar, Johannes Nielsson",Bergen,Bergen,60.3913,5.3221
1697,Doc2792OCR.png,Doc2792OCR,1,Ge,10,"Reiseskildringer, atlas",,Nature's wonders. Pictures of remarkable scenes in foreign lands.,1867,London,,,London,London,51.5074,-0.1278
1698,Doc1114OCR.png,Doc1114OCR,1,Ge,20,Enkelte lands geografi,"Dyring, Joh.","Kongeriget-Norge, dets geografi, samfundsindretninger og næringsveie ... 2. udg.",1891,Porsgrund,2. udg.,"Dyring, Joh.",Porsgrund,Porsgrunn,59.1325,9.6566
1699,Doc2812OCR.png,Doc2812OCR,1,SV,30,Semittiske språk,"Newman(n), F(rancis) W(illiam)",A dictionary of modern Arabic. Vol.1-2.,1871,London,,"Newman, Francis William",London,London,51.5074,-0.1278
1700,Doc1876OCR.png,Doc1876OCR,1,Hi,10,Politisk historie og kulturhistorie,"Hommel, Fritz",Geschichte des alten Morgenlandes.,1895,Stuttg.,,"Hommel, Fritz",Stuttg.,Stuttgart,48.7758,9.1829
1701,Doc2591OCR.png,Doc2591OCR,1,Li,50,Fransk litteratur,"Massillon, (Jean Baptiste)",Chefs-d'œuvres oratoires.,1844,Paris,,"Massillon, Jean Baptiste",Paris,Paris,48.8566,2.3522
1702,Doc1722OCR.png,Doc1722OCR,1,KH,,,"Hauge, Hans Nielsen",Udvalgte Skrifter. 2. Opl.,1900,Kra.,2. Opl.,"Hauge, Hans Nielsen",Kra.,Oslo,59.9139,10.7522
1703,Doc3354OCR.png,Doc3354OCR,1,Li,10,Litteraturhistorie - allment,"Scherr, Johannes",Almindelig Literaturhistorie ... Overs. og bearb. med særligt Hensyn til Norden af Fr.W.Horn. D.1-2.,1876,Kbh.,,"Scherr, Johannes",Kbh.,Copenhagen,55.6761,12.5683
1704,Doc0954OCR.png,Doc0954OCR,1,MS,,,"Dahle, Lars",Græske gloser,1882,,,"Dahle, Lars",,,,
1705,Doc0165OCR.png,Doc0165OCR,1,Va,20,?,"Bang, A. Chr.",Den tydske Socialisme,1878,Kbh.,,"Bang, A. Chr.",Kbh.,Copenhagen,55.6761,12.5683
1706,Doc3119OCR.png,Doc3119OCR,1,PT,94,Lærebøker i kristendomskunnskap,"Pontoppidan, Erich","Udtog af dr. Erik Pontoppidans Forklaring til de enfoldiges nytte (ved Christian Keyser, Jens Mathias Pram Kaurin og Wilhelm Andreas Wexels)",1892,Stvg.,Autor. udg.,"Pontoppidan, Erich",Stvg.,Stavanger,58.9699756,5.7331073
1707,Doc2067OCR.png,Doc2067OCR,1,Li,40,Latinske klassikere,"Juvenalis, D.(ecimus) Junius","Satirer, overs. og oplyste af L. Ove Kjær",1866,Kbh.,,"Juvenalis, Decimus Junius",Kbh.,Copenhagen,55.6761,12.5683
1708,Doc1049OCR.png,Doc1049OCR,1,PT,,,Diaconissenhaus Neuendettelsau,Ordnung des täglichen Hausgottesdienstes im,,Nördlingen u. d.,,Diaconissenhaus Neuendettelsau,Nördlingen,Nördlingen,48.8511863,10.4889008
1709,Doc2146OCR.png,Doc2146OCR,1,PT,50,Liturgikk,,"Danmarks og Norgis Kirkeritual, Christian V.'s forordninger",1685,Kbh.,Skb. 387 s.,,Kbh.,Copenhagen,55.6761,12.5683
1710,Doc3327OCR.png,Doc3327OCR,1,PT,94,Lærebøker i kristendomskunnskap,"Saxe, Oluf",Prøve paa Udkast til Forklaring over Luthers lille Katekisme,1884,Chra.,,"Saxe, Oluf",Chra.,Oslo,59.9139,10.7522
1711,Doc3327OCR.png,Doc3327OCR,2,PT,94,Lærebøker i kristendomskunnskap,"Saxe, Oluf",Udkast til Forklaring over Luthers lille Katekisme (De tre sidste Parter),1885,Chra.,,"Saxe, Oluf",Chra.,Oslo,59.9139,10.7522
1712,Doc3630OCR.png,Doc3630OCR,1,KH,,,"Stene, John",Teosofien og evangeliet. En liten hjælp til orientering,1916,Stvg.,,"Stene, John",Stvg.,Stavanger,58.9699756,5.7331073
1713,Doc1939OCR.png,Doc1939OCR,1,ST,10,Filosofi og idéhistorie,"Høffding, Harald",Formel Logik. Til Brug ved Forelæsninger,1889,Kbh.,2. omarb. Udg.,"Høffding, Harald",Kbh.,Copenhagen,55.6761,12.5683
1714,Doc1939OCR.png,Doc1939OCR,2,ST,10,Filosofi og idéhistorie,"Kroman, K(ristian)",Kortfattet Tænke- og Sjælelære,1882,Kbh.,,"Kroman, Kristian",Kbh.,Copenhagen,55.6761,12.5683
1715,Doc2258OCR.png,Doc2258OCR,1,ST,35,Systematisk teologi – monografier,,"Kunne vi vide, hvilken Dag er den rette syvende Dag?",,Kra.,,,Kra.,Oslo,59.9139,10.7522
1716,Doc3224OCR.png,Doc3224OCR,1,Le,30,Teologiske leksika og encyclopedier,"Riley, H.T.",A Dictionary of Latin and Greek Quotations - Classical and Mediaeval,1872,London,,"Riley, H.T.",London,London,51.5074,-0.1278
1717,Doc2305OCR.png,Doc2305OCR,1,Bi,50,Kommentarverk til hele Bibelen,"Lange, J.P.",Theologisch-homiletisches Bibelwerk ... Das Alte Testament. T.1-20.,1864,Bielefeld,,"Lange, J.P.",Bielefeld,Bielefeld,52.0302,8.5325
1718,Doc2305OCR.png,Doc2305OCR,2,Bi,50,Kommentarverk til hele Bibelen,"Lange, J.P.",Das Neue Testament. 1-3. Aufl. T.1-16.,1865,Bielefeld,,"Lange, J.P.",Bielefeld,Bielefeld,52.0302,8.5325
1719,Doc0726OCR.png,Doc0726OCR,1,GT,20,"Ordbøker, konkordanser og grammatikker","Böttcher, Friedrich",Ausführliches Lehrbuch der hebräischen Sprache,1866,Lpz.,,"Böttcher, Friedrich",Lpz.,Leipzig,51.3397,12.3731
1720,Doc1702OCR.png,Doc1702OCR,1,Li,75,Amerikansk litteratur,"Harte, Bret",Thankful Blossom. Eine Geschichte,,Lpz.,,"Harte, Bret",Lpz.,Leipzig,51.3397,12.3731
1721,Doc2129OCR.png,Doc2129OCR,1,ST,35,Systematisk teologi – monografier,"Killen, J.M.",Vore Kjære i Himlen eller De Forløstes Gjensyn efter Døden,1872,Kbh.,13. Opl.,"Killen, J.M.",Kbh.,Copenhagen,55.6761,12.5683
1722,Doc0238OCR.png,Doc0238OCR,1,ST,,,"Bergson, Henri",Intuition og Verdensanskuelse,1914,Kbh.,,"Bergson, Henri",Kbh.,Copenhagen,55.6761,12.5683
1723,Doc2850OCR.png,Doc2850OCR,1,MV,135,Misjon og kirke i Sør-Afrika,"Norenius, Gurly",Sydafrika.,1918,Upps.,,"Norenius, Gurly",Upps.,Uppsala,59.8586,17.6389
1724,Doc3458OCR.png,Doc3458OCR,1,ST,50,Apologetikk,"Senden, G.H. van",Geschichte der Apologetik,1846,Stuttg.,,"Senden, G.H. van",Stuttg.,Stuttgart,48.7758,9.1829
1725,Doc2700OCR.png,Doc2700OCR,1,ST,,,"Monrad, M(arcus) J(acob)",Kunstretninger. 6 Forelæsninger.,1883,Chra.,,"Monrad, Marcus Jacob",Chra.,Oslo,59.9139,10.7522
1726,Doc2006OCR.png,Doc2006OCR,1,KH,,,Janus,Der Papst und das Concil.,1869,Lpz.,,Janus,Lpz.,Leipzig,51.3397,12.3731
1727,Doc2056OCR.png,Doc2056OCR,1,MV,180,Bibelspredning,"(Jones, Mary)",Mary Jones og hendes Bibel.,1904,(Kra.),,Mary Jones,Kra.,Oslo,59.9139,10.7522
1728,Doc0904OCR.png,Doc0904OCR,1,Ge,20,Enkelte lands geografi,"Cullingworth, J.",Guide to the colony of Natal.,1861,London,,"Cullingworth, J.",London,London,51.5074,-0.1278
1729,Doc0259OCR.png,Doc0259OCR,1,Ge,10,"Reiseskildringer, atlas","Bevan, W.L.",The Students manual of ancient Geography,1871,London,New ed.,"Bevan, W.L.",London,London,51.5074,-0.1278
1730,Doc3946OCR.png,Doc3946OCR,1,RV,90,Kinesiske religioner/filosofi,"Veda, Rigveda",Siebzig Lieder des Rigveda,1875,Tüb.,,"Veda, Rigveda",Tüb.,Tübingen,48.5216,9.0576
1731,Doc1604OCR.png,Doc1604OCR,1,MV,80,Misjon i andre land (Europa og Nord-Amerika),"Haccius, Georg",Hannoversche Missionsgeschichte . T.1-2.,1907,Hermannsb.,,"Haccius, Georg",Hermannsburg,Hermannsburg,52.8405,10.087997
1732,Doc0848OCR.png,Doc0848OCR,1,MV,170,Israelsmisjon,"Clausen, E.",Folket under loven.,1917,Aarhus,,"Clausen, E.",Aarhus,Aarhus,56.162939,10.203921
1733,Doc3931OCR.png,Doc3931OCR,1,Et,20,Sosiologi,"Ussing, J(ohan) L(ouis)",Fra Hellas og Lilleasien i Foråret 1882.,1883,Kbh.,,"Ussing, Johan Louis",København,Copenhagen,55.676098,12.568337
1734,Doc1752OCR.png,Doc1752OCR,1,GT,,,"Hengstenberg, E.W.","Commentar über die Psalmen. 1.,2. Aufl. B.1-4.",1843,Berlin,"1.,2. Aufl.","Hengstenberg, E. W.",Berlin,Berlin,52.520007,13.404954
1735,Doc1752OCR.png,Doc1752OCR,2,GT,,,"Hengstenberg, E.W.","Commentar über die Psalmen. 1.,2. Aufl. B.1-4.",1849,Berlin,"1.,2. Aufl.","Hengstenberg, E. W.",Berlin,Berlin,52.520007,13.404954
1736,Doc4102OCR.png,Doc4102OCR,1,MV,135,Misjon og kirke i Sør-Afrika,"Wilde, M.",Schwarz und Weiss. Bilder von einer Reise durch das Arbeitsgebiet der Berliner Mission in Südafrika.,1913,Berlin,,"Wilde, M.",Berlin,Berlin,52.520007,13.404954
1737,Doc1181OCR.png,Doc1181OCR,1,MV,15,"Misjon - fortellinger, misjonsmotivering",Ellen.,Lille Muttu.,1904,Kbh.,,Ellen,København,Copenhagen,55.676098,12.568337
1738,Doc2675OCR.png,Doc2675OCR,1,PT,,,,Missionssangbog til brug for indre- og ydremission.,1907,Stavanger,1.udg.,,Stavanger,Stavanger,58.969975,5.733107
1739,Doc2675OCR.png,Doc2675OCR,2,PT,,,,Missionssangbog til brug for indre- og ydremission.,1909,Stavanger,1.udg.,,Stavanger,Stavanger,58.969975,5.733107
1740,Doc2675OCR.png,Doc2675OCR,3,PT,,,,Missionssangbog til brug for indre- og ydremission.,1911,Stavanger,1.udg.,,Stavanger,Stavanger,58.969975,5.733107
1741,Doc2675OCR.png,Doc2675OCR,4,PT,,,,Missionssangbog til brug for indre- og ydremission.,1912,Stavanger,1.udg.,,Stavanger,Stavanger,58.969975,5.733107
1742,Doc2675OCR.png,Doc2675OCR,5,PT,,,,Missionssangbog til brug for indre- og ydremission.,1918,Stavanger,,,Stavanger,Stavanger,58.969975,5.733107
1743,Doc2675OCR.png,Doc2675OCR,6,PT,,,,Missionssangbog til brug for indre- og ydremission.,1921,Stavanger,,,Stavanger,Stavanger,58.969975,5.733107
1744,Doc0452OCR.png,Doc0452OCR,1,NT,10,Tekstutgaver og oversettelser,,Bibelen. N.T. & Salmene. Norsk. Det Nye Testamente og Salmernes Bog I ny Oversættelse.,1906,Kra.,,,Kristiania,Oslo,59.9138688,10.7522454
1745,Doc1459OCR.png,Doc1459OCR,1,MV,138,Misjon og kirke på Madagaskar,,Geografy fohifohy ...,1896,Antan.,,,Antan.,Antananarivo,,
1746,Doc3915OCR.png,Doc3915OCR,1,Et,10,Etnologi – allment,"Undset, Ingvald",Fra Akershus til Akropolis. Erindringer fra arkæologiske Studiereiser.,1892,Kra. og Kbh.,,Ingvald Undset,Kra. og Kbh.,,,
1747,Doc3532OCR.png,Doc3532OCR,1,KH,,,,Smaaskrifter om Kirkens Ret og Frihat.,1906,Chra.,,,Chra.,Oslo,,
1748,Doc3341OCR.png,Doc3341OCR,1,Li,50,Fransk litteratur,"Scharling, C(arl) E(mil)",Fénélons Breve til Grevinde Gramont.,1855,Kbh.,,Carl Emil Scharling,Kbh.,København,,
1749,Doc2354OCR.png,Doc2354OCR,1,PT,92,Annen oppbyggelseslitteratur,"Lervaag, David A.G.",Den syge Pilgrims Bønner og Betragtninger,1895,Bergen,,David A.G. Lervaag,Bergen,Bergen,60.3913,5.3221
1750,Doc3235OCR.png,Doc3235OCR,1,PT,90,Prekener og andaktsbøker,"Robertson, Frederick W.",Sermons on Bible subjects.,1906,London,2nd ed.,Frederick W. Robertson,London,London,51.5074,-0.1278
1751,Doc2199OCR.png,Doc2199OCR,1,SV,20,Indogermanske språk [-> Indoeuropeiske språk],"Koht, Halvdan",Lesestykke i landsmaalet ...,1902,Kra.,2. utg.,Halvdan Koht,Kra.,Oslo,,
1752,Doc0944OCR.png,Doc0944OCR,1,MS,,,"(Dahle, Lars)","Elements of a ""Grimm's Law"" for the Malagasy in its relation to the other Malayo-Polynesian languages.",,,,Lars Dahle,,,,
1753,Doc1529OCR.png,Doc1529OCR,1,MV,20,"Misjon - konferanser, rapporter, oversikter","Grundemann, R(einhold)",Neuer Missions-Atlas,1903,Calw,2. Aufl.,"Grundemann, Reinhold",Calw,Calw,48.7012,8.7359
1754,Doc2139OCR.png,Doc2139OCR,1,KH,170,Moderne religiøse samfunn og retninger,"Kirkeberg, O.L.","Mormonismen, dens Historie, Lærdomme og nuværende Stilling",1902,Kbh.,,"Kirkeberg, O.L.",Kbh.,Copenhagen,55.6761,12.5683
1755,Doc3134OCR.png,Doc3134OCR,1,PT,92,Annen oppbyggelseslitteratur,,Tidens farer for de kristne,1919,Kra.,H.2.Kvart.2.,,Kra.,Oslo,,
1756,Doc2807OCR.png,Doc2807OCR,1,NV,70,Medisin og helse,"Neumann, Isidor",Lehrbuch der Hautkrankheiten,1870,Wien,11. Aufl.,"Neumann, Isidor",Wien,Vienna,48.2082,16.3738
1757,Doc3331OCR.png,Doc3331OCR,1,KH,91,,"Schack, A",Den Brandesske Retning som kulturnedbrydende Magt. Et Foredrag,1904,Kbh.,,"Schack, A",Kbh.,Copenhagen,55.6761,12.5683
1758,Doc2710OCR.png,Doc2710OCR,1,Li,50,Fransk litteratur,"Montaigne, Michel de",Essais,1865,Paris,,"Montaigne, Michel de",Paris,Paris,48.8566,2.3522
1759,Doc0870OCR.png,Doc0870OCR,1,ST,,,"Cook, Joseph","Lectures on biology, transcendentalism, orthodoxy",1881,London,,"Cook, Joseph",London,London,51.5074,-0.1278
1760,Doc3042OCR.png,Doc3042OCR,1,Li,80,Norrøn og nordisk litteratur,"Petersen, N.M.",Nordisk Mythologi. Forelæsninger. 2den Udg.,1863,Kbh.,2den Udg.,"Petersen, N.M.",Kbh.,Copenhagen,55.6761,12.5683
1761,Doc3398OCR.png,Doc3398OCR,1,KH,,,"Schreiner, Karl",Er vor nuværende konfirmationsordning kristelig forsvarlig? Et opraab til kristenfolket.,1906,Kra.,,"Schreiner, Karl",Kra.,Oslo,59.9139,10.7522
1762,Doc2137OCR.png,Doc2137OCR,1,PT,92,Annen oppbyggelseslitteratur,"Kingsley, Charles",Fra det Dybe. Ord til de Bedrøvede af Charles Kingsley's Skrifter. Fra den engelske Orig.,1895,Kra.,7. opl.,"Kingsley, Charles",Kra.,Oslo,59.9139,10.7522
1763,Doc3864OCR.png,Doc3864OCR,1,Li,10,Litteraturhistorie - allment,"Tregder, P.H.",Haandbog i den Græske og Latinske Litteraturhistorie.,1867,Kbh.,3dje Udg.,"Tregder, P.H.",Kbh.,Copenhagen,55.6761,12.5683
1764,Doc4184OCR.png,Doc4184OCR,1,MV,90,Misjonærbiografier,"Oehler, Theodor",Zum Gedächtnis an Missionsdirektor D. Theod.Oehler.,1915,Basel,,"Oehler, Theodor",Basel,Basel,47.5596,7.5886
1765,Doc0180OCR.png,Doc0180OCR,1,Ti,30,Misjonsblad (utenfor Norge),Baseler-Mission,Evangelisches Missions-Magazin. N.F.,,Basel,Utg.,Baseler-Mission,Basel,Basel,47.5596,7.5886
1766,Doc1354OCR.png,Doc1354OCR,1,Va,20,?,"Hidle, Johannes og Otterbech, Jens",Fornorskningen i Finmarken.,1917,Kra.,Utg.,"Hidle, Johannes og Otterbech, Jens",Kra.,Oslo,59.9139,10.7522
1767,Doc0794OCR.png,Doc0794OCR,1,GT,,,"Cheyne, T.K.",Einleitung in das Buch Jesaja.,1897,Giessen,,"Cheyne, T.K.",Giessen,Giessen,50.5766,8.6665
1768,Doc3610OCR.png,Doc3610OCR,1,SV,60,Afrikanske språk,"Steenberg, O.S.",Grundtræk af Zulusproget.,1902,Stvg.,,"Steenberg, O.S.",Stvg.,Stavanger,58.969975,5.733107
1769,Doc0432OCR.png,Doc0432OCR,1,Bi;NT,,,,"Bibelen. N.T. og Salmene: Mboum. Testama Feke ka Deftere a Sinri. Le Nouveau Testament et les Psaumes, en langue Mboum.",1965,Yaoundé,,,Yaoundé,Yaoundé,3.848,11.5021
1770,Doc2151OCR.png,Doc2151OCR,1,NV,10,Naturvitenskap – allment,"Kiær, A(nders) N(icolai)",Den repræsentative Undersøgelses-methode.,1897,Kra.,,"Kiær, Anders Nicolai",Kra.,Oslo,59.9139,10.7522
1771,Doc3548OCR.png,Doc3548OCR,1,Li,30,Greske klassikere,Sophokles,Philoctetes Sophoclis. Recogn. ... observationes ... lingua vernacula ... adjecit Fredericus Moltke Bugge.,1849,Nidarosia,,Sophokles,Nidarosia,Trondheim,63.4305,10.3951
1772,Doc3347OCR.png,Doc3347OCR,1,SV,20,Indogermanske språk [-> Indoeuropeiske språk],"Scheler, Auguste",Dictionnaire d'étymologie francaise d'apres les résultats de la science moderne.,1888,Brux.,3 e éd. rev.,"Scheler, Auguste",Brux.,Brussels,50.8503,4.3517
1773,Doc0335OCR.png,Doc0335OCR,1,NT,,,,"Bibelen. N.T. Amharisk. The Gospel according to St. Luke, in the Amharic language.",1864,St. Chrishona,,,St. Chrishona,,,
1774,Doc2856OCR.png,Doc2856OCR,1,NT,,,"Nork, F.",Rabbinische Quellen und Parallelen zu neutestamentlichen Schriftstellen.,1839,Lpz.,,"Nork, F.",Lpz.,Leipzig,51.3397,12.3731
1775,Doc2309OCR.png,Doc2309OCR,1,NT,,,"Lardner, Nathanael",Glaubwürdigkeit der evangelischen Geschichte. Ubers. von David Bruhn. T.1-2.,1750,Berl.,,"Lardner, Nathanael",Berl.,Berlin,52.52,13.405
1776,Doc2309OCR.png,Doc2309OCR,2,NT,,,"Lardner, Nathanael",Glaubwürdigkeit der evangelischen Geschichte. Ubers. von David Bruhn. T.1-2.,1751,Berl.,,"Lardner, Nathanael",Berl.,Berlin,52.52,13.405
1777,Doc1399OCR.png,Doc1399OCR,1,KH,80,Norges kirkehistorie,,(Frivillig kirkemøde.) Kristiansand Kirkemøde 1904. Referat.,1904,Chr. sand,,,Chr. sand,Kristiansand,58.1467,7.9956
1778,Doc1756OCR.png,Doc1756OCR,1,SV,20,Indogermanske språk [-> Indoeuropeiske språk],"Henrichsen, R(udolf) J(ohannes) F(rederik)",Opgaver til Oversættelse fra Latin paa Dansk. 4. Udg. besørget af O. Siesbye,1878,Kbh.,4. Udg.,"Henrichsen, Rudolf Johannes Frederik",Kbh.,Copenhagen,55.6761,12.5683
1779,Doc0081OCR.png,Doc0081OCR,1,ST,,,"Andræ, Poul",Seneca paa sin villa ved den Appiske vei. En Studie fra Via Appia,1883,Kbh.,,"Andræ, Poul",Kbh.,Copenhagen,55.6761,12.5683
1780,Doc2415OCR.png,Doc2415OCR,1,Li,30,Greske klassikere,Lukian(os) fra Samosata,Ausgewählte Schriften,1877,Lpz.,B.1-2,Lukianos fra Samosata,Lpz.,Leipzig,51.3397,12.3731
1781,Doc2415OCR.png,Doc2415OCR,2,Li,30,Greske klassikere,Theokritos,Gedichte,,Lpz.,,Theokritos,Lpz.,Leipzig,51.3397,12.3731
1782,Doc0750OCR.png,Doc0750OCR,1,MV,135,Misjon og kirke i Sør-Afrika,"Carlyle, J.E.",South Africa and its mission fields,1878,London,,"Carlyle, J.E.",London,London,51.5074,-0.1278
1783,Doc4105OCR.png,Doc4105OCR,1,PT,92,Annen oppbyggelseslitteratur,"Wildhagen, A.",Dragelse og Krise. Universitetsprædiken paa Midfaste Søndag 1902,1902,Kra.,,"Wildhagen, A.",Kra.,Oslo,,
1784,Doc2882OCR.png,Doc2882OCR,1,Li,80,Norrøn og nordisk litteratur,"Nygaard, M(arius)",Udvalg af den norrøne Literatur,1875,Bergen,,"Nygaard, Marius",Bergen,Bergen,60.3913,5.3221
1785,Doc1680OCR.png,Doc1680OCR,1,NV,70,Medisin og helse,"Hansen, (Henrik Julius) Ager",Om Sundhedens Bevarelse. Folkelige Foredrag,1886,Stvg.,,"Hansen, Henrik Julius Ager",Stvg.,Stavanger,58.9699756,5.7331073
1786,Doc1680OCR.png,Doc1680OCR,2,NV,70,Medisin og helse,"Hansen, (Henrik Julius) Ager","Veiledning i Sygdomstilfæl­der og Ulykkeshændelser for Folket efter Dr. Goldkuhl's ""Sjukvårdslära""",1886,Stvg.,,"Hansen, Henrik Julius Ager",Stvg.,Stavanger,58.9699756,5.7331073
1787,Doc2093OCR.png,Doc2093OCR,1,MV,30,Misjonshistorie,"Kalkar, Ch(ristian) H(ermann)",Den evangeliske Missions Historie,1857,Kbh.,,"Kalkar, Christian Hermann",Kbh.,Copenhagen,55.6761,12.5683
1788,Doc0185OCR.png,Doc0185OCR,1,KH,,,Basilius fra Kesarea,"Sanctorum patrum Basilii magni archepiscopi Cæsareae Cappadociae, et Jo: Chrysostomi ... homiliae selectae.",1687,Patavium,,Basil of Caesarea,Patavium,Padua,45.4064,11.8768
1789,Doc3564OCR.png,Doc3564OCR,1,RV,20,Religionsfenomenologi,"Spiess, Edmund",Entwicklungsgeschichte der Vorstellungen vom Zustande nach dem Tode auf Grund vergleichender Religionsforschung.,1877,Jena,,Edmund Spiess,Jena,Jena,50.9271,11.589
1790,Doc0414OCR.png,Doc0414OCR,1,NT,,,,Bibelen. N.T. Mark. Kinesisk. Mako fuh-yin.,1905,Shanghai,,,Shanghai,Shanghai,31.2304,121.4737
1791,Doc1402OCR.png,Doc1402OCR,1,KH,80,Norges kirkehistorie,Frivillig kirkelig Landsmøde 1887. Udvalg.,Forslag til Lov om Statskirkens Repræsentation.,1892,Kra.,,Frivillig kirkelig Landsmøde 1887. Udvalg.,Kra.,Oslo,59.9139,10.7522
1792,Doc0377OCR.png,Doc0377OCR,1,NT,10,Tekstutgaver og oversettelser,S.T. Bloomfield,"The Greek Testament, with English notes.",1850,London,"8th Edition, 2 Volumes",S.T. Bloomfield,London,London,51.5074,-0.1278
1793,Doc0105OCR.png,Doc0105OCR,1,PT,90,Prekener og andaktsbøker,"Arndt, Johan(n)",Katechismusprædikener.,1864,Drammen,Overs. besørget ved Chr. Dons.,Johan(n) Arndt,Drammen,Drammen,59.7439,10.2045
1794,Doc3708OCR.png,Doc3708OCR,1,KH,,,"Sverdrup, Edvard",Hvorledes Luther blev reformator.,1917,Kra.,,Edvard Sverdrup,Kra.,Oslo,59.9139,10.7522
1795,Doc3334OCR.png,Doc3334OCR,1,ST,,,"Schaf, Philipp",Die Sünde wider den heiligen Geist und die daraus gezogenen dogmatischen und ethischen Folgerungen ... Anh. über das Lebensende des Francesco Spiera.,1841,Halle,,Philipp Schaf,Halle,Halle (Saale),51.4828,11.9695
1796,Doc3421OCR.png,Doc3421OCR,1,NV,60,Botanikk,"Schübeler, F(redrik) C(hristian)","Væxtlivet i Norge, med særligt Hensyn til Plantegeographien.",1879,Chra.,,"Schübeler, Fredrik Christian",Chra.,Oslo,59.9139,10.7522
1797,Doc2281OCR.png,Doc2281OCR,1,GT,20,"Ordbøker, konkordanser og grammatikker","König, Eduard",Hebräisches und aramäisches Wörterbuch,1910,Lpz.,,"König, Eduard",Lpz.,Leipzig,51.3397,12.3731
1798,Doc3710OCR.png,Doc3710OCR,1,KH,141,Luther-studier,"Sverdrup, Edv(ard)",Luther som bibeloversætter.,,Kra.,,"Sverdrup, Edvard",Kra.,Oslo,59.9139,10.7522
1799,Doc2692OCR.png,Doc2692OCR,1,NT,,,Molyneux Capel,Israel's future. Lectures.,1860,London,6.th Ed.,Molyneux Capel,London,London,51.5074,-0.1278
1800,Doc1223OCR.png,Doc1223OCR,1,SV,30,Semittiske språk,"Erman, Adolf",Die Hieroglyphen.,1912,Berlin,,"Erman, Adolf",Berlin,Berlin,52.52,13.405
1801,Doc3676OCR.png,Doc3676OCR,1,RV,10,Religionshistorie,"Strauss und Torney, Victor von",Essays zur Allgemeinen Religionswissenschaft.,1879,Heidelb.,,"Strauss und Torney, Victor von",Heidelb.,Heidelberg,49.3988,8.6724
1802,Doc1422OCR.png,Doc1422OCR,1,GT,70,Gammeltestamentlig bibelteologi og religionshistorie,"Færden, M.J.",Det Gamle Testament i Lyset af den nye Bibelforskning.,1902,Kra.,,"Færden, M.J.",Kra.,Oslo,59.9139,10.7522
1803,Doc2125OCR.png,Doc2125OCR,1,Ge,10,"Reiseskildringer, atlas","Kiepert, Heinrich",Lehrbuch der alten Geographie.,1878,Berlin,,"Kiepert, Heinrich",Berlin,Berlin,52.52,13.405
1804,Doc0760OCR.png,Doc0760OCR,1,ST,,,"Carus, Carl Gustav",Vergleichende Psychologie oder Geschichte der Seele in der Reihenfolge der Thierwelt.,1866,Wien,,"Carus, Carl Gustav",Wien,Vienna,48.2082,16.3738
1805,Doc0096OCR.png,Doc0096OCR,1,Li,30,Greske klassikere,"Aristophane(s), A. Jacquet",Extraits (texte grec) préc. d'études préliminaires sur les origines de la comédie grecque et sur Aristophane contenant des résumés ... et des notes ...,,Paris,u.å.,Aristophanes,Paris,Paris,48.8566,2.3522
1806,Doc1625OCR.png,Doc1625OCR,1,KH,,,"Hagenbach, K(arl) R(udolf)",Lehrbuch der Dogmengeschichte.,1847,Lpz.,2. verb. Aufl.,"Hagenbach, Karl Rudolf",Lpz.,Leipzig,51.3397,12.3731
1807,Doc2081OCR.png,Doc2081OCR,1,Hi,10,Politisk historie og kulturhistorie,"Jaabæk, Søren",Englands Historie,1890,Stvg.,"h.3.,6.","Jaabæk, Søren",Stvg.,Stavanger,58.9699756,5.7331073
1808,Doc0729OCR.png,Doc0729OCR,1,KH,,,"Baardsen, Gabr(iel)",Bethania-Stiftelserne i deres første 25 Aar. Et Festskrift.,1902,Stvg.,2 ekspl.,"Baardsen, Gabriel",Stvg.,Stavanger,58.9699756,5.7331073
1809,Doc1483OCR.png,Doc1483OCR,1,GT,20,"Ordbøker, konkordanser og grammatikker","Girdlestone, Robert Baker",Synonyms of the Old Testament; their bearing on Christian faith and practice.,1871,London,,"Girdlestone, Robert Baker",London,London,51.5074,-0.1278
1810,Doc3251OCR.png,Doc3251OCR,1,KH,,,"Roll, Karl",Pavekirkens Historie,1894,Kra.,2 ekspl.,"Roll, Karl",Kra.,Kristiania,59.9139,10.7522
1811,Doc2335OCR.png,Doc2335OCR,1,MV,121,Misjon og kirke i Kina,"Lechler, R.",Acht Vorträge über China,1861,Basel,,"Lechler, R.",Basel,Basel,47.5596,7.5886
1812,Doc2335OCR.png,Doc2335OCR,2,MV,121,Misjon og kirke i Kina,"Kolde, Th.",Die Heilsarmee (The Salvation army) nach eigener Anschauung und nach ihren Schriften.,1885,Erlangen,,"Kolde, Th.",Erlangen,Erlangen,49.5906,11.1975
1813,Doc2002OCR.png,Doc2002OCR,1,ST,,,"Jansen, J(ens) J(onas)",Tro. Psykologisk skizze.,1907,Kra.,,"Jansen, Jens Jonas",Kra.,Oslo,59.9139,10.7522
1814,Doc3145OCR.png,Doc3145OCR,1,SV,20,Indogermanske språk [-> Indoeuropeiske språk],,The public school Latin primer,1883,London,,,London,London,51.5074,-0.1278
1815,Doc1837OCR.png,Doc1837OCR,1,SV,20,Indogermanske språk [-> Indoeuropeiske språk],"Hofgaard, S(imon) W(right)",Tysk grammatik til skolebrug.,1888,Kra.,2. opl.,"Hofgaard, Simon Wright",Kra.,Oslo,59.9139,10.7522
1816,Doc1092OCR.png,Doc1092OCR,1,KH,,,"Dreyer, Peder","""Fremtidslinjen"" Klipp av ""Dagen""",1920,,,"Dreyer, Peder",,,,
1817,Doc2121OCR.png,Doc2121OCR,1,Va,20,?,"Kidd, Benjamin",Social evolution,1895,London,15 th thous.,"Kidd, Benjamin",London,London,51.5074,-0.1278
1818,Doc4059OCR.png,Doc4059OCR,1,NT,90,Nytestamentlig teologi. Urkirkens historie,"Weiss, Bernhard",Lehrbuch der Biblischen Theologie des Neuen Testaments,1895,Berlin,6. verb. Aufl.,"Weiss, Bernhard",Berlin,Berlin,52.52,13.405
1819,Doc0772OCR.png,Doc0772OCR,1,GT,40,Israels historie,"Caspari, C(arl) P(aul)",Uber den syrisch-ephraimitischen Krieg unter Jotham und Ahas.,1849,Chra.,,"Caspari, Carl Paul",Chra.,Oslo,59.9139,10.7522
1820,Doc0772OCR.png,Doc0772OCR,2,GT,40,Israels historie,"Caspari, C(arl) P(aul)",Beitrage zur Einleitung in das Buch Jesaia,1848,Berl.,,"Caspari, Carl Paul",Berl.,Berlin,52.52,13.405
1821,Doc0058OCR.png,Doc0058OCR,1,PT,,,,Alterbok for den norske Kirke,1893,Kra.,,,Kra.,Oslo,59.9139,10.7522
1822,Doc0993OCR.png,Doc0993OCR,1,MS;DB,,,"Dahle, Lars",Uddrag af Bleek comp. Gram. of South Afr. Langu. 1. Del (Phonology),1887,Antan.,,Lars Dahle,Antan.,Antananarivo,,
1823,Doc2737OCR.png,Doc2737OCR,1,MV;DB,10,,"Mullens, Joseph","London and Calcutta compared in their Heathenism, their Privileges and their Prospects",1869,London,,Joseph Mullens,London,London,51.5074,-0.1278
1824,Doc0529OCR.png,Doc0529OCR,1,NV;DB,60,,"Blytt, Mathias: Numsen",Norges Flora eller Beskrivelser over de i Norge vildtvoxende Karplanter,1861,Chra.,Skr.,Mathias Blytt,Chra.,Oslo,59.9139,10.7522
1825,Doc2083OCR.png,Doc2083OCR,1,ST;DB,,,"Kaftan, Julius",Dogmatik,1901,Tüb.,3.-4. verb. Aufl.,Julius Kaftan,Tüb.,Tübingen,48.5221,9.0522
1826,Doc0509OCR.png,Doc0509OCR,1,ST;DB,,,"Blair, Hugh",Lectures on rhetoric and belles lettres,1868,London,A new ed.,Hugh Blair,London,London,51.5074,-0.1278
1827,Doc1231OCR.png,Doc1231OCR,1,SV;DB,20,,"Eskeland, Lars",Norsk formlæra,1892,Bergen,,Lars Eskeland,Bergen,Bergen,60.3913,5.3221
1828,Doc1231OCR.png,Doc1231OCR,2,SV;DB,20,,"Eskeland, Lars",Norsk formlæra,1902,Kra.,5. utg.,Lars Eskeland,Kra.,Oslo,59.9139,10.7522
1829,Doc2743OCR.png,Doc2743OCR,1,SV;DB,,,"Munch, P. A.",Det gotiske Sprogs Formlære med korte Læsestykker og Ordregister,1848,Chra.,,P. A. Munch,Chra.,Oslo,59.9139,10.7522
1830,Doc2062OCR.png,Doc2062OCR,1,Va;DB,20,,"Juel-Hansen, N.",Samfundslivet - i Fortid og Nutid,1895,Kbh.,,N. Juel-Hansen,Kbh.,Copenhagen,55.6761,12.5683
1831,Doc3550OCR.png,Doc3550OCR,1,Li,30,Greske klassikere,Sophokles,Tragedies of Sophocles: In English prose. The Oxford transl. New ed. rev.,1849,London,,,London,London,51.5074,-0.1278
1832,Doc2576OCR.png,Doc2576OCR,1,ST,,,"Martensen, H(ans)",Den christelige Ethik 5.-4. Opl. B.1-3.,1884,Kbh.,,"Martensen, H.",Kbh.,Copenhagen,55.6761,12.5683
1833,Doc0325OCR.png,Doc0325OCR,1,GT,10,Tekstutgaver og oversettelser,,Bibelen. G.T. Svensk. 1917 Gamla testamentet. De kanoniska böckerna. Overs. ... 1917.,1918,Sth.,,,Sth.,Stockholm,59.3293,18.0686
1834,Doc2721OCR.png,Doc2721OCR,1,MV,138,Misjon og kirke på Madagaskar,"Moss, C.F.",Ny fivavahana kristiana: ...,1877,Antan.,,"Moss, C.F.",Antan.,Antananarivo,-18.8792,47.5079
1835,Doc1388OCR.png,Doc1388OCR,1,NV,70,Medisin og helse,"Friedlaender, Carl",Microscopische Technik zum Gebrauch bei medicinischen und pathologisch-anatomischen Untersuchungen. 3. verm. Aufl.,1886,Berlin,,"Friedländer, Carl",Berlin,Berlin,52.52,13.405
1836,Doc1009OCR.png,Doc1009OCR,1,NV,50,Zoologi,"Darwin, Charles",Arternes oprindelse gjennem naturligt udvalg. ... Overs. efter orig. 6.udg. af Ingebret Suleng.,,Fagerstrand pr. Høvik,,"Darwin, Charles",Fagerstrand pr. Høvik,"Fagerstrand, Høvik",,
1837,Doc4014OCR.png,Doc4014OCR,1,NT,,,"Wahl, Christian Abraham",Clavis Novi Testamenti philologica. Ed. 3. emend. auct.,1843,Lips.,,"Wahl, Christian Abraham",Lips.,Leipzig,51.3397,12.3731
1838,Doc0689OCR.png,Doc0689OCR,1,SV,20,Indogermanske språk [-> Indoeuropeiske språk],"Bulle, Oscar & Guiseppe Rigutini",Neues italienisch-deutsches und deutsch-italienisches Wörterbuch. Zweite Band: Deutsch-Italienisch. 7.Aufl.,1922,Lpz.,,"Bulle, Oscar & Rigutini, Giuseppe",Lpz.,Leipzig,51.3397,12.3731
1839,Doc3367OCR.png,Doc3367OCR,1,ST,,,"Schleiermacher, Friedrich",Monologer. En Nytaarsgave. Overs. af Christian Winther,1847,Kbh.,2. Opl.,"Schleiermacher, Friedrich",Kbh.,Copenhagen,55.6761,12.5683
1840,Doc0299OCR.png,Doc0299OCR,1,GT,10,Tekstutgaver og oversettelser,S. Baer,Bibelen. G.T. Salmene. Hebraisk. Liber Psalmorum Hebraicus,1861,Lips.,(Ed.),S. Baer,Lips.,Leipzig,51.3397,12.3731
1841,Doc2613OCR.png,Doc2613OCR,1,Li,80,Norrøn og nordisk litteratur,"Meisling, Simon","Digte fra Oldtiden, overs. og oplyste. B.1-3",1832,Kbh.,7 H. i 3 B.,"Meisling, Simon",Kbh.,Copenhagen,55.6761,12.5683
1842,Doc0567OCR.png,Doc0567OCR,1,MV,138,Misjon og kirke på Madagaskar,"Borchgrevink, Johanna",Fra Pigeasylet i Antananarivo,1885,Kra.,,"Borchgrevink, Johanna",Kra.,Oslo,59.9139,10.7522
1843,Doc2657OCR.png,Doc2657OCR,1,PT,92,Annen oppbyggelseslitteratur,"Miller, J.R.","Girls, faults and ideals. A friendly talk with quotations from young men's letters.",1896,London,,"Miller, J.R.",London,London,51.5074,-0.1278
1844,Doc1871OCR.png,Doc1871OCR,1,Li,30,Greske klassikere,Homer,Homers Odyssée. Overs: af Christian Wilster. 1ste Deel.,1878,Kbh.,4de Opl.,Homer,Kbh.,Copenhagen,55.6761,12.5683
1845,Doc0148OCR.png,Doc0148OCR,1,ST,,,"Bain, Alexander",Mind and body. The theories of their relation.,1874,London,3rd ed.,"Bain, Alexander",London,London,51.5074,-0.1278
1846,Doc1976OCR.png,Doc1976OCR,1,PT,80,Hymnologi og kirkemusikk,"Isaachsen, Christian Abel",Psalmebog for Kirken og Hjemmet Efter de to nye Evangelierækker.,1890,Bergen,,"Isaachsen, Christian Abel",Bergen,Bergen,60.3913,5.3221
1847,Doc2752OCR.png,Doc2752OCR,1,PT,92,Annen oppbyggelseslitteratur,"Murray, Andrew",Hvorfor tror du ikke?,1899,Kra.,,"Murray, Andrew",Kra.,Oslo,59.9139,10.7522
1848,Doc2387OCR.png,Doc2387OCR,1,Le,20,Ordbøker – moderne språk og latin,"Littré, E(mile)",Dictionnaire de la langue francaise abr. avec un suppl. ... par A. Beaujean,1886,Paris,8 e ed.,"Littré, Émile",Paris,Paris,48.8566,2.3522
1849,Doc2691OCR.png,Doc2691OCR,1,MV,10,Misjonsteori – allment,"Moltke, J.",Missionsmotiver,1914,Kbh.,,"Moltke, J.",Kbh.,Copenhagen,55.6761,12.5683
1850,Doc0281OCR.png,Doc0281OCR,1,GT,10,Tekstutgaver og oversettelser,Fr. Buhl (m.fl.),Bibelen. G.T. Dansk. Det gamle Testamente overs.,1910,Kbh.Kra.,,Fr. Buhl et al.,Kbh.Kra.,Copenhagen and Oslo,,
1851,Doc2409OCR.png,Doc2409OCR,1,PT,92,Annen oppbyggelseslitteratur,"Lotman, Bernhard",En forbryder. Fortælling for ungdommen,1893,Kra.,,"Lotman, Bernhard",Kra.,Oslo,59.9139,10.7522
1852,Doc2368OCR.png,Doc2368OCR,1,SV,30,Semittiske språk,"Levy, M.A.",Phönizisches Wörterbuch,1864,Breslau,,"Levy, M.A.",Breslau,Wrocław,51.1079,17.0385
1853,Doc4165OCR.png,Doc4165OCR,1,ST,,,"Zeller, Eduard",Die Philosophie der Griechen in ihrer geschichtlichen Entwicklung,1852,Tüb.,1.22. umgearb. Aufl. T. I-III.,"Zeller, Eduard",Tüb.,Tübingen,48.5216,9.0576
1854,Doc1573OCR.png,Doc1573OCR,1,KH,,,"Graul, K(arl)",De forskjellige kristelige Bekjendelsers indbyrdes afvigende Læresætninger,1855,Kra.,3. Opl. af Karl Martin Breien,"Graul, Karl",Kra.,Oslo,59.9139,10.7522
1855,Doc0107OCR.png,Doc0107OCR,1,KH,,,"Arnesen, J.","Statskirke, Frikirke, fri Folkekirke",1911,Kra.,2 ekspl.,"Arnesen, J.",Kra.,Oslo,59.913868,10.752245
1856,Doc1781OCR.png,Doc1781OCR,1,Va,20,?,"Hertzberg, N(ils Christian Egede)",Om Forslagene til nye Love for Folkeskolen,1888,Kra.,2. Opl.,"Hertzberg, Nils Christian Egede",Kra.,Oslo,59.913868,10.752245
1857,Doc2520OCR.png,Doc2520OCR,1,PT,92,Annen oppbyggelseslitteratur,"Macalpine, George Watson",The Note of Certainty in Preaching,1912,London,,"Macalpine, George Watson",London,London,51.5074,-0.1278
1858,Doc3487OCR.png,Doc3487OCR,1,GT,20,"Ordbøker, konkordanser og grammatikker","Simon, Joh.",Introductio grammatica-critica in linguam Hebraicam ... Appendix de lingua Chaldaica,1753,Hala Magdeb.,,"Simon, Joh.",Hala Magdeb.,"Halle, Magdeburg",51.5142,11.9534
1859,Doc0297OCR.png,Doc0297OCR,1,GT,10,Tekstutgaver og oversettelser,,Bibelen. G.T. Pentateuch. Hebraisk. Pentateuchus ... rev. ... a C.D.Ginsburg,1908,London,,,London,London,51.5074,-0.1278
1860,Doc1110OCR.png,Doc1110OCR,1,ST,,,"Dunkmann, Pastor Lic.",Modern Theologie alten Glaubens,1906,Gütersl.,,"Dunkmann, Pastor Lic.",Gütersl.,Gütersloh,51.9057,8.3858
1861,Doc2530OCR.png,Doc2530OCR,1,ST,,,"Mc'Ilvaine, Charles Pettit","The evidences of Christianity, Reprint.",1851,Edinb.,,"Mc'Ilvaine, Charles Pettit",Edinb.,Edinburgh,55.9533,-3.1883
1862,Doc0995OCR.png,Doc0995OCR,1,MS,,,"(Dahle, Lars)",Vulkanologien (efter Prof. Judd),,,,"Dahle, Lars",,,,
1863,Doc0633OCR.png,Doc0633OCR,1,ST,,,"Brun, Chr(isten)",Statskirke eller fri folkekirke.,1912,Kra.,,"Brun, Christen",Kristiania,Oslo,59.9139,10.7522
1864,Doc2414OCR.png,Doc2414OCR,1,MV,10,Misjonsteori – allment,"Lüken, Heinrich",Die Traditionen des Menschengeschlechts oder die Ur-Offenbarung Gottes unter den Heiden. 2. Aufl.,1869,Münster,2. Aufl.,"Lüken, Heinrich",Münster,Münster,51.9607,7.6261
1865,Doc2278OCR.png,Doc2278OCR,1,GT,,,"König, Eduard",Bibel und Babel 3. Aufl.,1902,Berlin,3. Aufl.,"König, Eduard",Berlin,Berlin,52.52,13.405
1866,Doc2860OCR.png,Doc2860OCR,1,MV,60,Norsk misjon - andre norske misjonsselskap,Det Norsk lutherske kinamissionsforbund,Aarsberetning 1915; Kra. 1916. Bilag til Kineseren nr.26. 1916.,1916,Kra.,,Det Norsk lutherske kinamissionsforbund,Kristiania,Oslo,59.9139,10.7522
1867,Doc2860OCR.png,Doc2860OCR,2,MV,60,Norsk misjon - andre norske misjonsselskap,,Aarbok 1917; Kra. 1918. Bilag til Kineseren nr.25-26. 1918.,1918,Kra.,,,Kristiania,Oslo,59.9139,10.7522
1868,Doc4004OCR.png,Doc4004OCR,1,MV,121,Misjon og kirke i Kina,"Voskamp, C.J.",Zerstörende und aufbauende Mächte in China. 3. Aufl.,,Berlin u.å.,3. Aufl.,"Voskamp, C.J.",Berlin u.å.,Berlin and others,52.52,13.405
1869,Doc1259OCR.png,Doc1259OCR,1,NT,,,"Ewald, Heinrich",Geschichte Christus's und seiner Zeit. 2. Ausg.,1857,Gött.,2. Ausg.,"Ewald, Heinrich",Göttingen,Göttingen,51.5403,9.9158
1870,Doc1147OCR.png,Doc1147OCR,1,Te,10,Matematikk,"Eckhoff, W(ilhelm) A(ndreas)",Arithmetik og Algebra...,1879,Kra.,D.1.,"Eckhoff, Wilhelm Andreas",Kristiania,Oslo,59.9139,10.7522
1871,Doc1147OCR.png,Doc1147OCR,2,Te,10,Matematikk,,Facitbog.,1881,Kra.,,,Kristiania,Oslo,59.9139,10.7522
1872,Doc2182OCR.png,Doc2182OCR,1,KH,80,Norges kirkehistorie,"Klæboe, H.B. utg.",Kristelig folkekalender. Aarbok for 1894.,1893,Kra.,,"Klæboe, H.B. utg.",Kristiania,Oslo,59.9139,10.7522
1873,Doc1229OCR.png,Doc1229OCR,1,KH,80,Norges kirkehistorie,"Esche, Thora","Rejs Dig, mit Folk.",1908,Aarhus,,"Esche, Thora",Aarhus,Aarhus,56.162939,10.203921
1874,Doc1284OCR.png,Doc1284OCR,1,NT,,,"Farrar, Frederic W.",The life of Christ.,1874,London,11th Ed.,"Farrar, Frederic W.",London,London,51.5074,-0.1278
1875,Doc1420OCR.png,Doc1420OCR,1,KH,,,,"Prest Lars Oftedahl og ""Vestlandsposten"" belyst ved Aktstykker.",1886,Kra.,,,Kra.,Oslo,59.9139,10.7522
1876,Doc1308OCR.png,Doc1308OCR,1,NV,50,Zoologi,"Figuier, Louis",The insect world: A new ed. rev.,1872,Lond.,,"Figuier, Louis",Lond.,London,51.5074,-0.1278
1877,Doc2188OCR.png,Doc2188OCR,1,SV,20,Indogermanske språk [-> Indoeuropeiske språk],"Knudsen, D(avid) F(aye)",Fransk læsebog af D.F. Knudsen og N.Th. Wallem. 3. For gymnasier.,1888,Kra.,,"Knudsen, D. F.",Kra.,Oslo,59.9139,10.7522
1878,Doc2887OCR.png,Doc2887OCR,1,SV,20,Indogermanske språk [-> Indoeuropeiske språk],"Nyrop, Kristoffer",Kortfattet fransk Lydlære,1893,Kbh.,,"Nyrop, Kristoffer",Kbh.,Copenhagen,55.6761,12.5683
1879,Doc0449OCR.png,Doc0449OCR,1,NT,10,Tekstutgaver og oversettelser,,Bibelen. N.T. & Salm. Norsk. Det Nye Testamente og Salmernes Bog I ny Overs.,1906,Kra.,,,Kra.,Oslo,59.9139,10.7522
1880,Doc3069OCR.png,Doc3069OCR,1,Li,30,Greske klassikere,Pindar(os),Syv Oder overs. af Thor Lange,1900,Kbh.,,Pindar(os),Kbh.,Copenhagen,55.6761,12.5683
1881,Doc3549OCR.png,Doc3549OCR,1,Li,30,Greske klassikere,Sophokles,Quae exstant omnia cum veterum grammaticorum scholiis,1819,London,3 t.,Sophocles,London,London,51.5074,-0.1278
1882,Doc0595OCR.png,Doc0595OCR,1,ST,,,"Breitung, A.",Abeteorien Bankeot og vor populære Darwinisme,1899,Kbh.,,"Breitung, A.",Kbh.,Copenhagen,55.6761,12.5683
1883,Doc3349OCR.png,Doc3349OCR,1,NV,70,Medisin og helse,"Schelske, Rudolf",Lehrbuch der Augenheilkunde,1874,Berlin,,"Schelske, Rudolf",Berlin,Berlin,52.52,13.405
1884,Doc2729OCR.png,Doc2729OCR,1,MV,10,Misjonsteori – allment,"Mott, John R.",Verdens evangelisering i dette slægtled,1901,Kra.,,"Mott, John R.",Kra.,Oslo,,
1885,Doc2955OCR.png,Doc2955OCR,1,SV,20,Indogermanske språk [-> Indoeuropeiske språk],,Orthographieblätter für die Hand der Schüler. Neueste Orthographie (1902) 14. Aufl.,1902,Gumbinnen,14. Aufl.,,Gumbinnen,Gusev,54.5928,22.2001
1886,Doc1178OCR.png,Doc1178OCR,1,ST,40,Etikk og moral,"Ellefsen, Olaf",Om moralens oprindelse. En psychologisk undersøgelse af moralspørgsmaalet med en udsigt over dets drøftelse i den engelske filosofi,1893,Kra.,,"Ellefsen, Olaf",Kra.,Oslo,,
1887,Doc2136OCR.png,Doc2136OCR,1,PT,80,Hymnologi og kirkemusikk,"Kingo, Th(omas)","Den forordnede Kirke-Psalmebog, tilligemed Collecter, Epistler og Evangelier, LIdelses-Historien, Kirke samt andre bønner",1854,Chra.,,"Kingo, Thomas",Chra.,Oslo,59.9139,10.7522
1888,Doc2406OCR.png,Doc2406OCR,1,ST,50,Apologetikk,"Loofs, Friedrich",Anti-Haeckel. Eine Replik nebst Beilagen,1900,Halle a. S.,3. Aufl.,"Loofs, Friedrich",Halle a. S.,Halle,51.4823,11.9699
1889,Doc1269OCR.png,Doc1269OCR,1,SV,10,Språkvitenskap – allment,"Falk, Hjalmar",Kulturminder i ord.,1900,Kra.,,"Falk, Hjalmar",Kra.,Oslo,59.9139,10.7522
1890,Doc0353OCR.png,Doc0353OCR,1,NT,,,Edward Robinson,A Harmony of the 4 Gospels,,London,,"Robinson, Edward",London,London,51.5074,-0.1278
1891,Doc1588OCR.png,Doc1588OCR,1,Bi,50,Kommentarverk til hele Bibelen,"Grotius, Hugo",Annotationes in Vetus Testamentum,1775,Hala,T.1-3.,"Grotius, Hugo",Halle,Halle,51.4825,11.9694
1892,Doc1588OCR.png,Doc1588OCR,2,Bi,50,Kommentarverk til hele Bibelen,"Grotius, Hugo",Annotationes in Novum Testamentum,1756,Erlanga/Hala,"ed.1.,2.","Grotius, Hugo",Erlangen/Halle,Erlangen/Halle,49.5966,11.1949
1893,Doc1646OCR.png,Doc1646OCR,1,ST,,,"Halley, Robert",The sacraments. An inquiry...,1854,London,2 nd ed. P.1-2.,"Halley, Robert",London,London,51.5074,-0.1278
1894,Doc2366OCR.png,Doc2366OCR,1,Jød,,,"Levy, J.",Chaldäisches Wörterbuch über die Targumim und einen grossen Theil des rabbinischen Schriftthums.,1867,Lpz.,2 B. 4°,"Levy, J.",Leipzig,Leipzig,51.3397,12.3731
1895,Doc0945OCR.png,Doc0945OCR,1,MS,,,"(Dahle, Lars)","Ethik (Momenter i Tilslutning til Johnson, tildels",,,,"Dahle, Lars",,,,
1896,Doc2864OCR.png,Doc2864OCR,1,MV,50,Norsk misjon - Det Norske Misjonsselskap,,Forslag til vedtegter for pensionskasse for hjemmearbeidere.,,U.s.,u.å.,,Oslo,Oslo,59.9139,10.7522
1897,Doc1041OCR.png,Doc1041OCR,1,SV,20,Indogermanske språk [-> Indoeuropeiske språk],"Demoulin, Gustave",Lecons de choses (Les solides - l'eau - l'air)...,1881,Paris,,"Demoulin, Gustave",Paris,Paris,48.8566,2.3522
1898,Doc1190OCR.png,Doc1190OCR,1,PT,92,Annen oppbyggelseslitteratur,"Engel, H. utg.","Die grössten Geister über die höchsten Fragen. Aussprüche und Charakterzüge erster, nicht-theologischer Autoritäten des 19. Jahrhunderts. 2. erw. Aufl.",,Lpz. u.ä.,2. erw. Aufl.,"Engel, H.",Lpz.,Leipzig,51.3397,12.3731
1899,Doc2910OCR.png,Doc2910OCR,1,GT,40,Israels historie,"Oettli, S. und A. Schlatter","Die Geschichte Israels. 1., 2. Aufl.",1905,Calw,"1., 2. Aufl.","Oettli, S. und A. Schlatter",Calw,Calw,48.8333,8.7333
1900,Doc2910OCR.png,Doc2910OCR,2,GT,40,Israels historie,Oettli,Geschichte Israels bis auf Alexander den Grossen,1905,,,Oettli,,,,
1901,Doc2910OCR.png,Doc2910OCR,3,GT,40,Israels historie,Schlatter,— von Alexander dem Grossen bis Hadrian. 2. erw. Aufl.,1906,,2. erw. Aufl.,Schlatter,,,,
1902,Doc2261OCR.png,Doc2261OCR,1,GT,30,Innledningsvitenskap,"Kurtz, Joh(ann) Heinr(ich)",Geschichte des alten Bundes. B 1./2.,,Berl.,B 1./2.,"Kurtz, Johann Heinrich",Berl.,Berlin,52.52,13.405
1903,Doc2261OCR.png,Doc2261OCR,2,GT,30,Innledningsvitenskap,,Anh. zum 2.B. Die Gesetzgebung 1.Th. Das Cultusgesetz.,1862,Mitan,,,Mitan,,,
1904,Doc2261OCR.png,Doc2261OCR,3,GT,30,Innledningsvitenskap,Philipp Schaff,Geschichte der apostolischen Kirche,1854,Lpz.,,Philipp Schaff,Lpz.,Leipzig,51.3397,12.3731
1905,Doc1411OCR.png,Doc1411OCR,1,PT,92,Annen oppbyggelseslitteratur,"Funcke, O(tto)",Kristelige Smaastykker. Overs. af Hersleb Sverdrup.,1878,Bergen,H.1.,"Funcke, Otto",Bergen,Bergen,60.3913,5.3221
1906,Doc0263OCR.png,Doc0263OCR,1,Bi,40,Bibelutgaver,,Bibelen. Arabisk,,,,,,,,
1907,Doc2120OCR.png,Doc2120OCR,1,Et,30,Norsk etnologi,"Keyser, R(udolf)",Samlede Afhandlinger.,1868,Chra.,,"Keyser, Rudolf",Chra.,Oslo,59.9139,10.7522
1908,Doc1547OCR.png,Doc1547OCR,1,Te,10,Matematikk,"Guldberg, A(xel) S(ophus)",Elementær Plan Geometri.,1870,Chra.,,"Guldberg, Axel Sophus",Chra.,Oslo,59.9139,10.7522
1909,Doc0183OCR.png,Doc0183OCR,1,Va,10,?,Baseler Missionsgesellschaft. Hg.,Traktate und kleinere Schriften.,1878,Basel,,Baseler Missionsgesellschaft,Basel,Basel,47.5596,7.5886
1910,Doc1121OCR.png,Doc1121OCR,1,NT,,,"Dächsel, August","St. Paulus's Breve med en i Texten indskudt Fortolkning, ... Besørget overs. ved E.F. Eckhoff.",1889,Bergen,,"Dächsel, August",Bergen,Bergen,60.39299,5.32415
1911,Doc2966OCR.png,Doc2966OCR,1,Jød,40,Rabbinismen,"Otho, Joh. Heinrich","Lexicon rabbinico-philologicum, ... In limine positum est Massechot schekalim",1675,Geneva,,"Otho, John Heinrich",Geneva,Geneva,46.20439,6.14316
1912,Doc2246OCR.png,Doc2246OCR,1,ST,35,Systematisk teologi – monografier,"Krogh-Tønning, K.",Die Gnadenlehre und die stille Reformation.,1894,Kra.,,"Krogh-Tønning, K.",Kra.,Oslo,59.91386,10.75225
1913,Doc4186OCR.png,Doc4186OCR,1,ST,20,Prinsipplære og religionshistorie,"Martensen, H.",Den menneskelige Selvbevidstheds Autonomie i vor Tids dogmatiske Theologie. Paa Dansk udg. af L.V. Petersen.,1841,Kbh.,,"Martensen, Hans Lassen",Kbh.,Copenhagen,55.6761,12.5683
1914,Doc4186OCR.png,Doc4186OCR,2,ST,20,Prinsipplære og religionshistorie,"Byblæus, Axel",Er en practisk Philosophi mulig efter Hegels Verdensanskuelse ?. Critisk Betragtning. Overs. af P. Klein,1855,Kbh.,,"Byblæus, Axel",Kbh.,Copenhagen,55.6761,12.5683
1915,Doc2119OCR.png,Doc2119OCR,1,Et,30,Norsk etnologi,"Keyser, R(udolf)","Efterladte Skrifter. B. 1-2,2.",1866,Chra.,,"Keyser, Rudolf",Chra.,Oslo,59.91386,10.75225
1916,Doc2119OCR.png,Doc2119OCR,2,Et,30,Norsk etnologi,,,1867,Chra.,,,Chra.,Oslo,59.91386,10.75225
1917,Doc3679OCR.png,Doc3679OCR,1,PT,,,"Stromberger, Chr. M.",Troens Seier i Döden. Vidnesbyrd fra Døendes Læber. Bearb.,1881,Kra.,,"Stromberger, Christian M.",Kra.,Oslo,59.91386,10.75225
1918,Doc1079OCR.png,Doc1079OCR,1,Li,20,Arabisk og orientalsk litteratur,Djelali,Contes & chants arméniens ... transcrits et trad.,1899,Paris,,Djelali,Paris,Paris,48.8566,2.3522
1919,Doc2556OCR.png,Doc2556OCR,1,MV,138,Misjon og kirke på Madagaskar,,Malagasy Plants in the L.M.S. College.,,U.s.u.a.,40,,U.s.u.a.,,,
1920,Doc1794OCR.png,Doc1794OCR,1,ST,50,Apologetikk,"Heuch, J(ohan) C(hristian)",Mod Strømmen.,1902,Kra.,,"Heuch, Johan Christian",Kra.,Oslo,59.9139,10.7522
1921,Doc1127OCR.png,Doc1127OCR,1,Hi,10,Politisk historie og kulturhistorie,"Daa, Ludvig Kr(istensen)",Lærebog i Oldtidens Historie,1866,Kra.,,"Daa, Ludvig Kristensen",Kra.,Oslo,59.9139,10.7522
1922,Doc1071OCR.png,Doc1071OCR,1,MV,138,Misjon og kirke på Madagaskar,Unknown,Dinika ndRatiahavana mianakavy.,1875,Antan.,,,Antan.,Antananarivo,-18.8792,47.5079
1923,Doc0960OCR.png,Doc0960OCR,1,MS,,,"Dahle, L(ars)","Kristi Gjenkomst og ""Verdens Ende""",,,Håndskrevet.,"Dahle, Lars",,,,
1924,Doc0829OCR.png,Doc0829OCR,1,Li,40,Latinske klassikere,Cicero,Cato der Aeltere. Forts.,,,,Cicero,,,,
1925,Doc0829OCR.png,Doc0829OCR,2,Li,40,Latinske klassikere,Properz,Elegieen des Properz.,,,von Ludwig von Knebel.,Propertius,,,,
1926,Doc0829OCR.png,Doc0829OCR,3,Li,40,Latinske klassikere,Platon,Gastmahl oder Gespräch über die Liebe.,,,Ubers. von Friedrich Schleiermacher. - Max Oberbreyer.,Plato,,,,
1927,Doc0829OCR.png,Doc0829OCR,4,Li,40,Latinske klassikere,Anakreon,,,,Ubers. von H.A. Junghaus.,Anacreon,,,,
1928,Doc0829OCR.png,Doc0829OCR,5,Li,40,Latinske klassikere,Demosthenes,Rede für die Krone.,,,Ubers. von Friedrich Jacobs.,Demosthenes,,,,
1929,Doc3149OCR.png,Doc3149OCR,1,Le,20,Ordbøker – moderne språk og latin,"Quicherat, L(ouis)",Dictionnaire francais-latin,1866,Paris,11 e tirage.,"Quicherat, Louis",Paris,Paris,48.8566,2.3522
1930,Doc1072OCR.png,Doc1072OCR,1,ST,,,Diogenes Laërtius,De vitis dogmatibus et apothegmatibus clarorum philosophorum libri 10.,1692,Amst.,Graece et Latine ... emend. Marcus Meibomnius.,Diogenes Laërtius,Amst.,Amsterdam,52.3676,4.9041
1931,Doc2465OCR.png,Doc2465OCR,1,KH,,,(Lutherstiftelsen),"Tre Breve til Committeen for den paatænkte ""Norske Lutherstiftelse"" ... fra en Præst paa Vestlandet.",1867,Stvg.,,Lutherstiftelsen,Stvg.,Stavanger,58.1467,7.9937
1932,Doc2465OCR.png,Doc2465OCR,2,KH,,,"Nielsen, R.",Evangelietroen og Theologien.,1850,Kbh.,I sm. b.,"Nielsen, R.",Kbh.,Copenhagen,55.6761,12.5683
1933,Doc2465OCR.png,Doc2465OCR,3,KH,,,"Sibbern, Gabriel",Om Humanitet og Aand.,1857,Kbh.,,"Sibbern, Gabriel",Kbh.,Copenhagen,55.6761,12.5683
1934,Doc3621OCR.png,Doc3621OCR,1,MV,15,"Misjon - fortellinger, misjonsmotivering","Steiner, P.(aul)",Ein treuer Bekenner vom Libanon.,1891,Basel,,"Steiner, Paul",Basel,Basel,47.5596,7.5886
1935,Doc2592OCR.png,Doc2592OCR,1,Li,50,Fransk litteratur,"Massillon, (Jean Baptiste)","Petit careme, suivi des sermons sur les vices et les vertus des grands, ... Nouv. éd. par F. Lagrange.",,Paris u.å.,Nouv. éd.,"Massillon, Jean Baptiste",Paris,Paris,48.8566,2.3522
1936,Doc4040OCR.png,Doc4040OCR,1,MV,15,"Misjon - fortellinger, misjonsmotivering","Warneck, Gustav",Missionstimer. Orig. tit.: Missionsstunden.,1885,Kra.,,"Warneck, Gustav",Kra.,Oslo,,
1937,Doc2486OCR.png,Doc2486OCR,1,ST,,,"Løchen, Arne",Om J. Stuart Mills logik. En kritisk studie.,1885,Kra.,,"Løchen, Arne",Kra.,Oslo,,
1938,Doc2316OCR.png,Doc2316OCR,1,RV,90,Kinesiske religioner/filosofi,"Larsen, H.M.",Krishna. Et Stykke sammenlignende Religionshistorie.,1894,Kbh.,,"Larsen, H.M.",København,Copenhagen,55.6761,12.5683
1939,Doc1491OCR.png,Doc1491OCR,1,PT,60,Kateketikk og pedagogikk,"Gjessing, Marcus",Folkekirke og foleskole.,1914,Kra.,,"Gjessing, Marcus",Kra.,Oslo,,
1940,Doc2288OCR.png,Doc2288OCR,1,Li,50,Fransk litteratur,"La Bruyere, (Jean de)",Les caracteres,1881,Tours,,"La Bruyere, Jean de",Tours,Tours,47.3941,0.6848
1941,Doc4036OCR.png,Doc4036OCR,1,MV,10,Misjonsteori – allment,"Warneck, Gustav",Die gegenseitigen Beziehungen zwischen der modernen Mission und Cultur.,1879,Gütersl.,,"Warneck, Gustav",Gütersloh,Gütersloh,51.9048,8.3858
1942,Doc2435OCR.png,Doc2435OCR,1,KH,,,"Luther, Martin",Bordtaler. Ved Vilh. Bech. Om Guds Ord og Gjerning.,,Kbh.,u.å.,Martin Luther,Kbh.,Copenhagen,55.6761,12.5683
1943,Doc2499OCR.png,Doc2499OCR,1,PT,92,Annen oppbyggelseslitteratur,"Løhe, Wilhelm",Om Den kvindelige Eenfold. Efter Orig. 6. Opl. Overs. af J. Ernst Welhaven.,1865,Stvg.,,Wilhelm Løhe,Stvg.,Stavanger,58.9699756,5.7331073
1944,Doc2885OCR.png,Doc2885OCR,1,PT,92,Annen oppbyggelseslitteratur,,De Nykonfirmerte. Et Nutidsbillede af Margrethe.,1889,Kra.,,,Kra.,Oslo,59.9139,10.7522
1945,Doc2885OCR.png,Doc2885OCR,2,PT,92,Annen oppbyggelseslitteratur,"Ihle, Annette",Hustru og Moder. Fortælling.,1889,Bergen,,Annette Ihle,Bergen,Bergen,60.3913,5.3221
1946,Doc1135OCR.png,Doc1135OCR,1,NV,70,Medisin og helse,"Ebbell, B(endix)",Bidrag til studiet av den gammelægyptiske medicin.,1921,Kra.,,Bendix Ebbell,Kra.,Oslo,59.9139,10.7522
1947,Doc2452OCR.png,Doc2452OCR,1,KH,,,"Luther, (Martin)",Udvalg af (hans) reformations-skrifter. Overs. af Kristian Olsen.,1887,Fagerstrand pr. Høvik,,Martin Luther,Fagerstrand pr. Høvik,"Fagerstrand, Høvik",59.7394775,10.6008475
1948,Doc1179OCR.png,Doc1179OCR,1,MV,122,Misjon og kirke i India,Ellen,Adirshdam. En Skitse fra Indien.,1903,Kbh.,,Ellen,Kbh.,Copenhagen,55.6761,12.5683
1949,Doc4095OCR.png,Doc4095OCR,1,SV,20,Indogermanske språk [-> Indoeuropeiske språk],"White, John T.",An English-Latin dictionary ...,1872,London,3 rd ed.,John T. White,London,London,51.5074,-0.1278
1950,Doc0075OCR.png,Doc0075OCR,1,NV,30,Fysikk,"Andresen, M(agnus)",Lærebog i fysik.,1898,Kra.,,Magnus Andresen,Kra.,Oslo,59.9139,10.7522
1951,Doc1854OCR.png,Doc1854OCR,1,SV,20,Indogermanske språk [-> Indoeuropeiske språk],"Holmboe, C(hristopher) A(ndreas)","Det oldnorske Verbum, oplyst ved sammenligning med Sanskrit og andre",1848,Chra.,,"Holmboe, Christopher Andreas",Chra.,Oslo,59.9139,10.7522
1952,Doc3120OCR.png,Doc3120OCR,1,PT,94,Lærebøker i kristendomskunnskap,"Pontoppidan, Erich","Udtog af (hans) Forklaring, omarb. af en dertil naadigst nedsat Commission.",1861,Bergen,,"Pontoppidan, Erich",Bergen,Bergen,60.39299,5.32415
1953,Doc0953OCR.png,Doc0953OCR,1,,,,"(Dahle, Lars)",Gassisk kasuistikk. 2 b. + reg.,,,,"Dahle, Lars",,,,
1954,Doc4046OCR.png,Doc4046OCR,1,ST,,,"Weber, Auguste",Le saint bapteme.,1880,Paris,,"Weber, Auguste",Paris,Paris,48.8566,2.3522
1955,Doc3734OCR.png,Doc3734OCR,1,NV,60,Botanikk,"Sørensen, H(enrik) L(auritz)",Norsk Flora for Skoler. 3. omarb. Opl.,1878,Chra.,,"Sørensen, Henrik Lauritz",Chra.,Oslo,59.9139,10.7522
1956,Doc2601OCR.png,Doc2601OCR,1,PT,92,Annen oppbyggelseslitteratur,"Mauro, Philip",Liv i Ordet ... Overs. af L.M.Titlestad,1912,Stvg.,,"Mauro, Philip",Stvg.,Stavanger,58.9699756,5.7331073
1957,Doc1525OCR.png,Doc1525OCR,1,RV,10,Religionshistorie,"Grant, G.M.",Verdens religioner i deres forhold til kristendommen. Overs. efter orig. 34.opl. av Birger Hall.,1911,Kra.,,"Grant, G.M.",Kra.,Oslo,59.9139,10.7522
1958,Doc0340OCR.png,Doc0340OCR,1,NT,,,Bibelen. N.T. Act.,"The Acts of the Apostles transl. into the Arrawack tongue, by Theodore Schultz, in 1802.",1850,N.Y.,,,N.Y.,New York,40.7128,-74.006
1959,Doc2535OCR.png,Doc2535OCR,1,MV,138,Misjon og kirke på Madagaskar,,La Quinzaine coloniale. Organe de l'union coloniale francaise ... T. 1. No. 10-11.,1897,Paris,,,Paris,Paris,48.8566,2.3522
1960,Doc0540OCR.png,Doc0540OCR,1,GT,70,Gammeltestamentlig bibelteologi og religionshistorie,"Boehmer, Julius",Babel-Bibel-Katechismus in 500 Fragen und Antworten für Bibelfreunde.,1903,Stuttgart,,"Boehmer, Julius",Stuttgart,Stuttgart,48.7758,9.1829
1961,Doc2634OCR.png,Doc2634OCR,1,Jød,40,Rabbinismen,"Merx, Albert",Chrestomathia Targumica ...,1888,Berlin,,"Merx, Albert",Berlin,Berlin,52.52,13.405
1962,Doc0543OCR.png,Doc0543OCR,1,Li,60,Engelsk litteratur,"Bohn, Henry G.",Polyglot of foreign proverbs ...,1857,London,,"Bohn, Henry G.",London,London,51.5074,-0.1278
1963,Doc2944OCR.png,Doc2944OCR,1,ST,35,Systematisk teologi – monografier,"Ording, Johannes",Om forskjellen mellem den lutherske og den reformerte kristendom under dogmatisk synspunkt.,1906,Kristiania,H.1.,"Ording, Johannes",Kristiania,Oslo,59.9139,10.7522
1964,Doc1993OCR.png,Doc1993OCR,1,MV,138,Misjon og kirke på Madagaskar,"James, John Angell","Rabeahina manontany ny famonjena, sy atorony. Voa dikany Davida Girifisy ho teny Malagasy.",1853,London,,"James, John Angell",London,London,51.5074,-0.1278
1965,Doc1429OCR.png,Doc1429OCR,1,NV,70,Medisin og helse,"Gade, Frederik Georg",Om bakterierne.,1886,Kristiania,b,"Gade, Frederik Georg",Kristiania,Oslo,59.9139,10.7522
1966,Doc1039OCR.png,Doc1039OCR,1,Li,30,Greske klassikere,Demosthenes,Select private orations with introductions and English notes by F.A.Paley and J.E.Sandys. P.1.,1874,Cambridge,,Demosthenes,Cambridge,Cambridge,52.2053,0.1218
1967,Doc0315OCR.png,Doc0315OCR,1,GT;NT,10,,,Bibel. G.T. Genr. Norsk. 1905 Fyrste Mose-bok eller Upphavs-boki. Umsett fraa grunn-tekst (av prof. Seippel). Utg. av Det norske samlaget.,1905,Oslo,,,Oslo,Oslo,59.9139,10.7522
1968,Doc2160OCR.png,Doc2160OCR,1,Ge,20,Enkelte lands geografi,,Illustrerad vägledning för svenska lustresande i Köpenhamm.,1890,Kph.,,,Kph.,Copenhagen,55.6761,12.5683
1969,Doc1543OCR.png,Doc1543OCR,1,NT,30,"Innledning, nytestamentlig tidshistorie","Guerike, H. E. F.",Historisk-critisk Indledning til det Nye Testamente. Overs. og lempet efter de Studerendes Tarv af M.Th.Becher.,1847,Kbh.,,"Guerike, Heinrich Ernst Ferdinand",Kbh.,Copenhagen,55.6761,12.5683
1970,Doc1116OCR.png,Doc1116OCR,1,GT,60,Kommentarverk til hele GT,"Dächsel, August","De fem Mosebøger ... med en i Texten indskudt Fortolkning, ... Udg. i Overs. ved E.F.Eckhoff.",1880,Bergen,,"Dächsel, August",Bergen,Bergen,60.3925,5.3236
1971,Doc0399OCR.png,Doc0399OCR,1,NT,10,Tekstutgaver og oversettelser,,Bibel. N.T. Gresk - Tysk. Das Neue Testament griechisch und deutsch.,1898,Stuttg.,,,Stuttg.,Stuttgart,48.7758,9.1829
1972,Doc0194OCR.png,Doc0194OCR,1,PT,,,"Baur, Wilhelm",Billeder fra Evangeliske Præsters Husliv i Tydskland. Overs. fra Tysk,1880,Chra.,,"Baur, Wilhelm",Chra.,Oslo,59.9139,10.7522
1973,Doc3361OCR.png,Doc3361OCR,1,NT,,,"Schjøtt, P.O.",Questions scientifiques modernes. 1 : Religion et mythologie. 2. Le Nouveau Testament.,1898,Kra.,,"Schjøtt, P.O.",Kra.,Oslo,59.9139,10.7522
1974,Doc2653OCR.png,Doc2653OCR,1,ST,15,Filosofihistorie,"Mill, John Stuart",An examination of sir William Hamilton's philosophy. 3 rd ed.,1867,London,3 rd ed.,"Mill, John Stuart",London,London,51.5074,-0.1278
1975,Doc3351OCR.png,Doc3351OCR,1,SV,20,Indogermanske språk [-> Indoeuropeiske språk],"Schenkl, Karl",Griechisch-Deutsches und Deutsch-Griechisches Schul-Wörterbuch,1864,Wien/Lpz.,2.-3. Aufl.,"Schenk, Karl",Wien/Leipzig,Vienna/Leipzig,,
1976,Doc1935OCR.png,Doc1935OCR,1,GT,30,Innledningsvitenskap,"Hävernick, H(einrich) A(ndreas) Ch(rist)",Handbuch der historisch-kritischen Einleitung in das Alte Testament,1836,Erlangen,T.1-3,"Hävernick, Heinrich Andreas Christ",Erlangen,Erlangen,49.5908,11.1974
1977,Doc3491OCR.png,Doc3491OCR,1,ST,,,,Sjælens udødelighed: Gjennemsyn af pastor N. Kristoffersens Afhandling,1885,,,,,,,
1978,Doc4090OCR.png,Doc4090OCR,1,ST,35,Systematisk teologi – monografier,"Whately, Richard","Essays (3.ser.) on the errors of Romanism, having their origin in human nature",1850,London,4 th ed. rev.,"Whately, Richard",London,London,51.5072,-0.1276
1979,Doc2828OCR.png,Doc2828OCR,1,Ge,20,Enkelte lands geografi,"Nielsen, Yngvar",Christiania and its environs,1894,Chra.,Ill. hand-book for travellers,"Nielsen, Yngvar",Chra.,Oslo,59.9139,10.7522
1980,Doc3330OCR.png,Doc3330OCR,1,GT,50,Den nære orients arkeologi,"Sayce, A.H.",Talende Stene,1888,Kbh.,3. Udg.,"Sayce, A.H.",Kbh.,Copenhagen,55.6761,12.5683
1981,Doc2477OCR.png,Doc2477OCR,1,ST,10,Filosofi og idéhistorie,"Lyng, Ge(org) Vilh(elm)",Grundtankernes System: En udførligere Fremstilling af Logiken,1882,Chra.,D.1-3,"Lyng, Georg Vilhelm",Chra.,Oslo,59.9139,10.7522
1982,Doc2477OCR.png,Doc2477OCR,2,ST,10,Filosofi og idéhistorie,"Vold, J. Mourly","Verdensbetragtning, Sokrates og fantasi. 3 forelæsninger",1889,Kra.,,"Vold, J. Mourly",Kra.,Oslo,59.9139,10.7522
1983,Doc4129OCR.png,Doc4129OCR,1,SV,20,Indogermanske språk [-> Indoeuropeiske språk],"Wittrup, Edward B(artolin) W(aldemar)",Engelsk Grammatisk,1860,Chra.,5. gjennems. Udg.,"Wittrup, Edward Bartolin Waldemar",Chra.,Oslo,59.9139,10.7522
1984,Doc3652OCR.png,Doc3652OCR,1,NT,,,Storjohann (Johan Cordt Harmens),Johannes' Aabenbaring udlagt,1908,Kra.,,Johan Cordt Harmens Storjohann,Kra.,Oslo,59.9139,10.7522
1985,Doc3718OCR.png,Doc3718OCR,1,RV,60,Islam,,"Swahili stories from Arabic sources, with an English translation.",1881,Zanzibar,,,Zanzibar,Zanzibar,-6.1659,39.2026
1986,Doc3102OCR.png,Doc3102OCR,1,ST,10,Filosofi og idéhistorie,Plutarchos,Traités de morale de Plutarque,1847,Paris,2e b.,Plutarch,Paris,Paris,48.8566,2.3522
1987,Doc1016OCR.png,Doc1016OCR,1,Bi,20,"Bibelkunnskap, hermeneutikk","Davidson, Samuel",Sacred hermeneutics ... including a history of biblical interpretation ...,1843,Edinb.,,Samuel Davidson,Edinburgh,Edinburgh,55.9533,-3.1883
1988,Doc3743OCR.png,Doc3743OCR,1,MV,10,Misjonsteori – allment,"Sørensen, Vilh(elm)",Oversigt over Lægemissionens Udbredelse 1905,1905,Aarhus,,Vilhelm Sørensen,Århus,Aarhus,56.1629,10.2039
1989,Doc2744OCR.png,Doc2744OCR,1,Ge,20,Enkelte lands geografi,"Munch, P. A.",Kart over det nordlige Norge ...,1852,(Chra.),,P. A. Munch,Chra.,Oslo,59.9139,10.7522
1990,Doc2445OCR.png,Doc2445OCR,1,PT,94,Lærebøker i kristendomskunnskap,"Luther, Martin",(Den) lille katechismus med et utvalg av skriftsteder ved Th. G. B. Odland.,1913,Kra.,19. opl.,Martin Luther,Kra.,Oslo,59.9139,10.7522
1991,Doc2903OCR.png,Doc2903OCR,1,NT,,,"Odland, Sigurd",Kristofer Janson og det nye Testamente. En populær Imødegaaelse. ...,1886,Kra.,,Sigurd Odland,Kra.,Oslo,59.9139,10.7522
1992,Doc1947OCR.png,Doc1947OCR,1,MV,10,Misjonsteori – allment,"Høyer, Wilhelm",Folkene og Missionen,1882,Bergen,,Wilhelm Høyer,Bergen,Bergen,60.39299,5.32415
1993,Doc2971OCR.png,Doc2971OCR,1,NT,,,"Paley, William","Horac Paulinae: or the Truth of the Scripture history of St. Paul evinced, ... With notes and a supplementary treatise entitled Horae apostolicae by T. R. Birks.",1849,London,,William Paley,London,London,51.5074,-0.1278
1994,Doc0546OCR.png,Doc0546OCR,1,MV,138,Misjon og kirke på Madagaskar,,Ny Boky fivavahana,1877,Antanr.,,,Antanr.,,,
1995,Doc0137OCR.png,Doc0137OCR,1,MV,130,Misjon og kirke i Afrika,,Aus den Briefen eines Missionskaufmanns auf der Goldküste,1882,Basel,2. Aufl.,,Basel,Basel,47.5596,7.5886
1996,Doc0280OCR.png,Doc0280OCR,1,GT,10,Tekstutgaver og oversettelser,,Bibelen. G.T. Salm. Armenisk,1859,London,,,London,London,51.5074,-0.1278
1997,Doc1141OCR.png,Doc1141OCR,1,NV,70,Medisin og helse,"Ebbell, B(endix)",La variole dans l'Ancien Testament et dans le papyrus Eber,1906,,,Bendix Ebbell,,,,
1998,Doc3262OCR.png,Doc3262OCR,1,NV,60,Botanikk,"Rostrup, E(mil)",Blomsterløse Planter,1869,Kbh.,,Emil Rostrup,Kbh.,Copenhagen,55.6761,12.5683
1999,Doc1733OCR.png,Doc1733OCR,1,ST,,,"Hegel, Georg Wilhelm Friedrich",Encyklopädie der philodophischen Wissenschaften im Grundrisse. 1.-2. Aufl. T.1-3,1843,Berlin,,Georg Wilhelm Friedrich Hegel,Berlin,Berlin,52.52,13.405
2000,Doc1254OCR.png,Doc1254OCR,1,MV,70,Nordisk misjon - selskap utenfor Norge,,Evangeliska Fosterlands-Stiftelsen. (Dens) Utländska Mission.,1899,Sth.,,,Sth.,Stockholm,59.3293,18.0686
2001,Doc1338OCR.png,Doc1338OCR,1,ST,,,"Fog, B(ruun) J(uul)","Cartesius, den nyere Philosophies Fader.",1856,Kbh.,,"Fog, B. J.",Kbh.,Copenhagen,55.6761,12.5683
2002,Doc3962OCR.png,Doc3962OCR,1,SV,20,Indogermanske språk [-> Indoeuropeiske språk],"Vinet, A.",Chrestomathie Francaise ou Choix de Morceaux tirés des meilleurs Ecrivains Francais.,1854,Bruxelles,7 e éd.,"Vinet, A.",Bruxelles,Brussels,50.8503,4.3517
2003,Doc2507OCR.png,Doc2507OCR,1,SV,20,Indogermanske språk [-> Indoeuropeiske språk],"Løkke, Jakob",Kortfattet tysk grammatik.,1894,Kra.,"8., ... udvidede udg. besørget af J. Johanssen.","Løkke, Jakob",Kra.,Oslo,59.9139,10.7522
2004,Doc0392OCR.png,Doc0392OCR,1,NT,10,Tekstutgaver og oversettelser,,Bibelen. N.T. Evang. Gresk. Synopsis evangelica.,1871,Lips.,Ed. 3. emend.,,Lips.,Leipzig,51.3397,12.3731
2005,Doc1137OCR.png,Doc1137OCR,1,NV,70,Medisin og helse,"Ebbell, B(endix)",Den endemiske strumas ætiologi.,1910,Kra.,,"Ebbell, Bendix",Kra.,Oslo,59.9139,10.7522
2006,Doc1596OCR.png,Doc1596OCR,1,MV,130,Misjon og kirke i Afrika,"Grove-Rasmussen, A(ndreas) C(hristian) L(udvig)","Uganda, et kristent Land i Hjertet af Afrika.",1894,Odense,,"Grove-Rasmussen, Andreas Christian Ludvig",Odense,Odense,55.4038,10.4024
2007,Doc3037OCR.png,Doc3037OCR,1,PT,92,Annen oppbyggelseslitteratur,"Petersen, Fredrik",Visheden om et evigt liv. Foredrag.,1900,Kra.,,"Petersen, Fredrik",Kra.,Oslo,59.9139,10.7522
2008,Doc0367OCR.png,Doc0367OCR,1,NT,,,J.-F. Ostervald,Evangile de notre seigneur Jésus-Christ selon Saint-Luc,1900,Paris,rev.,Jean-Frédéric Ostervald,Paris,Paris,48.8566,2.3522
2009,Doc1334OCR.png,Doc1334OCR,1,ST,15,Filosofihistorie,Robert Flint,Positivismen og den positivistiske Religion. Et Foredrag.,1887,Kbh.,,Robert Flint,København,Copenhagen,55.6761,12.5683
2010,Doc2608OCR.png,Doc2608OCR,1,GT,20,"Ordbøker, konkordanser og grammatikker",Ernst Meier,Die Form der hebräischen Poesie,1853,Tüb.,,Ernst Meier,Tübingen,Tübingen,48.5216,9.0576
2011,Doc2608OCR.png,Doc2608OCR,2,GT,20,"Ordbøker, konkordanser og grammatikker",,Hebräisches Wurzelwörterbuch nebst 3 Anhängen,1845,Mannheim,,,Mannheim,Mannheim,49.4875,8.466
2012,Doc4170OCR.png,Doc4170OCR,1,SV,30,Semittiske språk,Heinrich Zimmern,Vergleichende Grammatik der semitischen Sprachen,1898,Berlin,,Heinrich Zimmern,Berlin,Berlin,52.52,13.405
2013,Doc4062OCR.png,Doc4062OCR,1,ST,35,Systematisk teologi – monografier,G. Weitbrecht,Er med Døden alt forbi? Foredrag.,1879,Kra.,,Gottlieb Weitbrecht,Krakau,Krakow,50.0647,19.945
2014,Doc3800OCR.png,Doc3800OCR,1,KH,30,"Oldkirkens kirkehistorie, patristikk",Quintus Septimus Florens Tertullianus,Opera omnia,1854,Lips.,Ed.minor,Quintus Septimius Florens Tertullianus,Leipzig,Leipzig,51.3397,12.3731
2015,Doc0533OCR.png,Doc0533OCR,1,NV,70,Medisin og helse,(Karl Ernst) Bock,"Det menneskelige Legemes Bygning, Liv og Pleie",1876,Stvg.,2. forøg. Udg. Efter Orig. 9.Opl.,Karl Ernst Bock,Stavanger,Stavanger,58.969976,5.733107
2016,Doc0197OCR.png,Doc0197OCR,1,PT,,,Richard Baxter,The reformed pastor,1862,London,5th ed.,Richard Baxter,London,London,51.5074,-0.1278
2017,Doc2300OCR.png,Doc2300OCR,1,Ti,40,Tidsskrift – blandet innhold,,Beretning om Det Norske Lutherske Indremissionsselskabs Virksomhed 1907,1908,Kra.,,,Kra.,Oslo,59.9139,10.7522
2018,Doc1027OCR.png,Doc1027OCR,1,GT,,,"Delitzsch, Franz",Messianske spådomme i historisk rækkefølge. Overs. af T.K.Staksnæs,1892,Kra.,,"Delitzsch, Franz",Kra.,Oslo,59.9139,10.7522
2019,Doc3768OCR.png,Doc3768OCR,1,Jød,40,Rabbinismen,,Talmud. Selections from ... Transl. by H. Polano,1876,London,,,London,London,51.5074,-0.1278
2020,Doc1192OCR.png,Doc1192OCR,1,NT,59,Kommentar til Johannes Åpenbaring,"Engelskjøn, C.",Dyret fra Afgrunden i Johannes Aabenbaring,1894,Kra.,,"Engelskjon, C.",Kra.,Oslo,59.9139,10.7522
2021,Doc3285OCR.png,Doc3285OCR,1,MV,90,Misjonærbiografier,"Römer, Hermann",Nicolaus Ludwig Graf von Zinzendorf ... 2. Aufl.,1900,Gnadau,2. Aufl.,"Romer, Hermann",Gnadau,Gnadau,51.99,11.9667
2022,Doc0789OCR.png,Doc0789OCR,1,MV,90,Misjonærbiografier,"Chamberlain, J(ohannes)",Missionar J.Chamberlain's Leben,1877,Basel,,"Chamberlain, J(ohannes)",Basel,Basel,47.5596,7.5886
2023,Doc2475OCR.png,Doc2475OCR,1,ST,50,Apologetikk,"Lyng, (Georg Vilhelm)",Foredrag i studentersamfundet ... Svar på Arne Garborgs Den religiøse erkjendelses princip.,1881,Kra.,,"Lyng, (Georg Vilhelm)",Kra.,Oslo,59.9139,10.7522
2024,Doc4082OCR.png,Doc4082OCR,1,PT,,,"Wexels, W(ilhelm) A(ndreas)",Foredrag over Pastoraltheologien,1853,Chra.,,"Wexels, Wilhelm Andreas",Chra.,Oslo,59.9139,10.7522
2025,Doc1003OCR.png,Doc1003OCR,1,KH,80,Norges kirkehistorie,Laurids Fogtman,"Lover Samling af alle gjeldende Forordninger, Rescripter, Resolutioner og Collegial Breve... samt de Østeder af Danske og Norske Lov, saavel som Kirke Ritualen, der angaae Religionen",1809,Kbh.,2. forög.Udg.,Laurids Fogtman,Kbh.,København,55.6761,12.5683
2026,Doc0881OCR.png,Doc0881OCR,1,GT,,,"Cornill, Carl Heinrich",Einleitung in das Alte Testament,1892,Freib. i.B.,2. bearb. Aufl.,Carl Heinrich Cornill,Freib. i.B.,Freiburg im Breisgau,47.999,7.8421
2027,Doc3445OCR.png,Doc3445OCR,1,NT,,,"Seidel, Martin",Jesu Tid,1883,Bergen,,Martin Seidel,Bergen,Bergen,60.3913,5.3221
2028,Doc2727OCR.png,Doc2727OCR,1,KH,100,Andre europeiske lands kirkehistorie,"Mott, John R.","Den kristelige bevægelse ved universiteterne i Amerika, Europa og Asien",1894,Kra.,,John R. Mott,Kra.,Kristiania,59.9139,10.7522
2029,Doc3213OCR.png,Doc3213OCR,1,Ge,20,Enkelte lands geografi,"Ribbing, Seved",En idyll från l'ancien régime. Det franska Canadas tillstånd vid den svenske naturforskaren Pehr Kalms besök,1894,Ups.,,Seved Ribbing,Ups.,Uppsala,59.8586,17.6389
2030,Doc3725OCR.png,Doc3725OCR,1,RV,10,Religionshistorie,"Söderblom, Nathan",Die Religionen der Erde,1905,Halle a.S.,,Nathan Söderblom,Halle a.S.,Halle an der Saale,51.4823,11.9695
2031,Doc3238OCR.png,Doc3238OCR,1,GT,70,Gammeltestamentlig bibelteologi og religionshistorie,"Robertson, James",Israels gamle religion,1907,Kbh.,,James Robertson,Kbh.,København,55.6761,12.5683
2032,Doc0403OCR.png,Doc0403OCR,1,NT,,,,Bibelen. N.T. Luk. The Gospel of Luke In Hindui-Nagri,,U.s.u.å.,,,U.s.u.å.,Unknown,,
2033,Doc1225OCR.png,Doc1225OCR,1,PT,80,Hymnologi og kirkemusikk,"Erslev, Christian",Haandbog ved Sangundervisningen i Skoler,1856,Kbh.,3. Udg.,"Erslev, Christian",Kbh.,Copenhagen,55.6761,12.5683
2034,Doc1945OCR.png,Doc1945OCR,1,GT,68,Kommentar til skriftene forøvrig,"Høgebøl, Peter",Brudgommen og Bruden. En Udlæggelse af Salomos Høisang. K.1-4.,1890,Kra.,,"Høgebøl, Peter",Kra.,Kristiania,59.9139,10.7522
2035,Doc3629OCR.png,Doc3629OCR,1,MV,50,Norsk misjon - Det Norske Misjonsselskap,"Stene, John",Hvor langt er vi nådd?,1913,Stvg.,,"Stene, John",Stvg.,Stavanger,58.9701,5.7331
2036,Doc1067OCR.png,Doc1067OCR,1,SV,50,"Malayiske språk, gassisk språk",,Diksionary amy ny Baiboly. Ed. by James Sibree. Fizarana II.,1877,Antan.,,,Antan.,Antananarivo,-18.8792,47.5079
2037,Doc3389OCR.png,Doc3389OCR,1,NT,,,"Schmoller, Otto",Handconcordanz zum griechischen Neuen Testament,1869,Stuttg.,,"Schmoller, Otto",Stuttg.,Stuttgart,48.7758,9.1829
2038,Doc0489OCR.png,Doc0489OCR,1,Ti,40,Tidsskrift – blandet innhold,,The Bibliotheca sacra and theological eclectic. No.121.,1874,"(Andover, Mass.)",,,"Andover, Mass.","Andover, Massachusetts",42.6583,-71.137
2039,Doc3764OCR.png,Doc3764OCR,1,Jød,40,Rabbinismen,Ferdinand Christian Ewald,Abodah Sarah Der Götzendienst. Ein Traktat aus dem Talmud.,1868,Nürnb.,2. Ausg.,"Ewald, Ferdinand Christian",Nürnb.,Nuremberg,49.4521,11.0767
2040,Doc3259OCR.png,Doc3259OCR,1,GT,64,Kommentar til profetbøkene,"Rosenmüller, Ern. Frid. Car.",Jesajae vaticinia annotatione perpetua,1829,Lips.,3. auctoir,"Rosenmüller, Ernst Friedrich Karl",Lips.,Leipzig,51.3397,12.3731
2041,Doc3476OCR.png,Doc3476OCR,1,RV,20,Religionsfenomenologi,"Sibree, J(ames) jun.",Malagasy folklore and popular superstitions.,1879,U.s.,,"Sibree, James Jr.",U.s.,United States,37.0902,-95.7129
2042,Doc0127OCR.png,Doc0127OCR,1,PT,,,"Augusti, Johann Christian Wilhelm",Handbuch der christlichen Archäologie,1836,Lpz.,B.1-3,"Augusti, Johann Christian Wilhelm",Lpz.,Leipzig,51.3397,12.3731
2043,Doc0127OCR.png,Doc0127OCR,2,PT,,,"Augusti, Johann Christian Wilhelm",Handbuch der christlichen Archäologie,1837,Lpz.,B.1-3,"Augusti, Johann Christian Wilhelm",Lpz.,Leipzig,51.3397,12.3731
2044,Doc2011OCR.png,Doc2011OCR,1,KH,,,"Jensen, Chr.",Søren Kierkegaards religiøse Udvikling.,1898,Aarhus,,"Jensen, Christian",Aarhus,Aarhus,56.1629,10.2039
2045,Doc1472OCR.png,Doc1472OCR,1,Hi,10,Politisk historie og kulturhistorie,"Gibbon, Edward",The history of the decline and fall of the Roman empire,1840,London,,"Gibbon, Edward",London,London,51.5074,-0.1278
2046,Doc1472OCR.png,Doc1472OCR,2,Hi,10,Politisk historie og kulturhistorie,"Gibbon, Edward",The history of the decline and fall of the Roman empire,1864,London,11th thous. abr.,"Gibbon, Edward",London,London,51.5074,-0.1278
2047,Doc1911OCR.png,Doc1911OCR,1,NV,70,Medisin og helse,"Hufeland, C(hristoph) W(ilhelm)",Enchiridion medicum oder Anleitung zur medizinischen Praxis,1842,Berlin,6. Aufl.,"Hufeland, Christoph Wilhelm",Berlin,Berlin,52.52,13.405
2048,Doc0397OCR.png,Doc0397OCR,1,NT,10,Tekstutgaver og oversettelser,,Det Nye Testamente græsk og norsk. Den græske Tekst,1905,Kra.,,,Kra.,Kristiania,59.9139,10.7522
2049,Doc2740OCR.png,Doc2740OCR,1,PT,92,Annen oppbyggelseslitteratur,"Munch, J(ohan) St(orm)",Betragtninger over Fadervor.,1890,Kra.,,"Munch, Johan Storm",Kra.,Kristiania,59.9139,10.7522
2050,Doc1498OCR.png,Doc1498OCR,1,Li,30,Greske klassikere,"Gladstone, W(illiam) E(wart)",Homer,1878,London,,"Gladstone, William Ewart",London,London,51.5074,-0.1278
2051,Doc3883OCR.png,Doc3883OCR,1,MV,15,"Misjon - fortellinger, misjonsmotivering","Tvedt, Nicolai",Hvad gjør vor tid til en missionstid ?,1916,Bergen,,"Tvedt, Nicolai",Bergen,Bergen,60.3913,5.3221
2052,Doc2052OCR.png,Doc2052OCR,1,MV,138,Misjon og kirke på Madagaskar,"Johnson, Joh(anne)s",Den madagassiske Martykrirke.,1911,Stvg.,,"Johnson, Johannes",Stavanger,Stavanger,58.9699,5.7331
2053,Doc0918OCR.png,Doc0918OCR,1,KH,30,"Oldkirkens kirkehistorie, patristikk","Cyprianus, Thascius Cæcilius","Til Donatus, Om Dødeligheden og Om Taalmodighedens Godē.",1883,Chra.,Overs: av O.Ugland,"Cyprianus, Thascius Cæcilius",Kristiania,Oslo,59.9139,10.7522
2054,Doc0385OCR.png,Doc0385OCR,1,NT,10,Tekstutgaver og oversettelser,,Bibelen. N.T. Gresk,1896,Lips.,,,Leipzig,Leipzig,51.3397,12.3731
2055,Doc0385OCR.png,Doc0385OCR,2,NT,10,Tekstutgaver og oversettelser,"Preuschen, Erwin",Antilegomena.,1901,Giessen,,"Preuschen, Erwin",Gießen,Gießen,50.5841,8.6785
2056,Doc1602OCR.png,Doc1602OCR,1,MV,130,Misjon og kirke i Afrika,"Habenicht, Karl","Geschichte der Hermannsburger Privatschule, jetzigen Christianschule.",1907,Hermannsburg,,"Habenicht, Karl",Hermannsburg,Hermannsburg,52.8298,10.0918
2057,Doc2284OCR.png,Doc2284OCR,1,MV,10,Misjonsteori – allment,,Des Königs Fahne weht !,1917,Berlin,,,Berlin,Berlin,52.52,13.405
2058,Doc0974OCR.png,Doc0974OCR,1,MV,,,"Dahle, L(ars)",Ny Evangelia ...,1913,Tanan.,Edisiona faharoa,"Dahle, Lars",Antananarivo,Antananarivo,-18.8792,47.5079
2059,Doc1836OCR.png,Doc1836OCR,1,SV,20,Indogermanske språk [-> Indoeuropeiske språk],"Hofgaard, S(imon) W(right)",En liden norsk grammatik.,1895,Kra.,51.-60. tus.,"Hofgaard, Simon Wright",Kristiania,Oslo,59.9139,10.7522
2060,Doc1058OCR.png,Doc1058OCR,1,GT,30,Innledningsvitenskap,"Diestel, Ludwig",Geschichte des Alten Testamentes in der christlichen Kirche,1869,Jena,,"Diestel, Ludwig",Jena,Jena,50.9271,11.5892
2061,Doc0488OCR.png,Doc0488OCR,1,KH,30,"Oldkirkens kirkehistorie, patristikk",Bibliotheca patrum Græcorum dogmatica Ed. Joannes Carolus Thilo,S. Basilii Cæsareæ Cappadociæ archepiscopi et S. Gregorii theologi opera selecta. Vol. 2,1854,Lips.,,"Thilo, Joannes Carolus",Lips.,Leipzig,51.3397,12.3731
2062,Doc1353OCR.png,Doc1353OCR,1,Et,30,Norsk etnologi,"Forfang, Ingvald",Christopher Bruun 1839-23. september-1909. Festskrift utg. av Høgskulebladet,1909,Orkedalen,,"Forfang, Ingvald",Orkedalen,Orkdal,63.2785,9.8391
2063,Doc0554OCR.png,Doc0554OCR,1,Te,10,Matematikk,"Bomnevie, J(akob) A(all)",Kortfattet Lærebog i Plangeometri. 2. Udg.,1873,Kra.,2. Udg.,"Bomnevie, Jakob Aall",Kra.,Oslo,59.9139,10.7522
2064,Doc0554OCR.png,Doc0554OCR,2,Te,10,Matematikk,"Bomnevie, J(akob) A(all)",Kortfattet Lærebog i Plangeometri. 10. udg. ved A. Eliassen,1902,Kra.,10. udg.,"Bomnevie, Jakob Aall",Kra.,Oslo,59.9139,10.7522
2065,Doc0554OCR.png,Doc0554OCR,3,Te,10,Matematikk,"Bomnevie, J(akob) A(all)",Kortfattet Lærebog i Plangeometri. 4. Udg.,1880,Kra.,4. Udg.,"Bomnevie, Jakob Aall",Kra.,Oslo,59.9139,10.7522
2066,Doc1629OCR.png,Doc1629OCR,1,NT,,,"Hahn, Georg Ludwig",Die Theologie des Neuen Testaments. B 1,1854,Lpz.,1 b.,"Hahn, Georg Ludwig",Lpz.,Leipzig,51.3397,12.3731
2067,Doc1629OCR.png,Doc1629OCR,2,NT,,,"Heegard, P. S. V.",Indledning til Den rationelle Ethik,1866,Kbh.,,"Heegard, Peder Ove Vold",Kbh.,Copenhagen,55.6761,12.5683
2068,Doc2303OCR.png,Doc2303OCR,1,ST,,,"Lange, J(ohann) P(eter)",Grundriss der christlichen Ethik,1878,Heidelb.,,"Lange, Johann Peter",Heidelb.,Heidelberg,49.3988,8.6724
2069,Doc2279OCR.png,Doc2279OCR,1,GT,,,"König, Eduard",Einleitung in das Alte Testament,1893,Bonn,,"König, Eduard",Bonn,Bonn,50.7374,7.0982
2070,Doc1369OCR.png,Doc1369OCR,1,ST,35,Systematisk teologi – monografier,"Frantz, A.",De Dødes Opstandelse: Efter 1 Cor. 15,1868,Kbh.,,"Frantz, A.",Kbh.,Copenhagen,55.6761,12.5683
2071,Doc3081OCR.png,Doc3081OCR,1,ST,10,Filosofi og idéhistorie,Platon,"Theaitetos, overs. og oplyst ved Anm. af B.F.Dahl og F.C.B.Dahl.",1869,Kbh.,,Plato,Kbh.,Copenhagen,55.6761,12.5683
2072,Doc1143OCR.png,Doc1143OCR,1,NV,70,Medisin og helse,"Ebbell, B.",Aarsaken til Eosinofili,1912,Kra.,,"Ebbel, B.",Kra.,Oslo,59.9139,10.7522
2073,Doc2176OCR.png,Doc2176OCR,1,NV,70,Medisin og helse,,Klinisches Recept-Taschenbuch für praktische Ärzte,1880,Wien,2. verm. Aufl.,,Wien,Vienna,48.2082,16.3738
2074,Doc1372OCR.png,Doc1372OCR,1,,20,,,"""Fred paa jorden""",1920,Bergen,,,Bergen,Bergen,60.3913,5.3221
2075,Doc2253OCR.png,Doc2253OCR,1,Ge,30,Norsk geografi,Kross; Firm,Turistkart over Sætersdalen,1911,Kra.,,Kross; Firm,Kra.,Oslo,59.9139,10.7522
2076,Doc3694OCR.png,Doc3694OCR,1,Li,40,Latinske klassikere,"Suetonius Tranquillus, Gaius",Opera ad optimas editiones collat(a).,1783,Bipontum (Zweibrücken),,"Suetonius Tranquillus, Gaius",Bipontum,Zweibrücken,49.2458,7.3697
2077,Doc2331OCR.png,Doc2331OCR,1,KH,170,Moderne religiøse samfunn og retninger,"Leadbeater, C.W.",Til dem som sørger og er bedrøvede,1913,Kra.,,"Leadbeater, C.W.",Kra.,Oslo,59.9139,10.7522
2078,Doc3762OCR.png,Doc3762OCR,1,Jød,40,Rabbinismen,A. Sammter,"Miscnaioth. Hebräischer Text mit Punktation, deutscher Uebersetzung und Erklärung",1885,Berlin,Lfg. 1-5.,A. Sammter,Berlin,Berlin,52.52,13.405
2079,Doc1454OCR.png,Doc1454OCR,1,Ge,10,"Reiseskildringer, atlas","Geikie, Archibald",Fysisk geografi,,Fagerstrand pr. Høvik,,"Geikie, Archibald",Fagerstrand,Høvik,59.9008,10.6253
2080,Doc1295OCR.png,Doc1295OCR,1,PT,,,"Fénelon, (Francois de Salignac de la Motte)","Dialogues on eloquence in general; particularly that kind which is fit for the pulpit. With his letter to the French academy, concerning rhetoric, poetry, history and a comparison between the ancients and moderns",1808,London,,"Fénelon, François de Salignac de la Mothe-Fénelon",London,London,51.5074,-0.1278
2081,Doc0840OCR.png,Doc0840OCR,1,Li,40,Latinske klassikere,"Cicero, Marcus Tullius",Valda tal,,Sth.,2 h.,"Cicero, Marcus Tullius",Stockholm,Stockholm,59.3293,18.0686
2082,Doc3043OCR.png,Doc3043OCR,1,NV,60,Botanikk,"Petersen, O(tto) G(eorg)",Grundtræk af Forelæsninger over systematisk Botanik,1889,Kbh.,,"Petersen, Otto Georg",København,Copenhagen,55.6761,12.5683
2083,Doc1008OCR.png,Doc1008OCR,1,Le,30,Teologiske leksika og encyclopedier,"Darling, James",Cyclopedia bibliographica: A library manual of theological and general literature,1859,London,,"Darling, James",London,London,51.5074,-0.1278
2084,Doc0883OCR.png,Doc0883OCR,1,ST,,,"Cousin, Victor",Elements of psychology,1856,London,4th rev. ed.,"Cousin, Victor",London,London,51.5074,-0.1278
2085,Doc2536OCR.png,Doc2536OCR,1,MV,138,Misjon og kirke på Madagaskar,"Madagascar, colonie de","Notes, reconnaissances et explorations. Revue trimestrielle. Année 3 e. Vol. 5 e. Livr. 26 e.",1899,Tanan.,,"Madagascar, colonie de",Tananarive,Antananarivo,-18.8792,47.5079
2086,Doc1611OCR.png,Doc1611OCR,1,Li,20,Arabisk og orientalsk litteratur,"(Hafis, Shem ed-din Muhammed)",Der Sänger von Schiras,,Jena,3. Aufl.,"Hafez, Shems-ud-din Muhammad",Jena,Jena,50.9271,11.5899
2087,Doc0141OCR.png,Doc0141OCR,1,,20,,,Aux membres des académies des nations alliées et des États-Unis d'Amérique. U.s.u.å.,,,,,,,,
2088,Doc0358OCR.png,Doc0358OCR,1,NT,,,,"Bibelen. N.T. Matt. 5-7., Esperanto. La prediko sur la monto.",1910,London,,,London,London,51.5074,-0.1278
2089,Doc3566OCR.png,Doc3566OCR,1,ST,,,"Spinoza, B(aruch)",Die Ethik.,1887,Lpz.,Neu übers. ... von J. Stern,"Spinoza, Baruch",Lpz.,Leipzig,51.3397,12.3731
2090,Doc1859OCR.png,Doc1859OCR,1,ST,,,"Holst, H.P.",Efter Døden.,1874,Kbh.,,"Holst, H.P.",Kbh.,Copenhagen,55.6761,12.5683
2091,Doc2210OCR.png,Doc2210OCR,1,ST,50,Apologetikk,"Kolmodin, A(dolf)",Kristus - gudsuppenbararen,1910,Upps.,,"Kolmodin, Adolf",Upps.,Uppsala,59.8586,17.6389
2092,Doc0040OCR.png,Doc0040OCR,1,Li,30,Greske klassikere,Aischylos,The tragedies of Æschylos.,1879,London,A new transl. ... B.E.H. Plumtre,Aischylos,London,London,51.5074,-0.1278
2093,Doc0363OCR.png,Doc0363OCR,1,NT,10,Tekstutgaver og oversettelser,,Bibelen. N.T. Johannes. Fransk. L'evangile de Jean ... en transcription phonétique ...,1896,Paris,,,Paris,Paris,48.8566,2.3522
2094,Doc3035OCR.png,Doc3035OCR,1,NT,189,,"Petersen, Fredrik",Romerbrevet praktisk fortolket,1895,Kra.,,"Petersen, Fredrik",Kra.,Oslo,59.9139,10.7522
2095,Doc3276OCR.png,Doc3276OCR,1,Et,30,Norsk etnologi,"Rugaard, D.E.",Nordisk personalhistorisk Folke-Kalender.,1863,Kbh.,,"Rugaard, D.E.",Kbh.,Copenhagen,55.6761,12.5683
2096,Doc4178OCR.png,Doc4178OCR,1,ST,,,"Zöckler, O(tto)","Geschichte der Beziehungen zwischen Theologie und Naturwissenschaft, mit besonderer Rücksicht auf Schöpfungsgeschichte. Abt. 1-2.",1877,Gütersl.,2 b.,"Zöckler, O(tto)",Gütersl.,Gütersloh,51.9118,8.3858
2097,Doc4178OCR.png,Doc4178OCR,2,ST,,,"Zöckler, O(tto)","Geschichte der Beziehungen zwischen Theologie und Naturwissenschaft, mit besonderer Rücksicht auf Schöpfungsgeschichte. Abt. 1-2.",1879,Gütersl.,2 b.,"Zöckler, O(tto)",Gütersl.,Gütersloh,51.9118,8.3858
2098,Doc1966OCR.png,Doc1966OCR,1,Bi,10,Bibelske oppslagsverk,"Inglis, James",The Bible text cyclopedia: A complete classification of Scripture texts in the form of an alphabetical index of subjects.,1860,London,,"Inglis, James",London,London,51.5074,-0.1278
2099,Doc0515OCR.png,Doc0515OCR,1,RV,20,Religionsfenomenologi,"Bleek, W.H.I.",A brief account of Bushman folklore and other texts. 2 nd report ...,1875,London,,"Bleek, W.H.I.",London,London,51.5074,-0.1278
2100,Doc0078OCR.png,Doc0078OCR,1,PT,92,Annen oppbyggelseslitteratur,"Andrews, J.N.",At opløses og være med Kristus.,,Kra.,,"Andrews, J.N.",Kra.,Christiania (Oslo),59.9139,10.7522
2101,Doc1304OCR.png,Doc1304OCR,1,MV,138,Misjon og kirke på Madagaskar,,Misjonslitt. Fianara-marika.,,Antan.,,,Antan.,Antananarivo,-18.8792,47.5079
2102,Doc3603OCR.png,Doc3603OCR,1,Hi,15,Norsk historie,,En Stavangersk Cicerone. Med Følgekort.,1868,Stvg.,188 s. Shr.,,Stvg.,Stavanger,58.9699756,5.7331073
2103,Doc1139OCR.png,Doc1139OCR,1,NV,70,Medisin og helse,"Ebbell, B(endix)",Rakit paa Madagaskar,1904,Kra.,2 ekspl.,"Ebbell, B(endix)",Kra.,Kristiania (Oslo),59.9139,10.7522
2104,Doc1614OCR.png,Doc1614OCR,1,KH,,,"Hagen, Helge E(riksen)",Bidrag til Hans Nilsen Hauges Minde.,1872,Drammen,,"Hagen, Helge Eriksen",Drammen,Drammen,59.7439,10.2045
2105,Doc1053OCR.png,Doc1053OCR,1,Li,,,,"Dictionnaire d'anecdotes, ...",1767,Paris,,,Paris,Paris,48.8566,2.3522
2106,Doc0946OCR.png,Doc0946OCR,1,MS,,,"Dahle, Lars","Etymologisk Rodlexikon i Semitisk, særligt Hebraisk.",,,,"Dahle, Lars",,,,
2107,Doc0685OCR.png,Doc0685OCR,1,GT,,,"Buhl, Frants",Palæstina i ... geografisk og topografisk Fremstilling.,1890,Kbh.,,"Buhl, Frants",Kbh.,Copenhagen,55.6761,12.5683
2108,Doc4028OCR.png,Doc4028OCR,1,PT,94,Lærebøker i kristendomskunnskap,"Wangemann, Hermann Theodor",Biblisches Hand- und Hülfsbuch zu Luther's kleinem Katechismus. 3. verm. Aufl.,1862,Berlin,3. verm. Aufl.,"Wangemann, Hermann Theodor",Berlin,Berlin,52.52,13.405
2109,Doc4076OCR.png,Doc4076OCR,1,GT,66,Kommentar til Salmene,"Wette, W.M.L. de","Commentar über die Psalmen, ...",1829,Heidelb.,3. verb. und verm. Auffl.,"Wette, W.M.L. de",Heidelb.,Heidelberg,49.3988,8.6724
2110,Doc0778OCR.png,Doc0778OCR,1,GT,20,"Ordbøker, konkordanser og grammatikker","Castellus, Edmund","Lexicon heptaglotton, Hebraicum, Chaldaicum, Syriacum, Samaritanum, Aethiopicum, Arabicum, ... et Persicum ... Cui acc. brevis, & harmonica ... grammaticae ... delineatio.",1669,London,,"Castellus, Edmund",London,London,51.5074,-0.1278
2111,Doc2317OCR.png,Doc2317OCR,1,PT,80,Hymnologi og kirkemusikk,"Larsen, K.",Sulamits Sange under Ørkenvandringen.,,Kra.,5. forøg. Opl.,"Larsen, K.",Kra.,Kristiania (now Oslo),59.9139,10.7522
2112,Doc3929OCR.png,Doc3929OCR,1,ST,50,Apologetikk,"Ussing, Henry",Aabenbaring og Inspiration,1913,Chra,,Henry Ussing,Chra,Oslo,59.9139,10.7522
2113,Doc2672OCR.png,Doc2672OCR,1,MV,122,Misjon og kirke i India,,Missionskort for det danske Missionsselskabs Arbeidsmark i Indien,1893,Kbh,,,Kbh,Copenhagen,55.6761,12.5683
2114,Doc0819OCR.png,Doc0819OCR,1,PT,50,Liturgikk,Church of England,The Book of Common Prayer,,Oxf,,Church of England,Oxf,Oxford,51.752,-1.2577
2115,Doc0028OCR.png,Doc0028OCR,1,SV,30,Semittiske språk,"Abul-Feda, (Ismail ibn Ali)","Historia Anteislamica, Arabice",1831,Lips,"Ed., versione Latina, notis et indicibus auxit Henricus Orthbius Fleischer",Ismail ibn Ali Abul-Feda,Lips,Leipzig,51.3397,12.3731
2116,Doc3792OCR.png,Doc3792OCR,1,GT,20,"Ordbøker, konkordanser og grammatikker","Tedeschi, Moises",Thesaurus synonümorum linguae Hebraicae,,Padova,,Moises Tedeschi,Padova,Padua,45.4064,11.8768
2117,Doc0502OCR.png,Doc0502OCR,1,Ge,20,Enkelte lands geografi,Bishop Auckland,A guide to,,Cheltenham,,Bishop Auckland,Cheltenham,Cheltenham,51.9008,-2.0797
2118,Doc3422OCR.png,Doc3422OCR,1,NT,,,"Schürer, E(mil)",De controversiis paschalibus,1869,Lpz,,Emil Schürer,Lpz,Leipzig,51.3397,12.3731
2119,Doc0699OCR.png,Doc0699OCR,1,PT,10,Praktisk teologi – allment og blandet,"Burk, J(ohann) Chr(ist) F(riedrich)",Spiegel edler Pfarrfrauen. Eine Sammlung christlicher Charakterbilder,1865,Stuttg,3. Aufl.,Johann Christoph Friedrich Burk,Stuttg,Stuttgart,48.7758,9.1829
2120,Doc0725OCR.png,Doc0725OCR,1,Et,20,Sosiologi,"Bøgh, Johan",Tekniske Spørgsmaal i Oldtidens Kunst og Haandværk,1887,Bergen,,"Bøgh, Johan",Bergen,Bergen,60.39299,5.32415
2121,Doc2170OCR.png,Doc2170OCR,1,KH,30,"Oldkirkens kirkehistorie, patristikk",Klemens,1ste Brev til Korinthierne,1881,Chra,,Klemens,Christiania,Oslo,59.9139,10.7522
2122,Doc2053OCR.png,Doc2053OCR,1,NV,40,Kjemi,"Johnston, James F.W.",Hverdagslivets Chemi. D.1-2,1855,Kbh,,"Johnston, James F.W.",København,Copenhagen,55.6761,12.5683
2123,Doc3197OCR.png,Doc3197OCR,1,MV,10,Misjonsteori – allment,"R.R. Rosenlund, P.H. Baagøe, Knud Lange og Agnes Clausen",Religioner i missionslandene og deres forhold til kristendommen. Fire foredrag,1919,Kbh,,"R.R. Rosenlund, P.H. Baagøe, Knud Lange og Agnes Clausen",København,Copenhagen,55.6761,12.5683
2124,Doc4164OCR.png,Doc4164OCR,1,ST,18,Psykologi,"Zeller, Christian Heinrich",Kortfattet Sjælelære,1853,Stvg,,"Zeller, Christian Heinrich",Stavanger,Stavanger,58.9699756,5.7331073
2125,Doc3168OCR.png,Doc3168OCR,1,SV,50,"Malayiske språk, gassisk språk","Rajoela, A.",Toro-hevitra ho an'ny tanora. Fizarana I-II,1904,Tanan,,"Rajoela, A.",Tana,Antananarivo,-18.8792,47.5079
2126,Doc2351OCR.png,Doc2351OCR,1,MV,15,"Misjon - fortellinger, misjonsmotivering","Leonhardi, Gustav (Hg.)",Die Missionsgeschichte der christlichen Kirche in Cultur- und Lebensbildern,1873,Lpz,2. umgearb. Aufl. B.1-2,"Leonhardi, Gustav",Leipzig,Leipzig,51.3397,12.3731
2127,Doc1562OCR.png,Doc1562OCR,1,PT,20,Pastorallære,"Gunnerus, (Johan Ernst)",Hyrdebrev,1879,Kra,,"Gunnerus, Johan Ernst",Kristiania,Oslo,59.9139,10.7522
2128,Doc2017OCR.png,Doc2017OCR,1,PT,92,Annen oppbyggelseslitteratur,"Jensen, Gustav",Juleaften. Et Digt.,1905,Kra.,2. Opl.,"Jensen, Gustav",Kra.,Krakow,50.0647,19.945
2129,Doc0042OCR.png,Doc0042OCR,1,Ti,,,Akademiska Frivilliga Missions-Förbund,Adveniat regnum tuum.,1901,Ups.,h. 1-2.,Akademiska Frivilliga Missions-Förbund,Ups.,Uppsala,59.8586,17.6389
2130,Doc2447OCR.png,Doc2447OCR,1,PT,92,Annen oppbyggelseslitteratur,"Luther, Martin",Levere regler for menige Christne ... Uddrag af Luthers Skrifter. ved F.L. Mynster,1871,Kbh. Stvg.,4. Opl.,"Luther, Martin",Kbh. Stvg.,Copenhagen,55.6761,12.5683
2131,Doc0204OCR.png,Doc0204OCR,1,PT,92,Annen oppbyggelseslitteratur,"Beck, Vilh(elm)",En lille Julegave 1894 til de Hellige i Danmark.,1894,Odense,,"Beck, Vilhelm",Odense,Odense,55.4038,10.4024
2132,Doc3353OCR.png,Doc3353OCR,1,Kh,,,"Schepelern, G(eorg)","Den moderne Katholicisme, dens Udvikling, Maal og Midler.",1888,Kbh.,,"Schepelern, Georg",Kbh.,Copenhagen,55.6761,12.5683
2133,Doc2362OCR.png,Doc2362OCR,1,Bi,20,"Bibelkunnskap, hermeneutikk","Leusden, Johannes","Philologus Hebraeus, continens quaestiones Hebraicas quae circa Vetus Testamentum Hebraeum fere moveri solunt.",1672,Ultrajectium,Ed. 2 auct. emend.,"Leusden, Johannes",Ultrajectium,Utrecht,52.0907,5.1214
2134,Doc2846OCR.png,Doc2846OCR,1,Ge,20,Enkelte lands geografi,"Nordenskiöld, A(dolf) E(rik)",The voyage of the Vega round Asia and Europe.,1883,London,,"Nordenskiöld, Adolf Erik",London,London,51.5074,-0.1278
2135,Doc0878OCR.png,Doc0878OCR,1,KH,,,"Cornelius, C(arl) A(lfred)",Det nittonde århundradets kyrkohistoria.,1891,Ups.,,"Cornelius, Carl Alfred",Ups.,Uppsala,59.8586,17.6389
2136,Doc3208OCR.png,Doc3208OCR,1,NT,,,"Reuss, Edouard",Histoire de la théologie chrétienne au siecle apostolique. 2. éd. rev. augm. T.1-2,1860,Strasb.,2 t.,"Reuss, Edouard",Strasb.,Strasbourg,48.5734053,7.7521113
2137,Doc1094OCR.png,Doc1094OCR,1,SM,,,"Dreyer, Peder",Helliggaander,1915,Bergen,,"Dreyer, Peder",Bergen,Bergen,60.39299,5.32415
2138,Doc3321OCR.png,Doc3321OCR,1,MV,70,Nordisk misjon - selskap utenfor Norge,Ivar Holsvik og M.A. Vaaler,Santalmissionen. Utg. Festskrift i anledning (dens) 50-aars jubilæum,1917,Kra.,,Ivar Holsvik og M.A. Vaaler,Kra.,Oslo,59.9138688,10.7522454
2139,Doc3657OCR.png,Doc3657OCR,1,Li,80,Norrøn og nordisk litteratur,"Storm, G(ustav)",Om den gamle norrøne Literatur. Et Indlæg i Striden mellem Docent Grundtvig og den norske historiske Skole,1869,Chra.,,"Storm, Gustav",Chra.,Oslo,59.9138688,10.7522454
2140,Doc1546OCR.png,Doc1546OCR,1,Va,20,?,"Gulbransen, F(redrik) W(ilhelm)",Kom vær med! Prædiken ved D.N.T.'s landsmøde ... 1905,1905,Kra.,,"Gulbransen, Fredrik Wilhelm",Kra.,Oslo,59.9138688,10.7522454
2141,Doc1865OCR.png,Doc1865OCR,1,Li,30,Greske klassikere,Homer(os),The Iliad. From the text of Dindorf. With pref. and notes by S.H. Reynolds. Books 1-12,1870,London,,Homer,London,London,51.5074,-0.1278
2142,Doc3335OCR.png,Doc3335OCR,1,KH,30,"Oldkirkens kirkehistorie, patristikk","Schaff, Philip",The life and labours of St. Augustine. A historical sketch,1854,London,,"Schaff, Philip",London,London,51.5074,-0.1278
2143,Doc2311OCR.png,Doc2311OCR,1,Le,20,Ordbøker – moderne språk og latin,"Larousse, Pierre",Dictionnaire complet illustre. 107 e Ed.,1900,Paris,107 e Ed.,"Larousse, Pierre",Paris,Paris,48.8566,2.3522
2144,Doc3385OCR.png,Doc3385OCR,1,RV,20,Religionsfenomenologi,"Schmidt, Aage",Die religiöse Entwicklung in der babylonischen Beschwörungslitteratur.,1910,Lpz.,,"Schmidt, Aage",Lpz.,Leipzig,51.3396955,12.3730747
2145,Doc0324OCR.png,Doc0324OCR,1,SV,30,Semittiske språk,Johanne Leusden,Bibelen. G.T. Pentateuchen. Samaritansk - Latin. Forts. Tractatus Talmudicus ... Capitula patrum Una cum Versione Hebraica 2 capitum Danielis.,1665,Ultrajectum,,Johanne Leusden,Ultrajectum,Utrecht,52.0907374,5.1214201
2146,Doc1432OCR.png,Doc1432OCR,1,GT,50,Den nære orients arkeologi,"Galley, Lic. theol.",Udbyttet af de assyrisk-babyloniske Udgravninger for det Gamle Testamente. Paa Dansk ved A.S. Poulsen.,1909,Kbh.,,"Galley, Lic. theol.",Kbh.,Copenhagen,55.6760968,12.5683371
2147,Doc1833OCR.png,Doc1833OCR,1,MV,15,"Misjon - fortellinger, misjonsmotivering","Hoffmann, Wilhelm",Missionstimer. Toogtredive Foredrag over det evangeliske Missionsværk.,1849,Kbh.,,"Hoffmann, Wilhelm",Kbh.,Copenhagen,55.6760968,12.5683371
2148,Doc0466OCR.png,Doc0466OCR,1,NT,10,Tekstutgaver og oversettelser,Cipriano de Valera,Bibelen. N.T. Lukas. Spansk El evangelio de nuestro senor Jesu-Cristo segun san Lucas.,1865,London,Antiqua version de Cipriano de Valera.,Cipriano de Valera,London,London,51.5072178,-0.1275862
2149,Doc3783OCR.png,Doc3783OCR,1,KH,,,"Taranger, Absalon",Statsreligion eller fri Folkekirke?,1906,Kra.,,"Taranger, Absalon",Kra.,Oslo,59.9138688,10.7522454
2150,Doc4065OCR.png,Doc4065OCR,1,Li,70,Tysk litteratur,"Wendebourg, Wilhelm",Draussen und daheim. Gedichte.,1908,Hann.,,"Wendebourg, Wilhelm",Hann.,Hannover,52.3758916,9.7320104
2151,Doc1979OCR.png,Doc1979OCR,1,PT,80,Hymnologi og kirkemusikk,,Islandske salmar med norske ordtydingar. Utgjevne av Den norsk-islandske kyrkjenemnd.,1898,Kra.,,,Kra.,Oslo,59.9138688,10.7522454
2152,Doc0381OCR.png,Doc0381OCR,1,NT,10,Tekstutgaver og oversettelser,Gul. Grinfield,Novum Testamentum Graecum,1843,London,2 T.,,London,London,51.5074,-0.1278
2153,Doc1706OCR.png,Doc1706OCR,1,Ge,20,Enkelte lands geografi,"Hartwig, G.",Naturen og Folkelivet paa Sydhavs-Øerne,1868,Kbh.,,,Kbh.,Copenhagen,55.6761,12.5683
2154,Doc1961OCR.png,Doc1961OCR,1,Va,20,?,,In the Nearer East. A Year's Work in the East London Medical Mission 1895-96,1896,London,,,London,London,51.5074,-0.1278
2155,Doc1247OCR.png,Doc1247OCR,1,Li,30,Greske klassikere,Euripides,"Tragedies. Literally transl. or rev., with notes by Theodore Alois Buckley. Vol. 1.",1858,London,,,London,London,51.5074,-0.1278
2156,Doc1818OCR.png,Doc1818OCR,1,Hi,10,Politisk historie og kulturhistorie,,History of England,,U.s.u.å.,Titbl. mgl.,,U.s.u.å.,Unknown,,
2157,Doc2454OCR.png,Doc2454OCR,1,PT,92,Annen oppbyggelseslitteratur,Luthersk Bokmission i Bergen,Andaktsbøker,1915,Bergen,1908-15,,Bergen,Bergen,60.3913,5.3221
2158,Doc3228OCR.png,Doc3228OCR,1,ST,,,"Ritter, P.H.",Etiske Fragmenter,1896,Kbh.,Autor. Overs. af Th. Lang. 2. Opl.,,Kbh.,Copenhagen,55.6761,12.5683
2159,Doc3376OCR.png,Doc3376OCR,1,NV,70,Medisin og helse,"Schmidt, Th(eodor)",Compendium der Anatomie,,Lpz.,u.å.,,Lpz.,Leipzig,51.3397,12.3731
2160,Doc1221OCR.png,Doc1221OCR,1,KH,170,Moderne religiøse samfunn og retninger,"Eriksen, Richard",Reinkarnationen og Karma. Foredrag.,1895,Kra.,,"Eriksen, Richard",Kra.,Oslo,59.9139,10.7522
2161,Doc1542OCR.png,Doc1542OCR,1,SV,20,Indogermanske språk [-> Indoeuropeiske språk],"Grøterud, N(ils)",Kortfattet græsk skolegrammatik,1888,Kra.,,"Grøterud, Nils",Kra.,Oslo,59.9139,10.7522
2162,Doc3144OCR.png,Doc3144OCR,1,Li,60,Engelsk litteratur,"PrölSz, Robert",Shakespeare's Hamlet. Erl.,1878,Lpz.,,"PrölSz, Robert",Lpz.,Leipzig,51.3397,12.3731
2163,Doc1753OCR.png,Doc1753OCR,1,GT,68,Kommentar til skriftene forøvrig,"Hengstenberg, E(rnst) W(ilhelm)",Commentary on Ecclesiastes... Transl. from the German by D.W.Simon.,1869,Edinb.,,"Hengstenberg, Ernst Wilhelm",Edinb.,Edinburgh,55.9533,-3.1883
2164,Doc0786OCR.png,Doc0786OCR,1,Jød,40,Rabbinismen,Jacob ben Chajim ibn Adonijah,"Introduction to the rabbinic Bible, Hebrew and English... by Christian D. Ginsburg. 2 nd ed.",1867,London,2nd ed.,Jacob ben Chajim ibn Adonijah,London,London,51.5074,-0.1278
2165,Doc1659OCR.png,Doc1659OCR,1,PT,,,"Hammar, H.B.",Jesu Kristi lif... med hänvisningar till katekesutvecklingen.,1912,Landskrona,,"Hammar, H.B.",Landskrona,Landskrona,55.8708,12.8298
2166,Doc3865OCR.png,Doc3865OCR,1,Et,20,Sosiologi,"Tregder, P.H.",Haandbog i den græske Mythologi til Skolebrug. 2. Udg.,1861,Kbh.,2. Udg.,"Tregder, P.H.",Kbh.,Copenhagen,55.6761,12.5683
2167,Doc0187OCR.png,Doc0187OCR,1,RV,10,Religionshistorie,"Bastholm, Christian",Den Naturlige Religion saaledes som den findes i de hedenske Philosophers skrifter.,1784,Kbh.,,"Bastholm, Christian",Kbh.,Copenhagen,55.6761,12.5683
2168,Doc0915OCR.png,Doc0915OCR,1,NV,10,Naturvitenskap – allment,Charles Knight,Cyclopædia of natural history,1856,London,"Vol. 1-2, 3-4. 2 b.",Charles Knight,London,London,51.5074,-0.1278
2169,Doc1490OCR.png,Doc1490OCR,1,ST,50,Apologetikk,"Gjesdahl, J(ohan) F(redrik)",Jesus i historien og i erfaringen. 2 foredrag,1914,Bergen,,Johan Fredrik Gjesdahl,Bergen,Bergen,60.3913,5.3221
2170,Doc0948OCR.png,Doc0948OCR,1,MS,,,"Dahle, Lars",Folk-Lore (Nærmest et Supplement (!) til Sibreæs Bog.) 2 h.,,,,Lars Dahle,,,,
2171,Doc2929OCR.png,Doc2929OCR,1,RV,120,Germansk religion,"Olsen, Magnus",Harnavi. En gammel svensk og norsk gudinde,1908,Kra.,#ERROR!,Magnus Olsen,Kra.,Oslo,59.9139,10.7522
2172,Doc0100OCR.png,Doc0100OCR,1,ST,,,Aristot(e)le(s),The nicomachean ethics,1853,London,Transl. with notes .. by R.W.Brown,Aristotle,London,London,51.5074,-0.1278
2173,Doc2964OCR.png,Doc2964OCR,1,SV,10,Språkvitenskap – allment,"Ostwald, W(ilhelm)",Die Weltsprache,1900,Stuttg.,,Wilhelm Ostwald,Stuttg.,Stuttgart,48.7758,9.1829
2174,Doc0326OCR.png,Doc0326OCR,1,GT,10,Tekstutgaver og oversettelser,Carl Wilh. Skarstedt,Bibelen. G.T. Salmene. Svensk Psaltaren ... öfwers. ... samt efter den Swenska kyrkans choral uppstäld,1862,Sth.,,Carl Wilhelm Skarstedt,Sth.,Stockholm,59.3293,18.0686
2175,Doc2914OCR.png,Doc2914OCR,1,ST,,,"Offerdahl, O.",Til forsvar for den gamle kristendom mod den moderne forkyndelse. 3 foredrag,1906,Kra.,Utg. av St.Olafs-trykkeri (Kristelige smaaskrifter. 27.),O. Offerdahl,Kra.,Oslo,59.9139,10.7522
2176,Doc2313OCR.png,Doc2313OCR,1,Le,20,Ordbøker – moderne språk og latin,"Larsen, A.",Svensk Ordbog for Danske og Norske,1866,Kbh.,2den Udg.,"Larsen, A.",Kbh.,Copenhagen,55.6761,12.5683
2177,Doc0679OCR.png,Doc0679OCR,1,SV,20,Indogermanske språk [-> Indoeuropeiske språk],"Bugge, S(øren) B(ruun)","Latinsk Grammatik til Brug ved de lærde Skoler, fornemmelig udarb. efter Brøders, Ramshorns og Zümpts latinske Grammatiker",1835,Chra.,,"Bugge, Søren Bruun",Chra.,Oslo,59.9139,10.7522
2178,Doc0733OCR.png,Doc0733OCR,1,RV,20,Religionsfenomenologi,"Callaway, dr.",The nursery tales of the Zulus,1868,Natal,,"Callaway, dr.",Natal,KwaZulu-Natal,-29.0,31.0
2179,Doc3897OCR.png,Doc3897OCR,1,GT,68,Kommentar til skriftene forøvrig,"Michaelis, Christian Bened.",Daniel,,,,"Michaelis, Christian Bened.",,,,
2180,Doc3897OCR.png,Doc3897OCR,2,GT,68,Kommentar til skriftene forøvrig,"Michaelis, Jo. Heinrich.",Liber Ezra,,,,"Michaelis, Jo. Heinrich.",,,,
2181,Doc3897OCR.png,Doc3897OCR,3,GT,68,Kommentar til skriftene forøvrig,"Rambach, Jo. Jacob",Liber Nehemiae,,,,"Rambach, Jo. Jacob",,,,
2182,Doc3897OCR.png,Doc3897OCR,4,GT,68,Kommentar til skriftene forøvrig,"Michaelis, Jo. Heinrich",1. Chronicorum,,,,"Michaelis, Jo. Heinrich",,,,
2183,Doc3897OCR.png,Doc3897OCR,5,GT,68,Kommentar til skriftene forøvrig,"Rambach, Jo. Jacob",2. Chronicorum,,,,"Rambach, Jo. Jacob",,,,
2184,Doc2315OCR.png,Doc2315OCR,1,GT,,,"Larsen, A.C.",Salomo's Ordsprog overs. og forklarede for Lægfolk,1896,Kbh.,,"Larsen, A.C.",Kbh.,Copenhagen,55.6761,12.5683
2185,Doc2453OCR.png,Doc2453OCR,1,KH,,,"Luther, (Martin)",Werke. Vollständige Auswahl seiner Hauptschriften. Mit Einleitungen hg. von Otto v. Gerlach. B.1-10,1840,Berlin,I 4 b.,"Luther, Martin",Berlin,Berlin,52.52,13.405
2186,Doc3614OCR.png,Doc3614OCR,1,SV,60,Afrikanske språk,"Steere, Edward",Collections for a handbook of the Yao language,1871,London,,"Steere, Edward",London,London,51.5074,-0.1278
2187,Doc0813OCR.png,Doc0813OCR,1,ST,50,Apologetikk,"Christophersen, H.","Autodikdaktens Reflektioner, eller En Røst fra Folkedybet",1887,Arendal,,"Christophersen, H.",Arendal,Arendal,58.4617,8.7722
2188,Doc1978OCR.png,Doc1978OCR,1,PT,92,Annen oppbyggelseslitteratur,"Isene, O.St.",Jesu lignelser. 20 foredrag.,1900,Kra.,,"Isene, O. St.",Kra.,Oslo,59.9139,10.7522
2189,Doc3410OCR.png,Doc3410OCR,1,GT,68,Kommentar til skriftene forøvrig,"Schultens, Albert",Versio intergra Proverbiorum Salomonis et in eadem commentarius quem ... red. et auxit Georg. Jo. Lud. Vogel. Accessit Auctarium interpretationum per Guiel(!) Abrah. Tellerum.,1769,Hala,,"Schultens, Albert",Hala,Halle,51.4828,11.9692
2190,Doc0570OCR.png,Doc0570OCR,1,SV,20,Indogermanske språk [-> Indoeuropeiske språk],"Børring, L(aurits) S(tephan)",Fransk Grammatikk. 7. Udg.,1847,Kbh.,7. Udg.,"Børring, Laurits Stephan",Kbh.,Copenhagen,55.6761,12.5683
2191,Doc3763OCR.png,Doc3763OCR,1,Jød,40,Rabbinismen,,Eighteen treatises from the Mishna. Transl. by D.A. de Sola and M.J. Raphall,1843,London,,,London,London,51.5074,-0.1278
2192,Doc2958OCR.png,Doc2958OCR,1,Ti,40,Tidsskrift – blandet innhold,Oslo smaakirkeforening,Aarsberetning for 1912,1913,Kra.,,Oslo smaakirkeforening,Kra.,Oslo,59.9139,10.7522
2193,Doc0688OCR.png,Doc0688OCR,1,NV,70,Medisin og helse,"Bull, E(dvard Isak Hambro)",Om kvindens helbred: Foredrag.,1886,Kra.,,"Bull, Edvard Isak Hambro",Kra.,Oslo,59.9139,10.7522
2194,Doc2654OCR.png,Doc2654OCR,1,ST,15,Filosofihistorie,"Mill, John Stuart",(Hans) Levned fortalt af ham selv. Paa Dansk ved Vilhelm Arntzen.,1874,Kbh.,,"Mill, John Stuart",Kbh.,Copenhagen,55.6761,12.5683
2195,Doc1668OCR.png,Doc1668OCR,1,PT,92,Annen oppbyggelseslitteratur,J.H.B.,Hans gut (Efter det engelske),1902,Kra.,,J. H. B.,Kra.,Oslo,59.9139,10.7522
2196,Doc2938OCR.png,Doc2938OCR,1,SV,20,Indogermanske språk [-> Indoeuropeiske språk],,Opgaver til engelske Stile.,1865,Chra.,,,Chra.,Oslo,59.9139,10.7522
2197,Doc2938OCR.png,Doc2938OCR,2,SV,20,Indogermanske språk [-> Indoeuropeiske språk],,Opgaver til engelske Stile.,1895,Chra.,5. forøg. udg.,,Chra.,Oslo,59.9139,10.7522
2198,Doc1134OCR.png,Doc1134OCR,1,NV,70,Medisin og helse,"Ebbell, B(endix)",Beri-beri's ætiologi,1901,Kra.,,"Ebbell, Bendix",Kra.,Oslo,59.9139,10.7522
2199,Doc2874OCR.png,Doc2874OCR,1,SV,40,Asiatiske språk,Det norske Missionsselskab,Studieplan for (dets) missionærer i China.,1907,U.s.,,Det norske Missionsselskab,U.s.,Unknown,,
2200,Doc4039OCR.png,Doc4039OCR,1,MV,90,Misjonærbiografier,"Warneck, Gustaf","Kristiana Kähler, en diakonisse på missionsfältet.",1889,Helsingf.,,"Warneck, Gustaf",Helsingf.,Helsinki,60.1695,24.9354
2201,Doc1442OCR.png,Doc1442OCR,1,SV,50,"Malayiske språk, gassisk språk","Gaubert, Fortuné",Le verbe malgache. Mémoire ...,1899,Rome,,"Gaubert, Fortuné",Rome,Rome,41.9028,12.4964
2202,Doc1073OCR.png,Doc1073OCR,1,ST,15,Filosofihistorie,Diogen(es) Laërt(ios),Filosofisk Historie ...,1812,Kbh.,,Diogenes Laërtius,Kbh.,Copenhagen,55.6761,12.5683
2203,Doc3645OCR.png,Doc3645OCR,1,ST,,,"Stobaios, Ioannes",Eclogae physicae et ethicae.,1792,Göttinga,,"Stobaeus, Ioannes",Göttinga,Göttingen,51.5413,9.9158
2204,Doc0569OCR.png,Doc0569OCR,1,Li,50,Fransk litteratur,"Borring, L(aurits) S(tephan)",Album littéraire ...,1866,Cph.,3 e éd. augm.,"Borring, Laurits Stephan",Cph.,Copenhagen,55.6761,12.5683
2205,Doc2747OCR.png,Doc2747OCR,1,NV,20,Astronomi,"Mundt, C(arl) E(mil)",Lærebog i Astronomien for Skoler,1855,Kbh.,,Carl Emil Mundt,Kbh.,Copenhagen,55.6761,12.5683
2206,Doc1693OCR.png,Doc1693OCR,1,NT,47,Kommentar til Paulinske brev,"Harless, G. Chr. Adolph v.",Commentar über den Brief Pauli an die Ephesi,1858,Stuttg.,2. Aufl.,Gottlieb Christoph Adolph von Harless,Stuttg.,Stuttgart,48.7758,9.1829
2207,Doc3122OCR.png,Doc3122OCR,1,ST,,,"Porter, Noah",The human intellect: with an introduction upon psychology and the soul,1869,N.Y.,4th ed.,Noah Porter,N.Y.,New York,40.7128,-74.006
2208,Doc4207OCR.png,Doc4207OCR,1,PT,60,Kateketikk og pedagogikk,"Aas, Karl",Om opdragelsens maal,1901,Thjem.,,Karl Aas,Thjem.,Trondheim,63.4305,10.3951
2209,Doc3848OCR.png,Doc3848OCR,1,Li,40,Latinske klassikere,"Tibullus, (Albius)",Kjærlighedsdigte. Overs. af Karl Conradsen,1871,Kbh.,,Albius Tibullus,Kbh.,Copenhagen,55.6761,12.5683
2210,Doc2624OCR.png,Doc2624OCR,1,ST,,,"Drummond, Henry (1841-1897)",Menneskets skabelse. Fra engelsk ved I.Grøndahl,1910,Kra.,,Henry Drummond,Kra.,Kristiania,59.9139,10.7522
2211,Doc2835OCR.png,Doc2835OCR,1,MV,138,Misjon og kirke på Madagaskar,"Nilsen-Lund, P(eder)",Madagaskar atsimo,1892,Faravohitra,2 ekspl.,Peder Nilsen-Lund,Faravohitra,"Faravohitra, Madagascar",-18.9137,47.5323
2212,Doc4023OCR.png,Doc4023OCR,1,PT,,,"Walter, Ferdinand",Lehrbuch des Kirchenrechts aller christlichen Confessionen,1871,Bonn,14. verb. verm. Ausg.,Ferdinand Walter,Bonn,Bonn,50.7344,7.0955
2213,Doc1608OCR.png,Doc1608OCR,1,Ge,10,"Reiseskildringer, atlas","Haffner, Einar",Geografi for middelskolen,1900,Kra.,,Einar Haffner,Kristiania,Oslo,59.9139,10.7522
2214,Doc0159OCR.png,Doc0159OCR,1,RV,20,Religionsfenomenologi,"Bang, A(nton) Chr(istian)",Norske Hexeformulæ og Magiske Opskrifter,1901,Kra.,,Anton Christian Bang,Kristiania,Oslo,59.9139,10.7522
2215,Doc1607OCR.png,Doc1607OCR,1,PT,92,Annen oppbyggelseslitteratur,"Hafel, Hans T.",En Bekræftelse,1902,Kra.,,Hans T. Hafel,Kristiania,Oslo,59.9139,10.7522
2216,Doc0662OCR.png,Doc0662OCR,1,MV,90,Misjonærbiografier,"Budd, Henry",Henry Budd's Leben und Wirken,1879,Basel,2. Aufl.,Henry Budd,Basel,Basel,47.5596,7.5886
2217,Doc2923OCR.png,Doc2923OCR,1,MV,15,"Misjon - fortellinger, misjonsmotivering","Olsen, A(nders)",Moden frugt,1905,Stvg.,,Anders Olsen,Stavanger,Stavanger,58.969,5.7333
2218,Doc2207OCR.png,Doc2207OCR,1,NT,45,Kommentar til Johannesevangeliet,"Kolmodin, A(dolf)",Johannesevangeliets ursprung,1911,Upps.,,Adolf Kolmodin,Uppsala,Uppsala,59.8586,17.6389
2219,Doc1817OCR.png,Doc1817OCR,1,KH,30,"Oldkirkens kirkehistorie, patristikk",,Historiae ecclesiasticae scriptores Graeci,1571,Prisii,,,Paris,Paris,48.8566,2.3522
2220,Doc1070OCR.png,Doc1070OCR,1,PT,92,Annen oppbyggelseslitteratur,"Dimleby, J.B.",En ny Tid er nær! Profetierne om de sidste Ting og Tider,1894,Laurvik,3. Opl.,J.B. Dimleby,Larvik,Larvik,59.0533,10.0353
2221,Doc3951OCR.png,Doc3951OCR,1,KH,2,,,Vidnesbyrd af Kirkefædrene,1880,Chra.,,,Chra.,Oslo,59.9139,10.7522
2222,Doc0643OCR.png,Doc0643OCR,1,PT,92,Annen oppbyggelseslitteratur,"Bruun, Christopher",Jesus som Konge. Prædiken,1898,Kra.,,"Bruun, Christopher",Kra.,Oslo,59.9139,10.7522
2223,Doc0250OCR.png,Doc0250OCR,1,ST,50,Apologetikk,"Beth, Karl",Der Entwicklungsgedanke und das Christentum,1909,Berlin,,"Beth, Karl",Berlin,Berlin,52.52,13.405
2224,Doc1714OCR.png,Doc1714OCR,1,NT,20,"Ordbøker, konkordanser og grammatikker","Hauck, Wilhelm",Präparationer zum Neuen Testament,1881,Lpz.,,"Hauck, Wilhelm",Lpz.,Leipzig,51.3397,12.3731
2225,Doc3720OCR.png,Doc3720OCR,1,SV,20,Indogermanske språk [-> Indoeuropeiske språk],"Sweet, Henry","An Anglo-Saxon reader in prose and verse with grammatical introduction, notes and glossary",1876,Oxf.,,"Sweet, Henry",Oxf.,Oxford,51.7519,-1.2578
2226,Doc1302OCR.png,Doc1302OCR,1,Li,50,Fransk litteratur,"Feuillet, Octave",Péril en la demeure. Comédie ... 2 e. éd.,1855,Paris,2 e. éd.,"Feuillet, Octave",Paris,Paris,48.8566,2.3522
2227,Doc2842OCR.png,Doc2842OCR,1,GT,70,Gammeltestamentlig bibelteologi og religionshistorie,"Noack, Audvig",Die biblische Theologie,1853,Halle,,"Noack, Audvig",Halle,Halle,51.4969,11.9682
2228,Doc2842OCR.png,Doc2842OCR,2,GT,70,Gammeltestamentlig bibelteologi og religionshistorie,J. Harburger,Massecheth derech erez sutha. Eine Sammlung,1839,Bayreuth,,J. Harburger,Bayreuth,Bayreuth,49.9428,11.5761
2229,Doc0251OCR.png,Doc0251OCR,1,ST,50,Apologetikk,"Bettex, Frédéric",Bibeln Guds ord,1906,Norrköping,,"Bettex, Frédéric",Norrköping,Norrköping,58.5942,16.1826
2230,Doc3457OCR.png,Doc3457OCR,1,KH,,,"Sell, H.",Die geschichtliche Entwicklung der Kirche im 19. Jahrhundert und die ihr dadurch gestellte Aufgabe von K. Sell.,,,,"Sell, H.",,,,
2231,Doc3457OCR.png,Doc3457OCR,2,KH,,,"Heinrici, G.",Die Forschungen über die paulinischen Briefe: ihr gegenwärtigen Stand und ihre Aufgaben von G. Heinrici. Vorträge.,1887,Giessen,,"Heinrici, G.",Giessen,Giessen,50.5841,8.6784
2232,Doc3121OCR.png,Doc3121OCR,1,KH,50,Reformasjonstidens historie,"Pontoppidan, Morten",Morten Luther. En Skildring af hans Liv og Gjerning.,1902,Kbh.,"""Frem""","Pontoppidan, Morten",Kbh.,Copenhagen,55.6761,12.5683
2233,Doc2191OCR.png,Doc2191OCR,1,SV,20,Indogermanske språk [-> Indoeuropeiske språk],"Knudsen, K(nud)",Norsk målvaekst fra 1852 å regne,1894,Kra.,,"Knudsen, Knud",Kra.,Oslo,59.9139,10.7522
2234,Doc3703OCR.png,Doc3703OCR,1,ST,,,"Svanøe, Atle",Lægmandsvirksomheden under luthersk synsvinkel.,1910,Drammen,,"Svanøe, Atle",Drammen,Drammen,59.7439,10.2045
2235,Doc2003OCR.png,Doc2003OCR,1,ST,,,"Jansen, J(ens) J(onas)",Tro og Overtro. Med specielt Hensyn til Kristendommen. Et Foredrag.,1909,Kra.,,"Jansen, Jens Jonas",Kra.,Oslo,59.9139,10.7522
2236,Doc0598OCR.png,Doc0598OCR,1,SV,20,Indogermanske språk [-> Indoeuropeiske språk],"Brekke, K(nud)",Opgaver i engelsk stil nærmest for middelskolens 6 te klasse. 3. opl.,1895,Kra.,,"Brekke, Knud",Kra.,Oslo,59.9139,10.7522
2237,Doc0828OCR.png,Doc0828OCR,1,Li,40,Latinske klassikere,Cicero,Cicero's Cato der Aeltere. Aus dem Lateinischen mit Einleitung und Erl. von Max Oberbreyer. 2. Aufl.,1877,Lpz.,2. Aufl.,Cicero,Lpz.,Leipzig,51.3397,12.3731
2238,Doc0828OCR.png,Doc0828OCR,2,Li,40,Latinske klassikere,Läsius,oder Gespräch über die Freundschaft.,,,,Läsius,,,,
2239,Doc0828OCR.png,Doc0828OCR,3,Li,40,Latinske klassikere,Sallust,Der Jugurthinische Krieg.,,,,Sallust,,,,
2240,Doc2618OCR.png,Doc2618OCR,1,NT,,,"Melander, A.",Grekiskt-Svenkt Hand-Lexicon till Nya Testamentet.,1867,Sth.,,"Melander, A.",Sth.,Stockholm,59.3293,18.0686
2241,Doc2537OCR.png,Doc2537OCR,1,MV,138,Misjon og kirke på Madagaskar,,Madagascar et dépendances Lectures des écoliers malgaches,1901,Paris,,,Paris,Paris,48.8566,2.3522
2242,Doc0764OCR.png,Doc0764OCR,1,SV,,,"Caspari, (Carl Paul)",Chrestomathi (hans arab. Grammatik). Håndskrevet.,,,,"Caspari, Carl Paul",,,,
2243,Doc0701OCR.png,Doc0701OCR,1,PT,90,Prekener og andaktsbøker,"Busch, A.",Vidnesbyrd fra Vor Frue Kirke i Odense.,1906,Kbh.,,"Busch, A.",Kopenhagen,Copenhagen,55.6761,12.5683
2244,Doc1030OCR.png,Doc1030OCR,1,GT,70,Gammeltestamentlig bibelteologi og religionshistorie,"Delitzsch, Franz",System der biblischen Psykologie. 2. umgearb. erw. Aufl.,1861,Lpz.,,"Delitzsch, Franz",Leipzig,Leipzig,51.3397,12.3731
2245,Doc1427OCR.png,Doc1427OCR,1,SV,50,"Malayiske språk, gassisk språk","Gabelentz, H(ans) C(onon) von der",Die melanesischen Sprachen nach ihrem grammatischen Bau und ihrer Verwandtschaft,,,,"Gabelentz, Hans Conon von der",,,,
2246,Doc1958OCR.png,Doc1958OCR,1,GT,30,Innledningsvitenskap,"Iken, Konrad","Antiquitates Hebraicae secundum ... statum ecclesiasticum, politicum et oeconomicum ...",1735,Brema,Ed. 2,"Iken, Konrad",Bremen,Bremen,53.0793,8.8017
2247,Doc3266OCR.png,Doc3266OCR,1,Li,50,Fransk litteratur,"Rousseau, J(ean) J(acques)",Émile ou de l'éducation. N. éd.,,Paris,N. éd.,"Rousseau, Jean Jacques",Paris,Paris,48.8566,2.3522
2248,Doc3070OCR.png,Doc3070OCR,1,Li,30,Greske klassikere,Pindaros,Werke. Griechisch mit ... Uebers. und Anm. von J.A.Hartung. T.1. Die Olympischen Oden.,1855,Lpz.,,Pindaros,Leipzig,Leipzig,51.3397,12.3731
2249,Doc1644OCR.png,Doc1644OCR,1,PT,,,"Hallesby, O(le)",Prestettdannelsen,1919,Kra.,,Ole Hallesby,Kra.,Oslo,59.9139,10.7522
2250,Doc4130OCR.png,Doc4130OCR,1,SV,20,Indogermanske språk [-> Indoeuropeiske språk],"Wittrup, Edw(ard Bartholin Waldemar)",Engelsk Læsebog for Viderekomne,1854,Chra.,,Edward Bartholin Waldemar Wittrup,Chra.,Oslo,59.9139,10.7522
2251,Doc0559OCR.png,Doc0559OCR,1,MV,190,Tropehygiene,"Boone, H.W.","Health hints for missionaries to China by H.W. Boone, P.B. Cousland (and) C.J. Davenport.",,Shangh.,u.å.,H.W. Boone,Shangh.,Shanghai,31.2304,121.4737
2252,Doc1785OCR.png,Doc1785OCR,1,MV,90,Misjonærbiografier,"Hesse, J.",Aus Dr. Hermann Gundert's Leben,1894,Calw,,J. Hesse,Calw,Calw,48.7146,8.7403
2253,Doc2674OCR.png,Doc2674OCR,1,PT,,,,Missionssange,1910,Kra.,,,Kra.,Oslo,59.9139,10.7522
2254,Doc3103OCR.png,Doc3103OCR,1,Li,30,Greske klassikere,Plutarchos,Vie de C.J. César expliquée en francais par M. Beleze,1831,Paris,,Plutarchos,Paris,Paris,48.8566,2.3522
2255,Doc3485OCR.png,Doc3485OCR,1,PT,,,"Simesen, Ingeborg",Natalie Zahle,1919,Kbh. Kra.,,Ingeborg Simesen,Kbh. Kra.,Copenhagen / Oslo,55.6761,12.5683
2256,Doc1514OCR.png,Doc1514OCR,1,PT,92,Annen oppbyggelseslitteratur,"Gossner, Johannes",Evangeliske Husprædikener paa alle Søn- og Festdage,1873,Chra.,,Johannes Gossner,Chra.,Oslo,59.9139,10.7522
2257,Doc1982OCR.png,Doc1982OCR,1,ST,50,Apologetikk,"Iverach, James",The truth of Christianity.,,Edinb. u.a.,,"Iverach, James",Edinb. u.a.,"Edinburgh, among others",55.9533,-3.1883
2258,Doc3772OCR.png,Doc3772OCR,1,KH,,,"Tandberg, Jens",Biskop Heuchs Liv og Virke.,1905,Kra.,,"Tandberg, Jens",Kra.,Oslo,59.9139,10.7522
2259,Doc1925OCR.png,Doc1925OCR,1,NV,30,Fysikk,"Huxley, T(homas) H(enry)",Physiographie. Eine Einleitung in das Studium der Natur.,1884,Lpz.,Autor.Ausg.,"Huxley, Thomas Henry",Lpz.,Leipzig,51.3397,12.3731
2260,Doc1255OCR.png,Doc1255OCR,1,MV,121,Misjon og kirke i Kina,,Das Evangelium unter den Bauern der Tschonglok-Berge. Ein Bild aus der chinesischen Mission.,1890,Basel,,,Basel,Basel,47.5596,7.5886
2261,Doc0045OCR.png,Doc0045OCR,1,Li,20,Arabisk og orientalsk litteratur,Edward William Lane,"The thousand and one nights, commonly called... The Arabian night's entertainments. A new transl. from the Arabic...",1877,London,A new ed.,Edward William Lane,London,London,51.5074,-0.1278
2262,Doc1801OCR.png,Doc1801OCR,1,Li,40,Latinske klassikere,"Heuzet, (Jean)",Selectae e profanis scriptoribus historiae.,1887,Paris,,"Heuzet, Jean",Paris,Paris,48.8566,2.3522
2263,Doc0636OCR.png,Doc0636OCR,1,PT,92,Annen oppbyggelseslitteratur,"Brun, Lyder",Livets kunst. En tale til studenter,1907,Kra.,,"Brun, Lyder",Kra.,Oslo,59.9139,10.7522
2264,Doc1322OCR.png,Doc1322OCR,1,Et,20,Sosiologi,"Fischer, Hermann",Grundzüge der deutschen Altertumskunde.,1917,Lpz.,2. verb. Aufl.,"Fischer, Hermann",Lpz.,Leipzig,51.3397,12.3731
2265,Doc0744OCR.png,Doc0744OCR,1,ST,,,"Canright, D.M.",De dødes søvn.,,Kra.,,"Canright, D.M.",Kra.,Oslo,,
2266,Doc3625OCR.png,Doc3625OCR,1,ST,,,"Stende, E.G.",Christentum und Naturwissenschaft,1895,Gütersl.,,"Stende, E.G.",Gütersl.,Gütersloh,,
2267,Doc2308OCR.png,Doc2308OCR,1,Li,10,Litteraturhistorie - allment,"Lanson, Gustave",Histoire de la littérature francaise,1896,Paris,,"Lanson, Gustave",Paris,Paris,48.8566,2.3522
2268,Doc0544OCR.png,Doc0544OCR,1,Li,50,Fransk litteratur,"Boileau (-Despréaux, Nicolas)",Oeuvres choisies,1890,Paris,3 e éd. rev. par M. l'abbé J.C.,"Boileau (-Despréaux, Nicolas)",Paris,Paris,48.8566,2.3522
2269,Doc2341OCR.png,Doc2341OCR,1,PT,92,Annen oppbyggelseslitteratur,"Lees, J. Cameron",Life and conduct,1892,Edinb.,,"Lees, J. Cameron",Edinb.,Edinburgh,55.9533,-3.1883
2270,Doc0079OCR.png,Doc0079OCR,1,PT,92,Annen oppbyggelseslitteratur,"Andrews, J.N.",Den rige Mand og Lazarus,,Kra.,,"Andrews, J.N.",Kra.,Oslo,,
2271,Doc1317OCR.png,Doc1317OCR,1,MV,170,Israelsmisjon,"Finn, Mrs.",Home in the Holy land. A tale illustrating customs and incidents in modern Jerusalem.,1866,London,,"Finn, Mrs.",London,London,51.5074,-0.1278
2272,Doc2557OCR.png,Doc2557OCR,1,ST,,,"Malebranche, N(icolas)",De la recherche de la vérité,1879,Paris,Nouvelle ed. avec des notes et une introduction par Francisque Bouillier T. 1-2.,"Malebranche, N(icolas)",Paris,Paris,48.8566,2.3522
2273,Doc2580OCR.png,Doc2580OCR,1,PT,90,Prekener og andaktsbøker,"Martensen, H(ans)","Prædikener, holdte i Aarene 1852 og 1853.",1854,Kbh.,,"Martensen, Hans",Kbh.,Copenhagen,55.6761,12.5683
2274,Doc0269OCR.png,Doc0269OCR,1,Bi,,,,Bibelen. Gassisk. Ny Baiboly.,1865,London,,,London,London,51.5074,-0.1278
2275,Doc0171OCR.png,Doc0171OCR,1,KH,,,"Barratt, T. B.","Sandheten om ""pinsevækelsen"".",1916,Kra.,,"Barratt, T. B.",Kra.,Oslo,59.9139,10.7522
2276,Doc3086OCR.png,Doc3086OCR,1,Li,30,Greske klassikere,"Collins, Cliffor W.",Plato. Reprint.,1877,Edinb.,,"Collins, Cliffor W.",Edinb.,Edinburgh,55.9533,-3.1883
2277,Doc2105OCR.png,Doc2105OCR,1,MV,122,Misjon og kirke i India,"Karunagaran, Paul",Der Einsiedler von Perambra.,1889,Basel,,"Karunagaran, Paul",Basel,Basel,47.5596,7.5886
2278,Doc1881OCR.png,Doc1881OCR,1,Li,40,Latinske klassikere,"Horat(ius) Flaccus, Quintus",Breve (af) Horats. Overs. af Carl Müller og Fr. Gjertsen.,1878,Chra.,,"Horatius Flaccus, Quintus",Chra.,Oslo,59.9139,10.7522
2279,Doc2671OCR.png,Doc2671OCR,1,MV,90,Misjonærbiografier,,Missions-Biblioteket.,,Kbh.,,,Kbh.,Copenhagen,55.6761,12.5683
2280,Doc0555OCR.png,Doc0555OCR,1,Te,10,Matematikk,"Bonnevie, J(akob) A(all)",Lærebog i plangeometri for gymnasiet Udarb .... af J.A.Bonnevie og H.L. Sørensen.,1902,Kra.,4. Opl.,"Bonnevie, Jakob Aall",Kra.,Oslo,59.9139,10.7522
2281,Doc0217OCR.png,Doc0217OCR,1,Bi,20,"Bibelkunnskap, hermeneutikk","Belsheim, J(ohannes)",Den evangeliske Histories Troværdighed og de nytestamentlige Skrifters Oprindelse,1891,Kra.,,Johannes Belsheim,Kra.,Oslo,59.9139,10.7522
2282,Doc2015OCR.png,Doc2015OCR,1,PT,84,,"Jensen, Gustav",Forslag til en revideret salmebok for den Norske Kirke,1915,Kra.,,Gustav Jensen,Kra.,Oslo,59.9139,10.7522
2283,Doc2360OCR.png,Doc2360OCR,1,Bi,20,"Bibelkunnskap, hermeneutikk","Leusden, Johannes (1624-99)",Compendium Graecum Novi Testamenti,1688,Lugd.Bat.,Ed. 4. emend.,Johannes Leusden,Lugd.Bat.,Leiden,52.1601,4.497
2284,Doc2360OCR.png,Doc2360OCR,2,,20,,"Leusden, Johannes","Compendium Biblicum, continens ... Veteris Testamenti ...",1685,Lugd.Bat.,Ed. 3.,Johannes Leusden,Lugd.Bat.,Leiden,52.1601,4.497
2285,Doc2441OCR.png,Doc2441OCR,1,GT,,,"Luther, Martin",Gründliche und Erbauliche Auslegung des Ersten Buches Mosis ...(Hg.) von Johann Georg Walch,1739,Halle im Magdeb.,2. T.,Martin Luther,Halle im Magdeb.,Halle (Saale),51.4828,11.9692
2286,Doc3706OCR.png,Doc3706OCR,1,KH,,,"Sverdrup, Edvard","Den evangelisk lutherske tro, dens historiske gjennembrud og dens grundsandheter efter den augsburgske bekjendelse",1915,Kra.,,Edvard Sverdrup,Kra.,Oslo,59.9139,10.7522
2287,Doc0495OCR.png,Doc0495OCR,1,Li,20,Arabisk og orientalsk litteratur,Bidpai,"Kalila og Dimma, en Række moralske og politiske Fabler. Fra det Arabiske overs. af C.A.Holmboe",1880,Chra.,,Bidpai,Chra.,Oslo,59.9139,10.7522
2288,Doc1267OCR.png,Doc1267OCR,1,GT,70,Gammeltestamentlig bibelteologi og religionshistorie,"Fairbairn, Patrick",The typology of Scripture ...,1870,Edinb.,5 th. ed. Vol.1-2.,Patrick Fairbairn,Edinb.,Edinburgh,55.9533,-3.1883
2289,Doc4026OCR.png,Doc4026OCR,1,GT,20,"Ordbøker, konkordanser og grammatikker","Walton, Brian",In Biblia polyglotta prolegomena,1777,Lips.,,Brian Walton,Lips.,Leipzig,51.3397,12.3731
2290,Doc0955OCR.png,Doc0955OCR,1,MS,,,"Dahle, L(ars)",Har vi Guds Ord i Bibelen? eller: Den hellige Skrift efter sin guddommelige og menneskelige Oprindelse.,,,,"Dahle, Lars",,,,
2291,Doc2669OCR.png,Doc2669OCR,1,MV,40,Norsk misjon – allment,,"The Missionary World, being an encyclopedia of Christian missions",1873,London,,,London,London,51.5074,-0.1278
2292,Doc3436OCR.png,Doc3436OCR,1,KH,,,"Seeberg, Reinhold",An der Schwelle des 20. Jahrhunderts. Rückblicke auf das letzte Jahrhundert deutschen Kirchengeschichte. 2. verb. verm. Aufl.,1901,Lpz.,2. verb. verm. Aufl.,"Seeberg, Reinhold",Lpz.,Leipzig,51.3397,12.3731
2293,Doc0718OCR.png,Doc0718OCR,1,SV,20,Indogermanske språk [-> Indoeuropeiske språk],"Bühler, Georg",Leitfaden für den Elementarcursus des Sanskrit,1883,Wien,,"Bühler, Georg",Wien,Vienna,48.2082,16.3738
2294,Doc3472OCR.png,Doc3472OCR,1,ST,20,Prinsipplære og religionshistorie,"Sibbern, Frederik Christian",Speculativ Kosmologie med Grundlag til en speculativ Theologie,1846,Kbh.,,"Sibbern, Frederik Christian",Kbh.,Copenhagen,55.6761,12.5683
2295,Doc3472OCR.png,Doc3472OCR,2,ST,20,Prinsipplære og religionshistorie,Oehlenschläger (Adam),Nordiske Oldsagn,1852,Kbh.,,"Oehlenschläger, Adam",Kbh.,Copenhagen,55.6761,12.5683
2296,Doc3472OCR.png,Doc3472OCR,3,ST,20,Prinsipplære og religionshistorie,"Nielsen, R.",Philosophisk Propædeutik i Grundtræk,1857,Kbh.,,"Nielsen, R.",Kbh.,Copenhagen,55.6761,12.5683
2297,Doc0094OCR.png,Doc0094OCR,1,Ge,20,Enkelte lands geografi,"Arbo, A.",Tourist-Skitzer fra endeel af Norges mærkeligste Egne,1859,Chra.,,"Arbo, A.",Chra.,Oslo,59.9139,10.7522
2298,Doc1350OCR.png,Doc1350OCR,1,KH,8,,,Foreningen til Evangeliets Forkyndelse for skandinaviske Sømænd i fremmede Havne. Beretning med regnskap for 1917-18.,1918,Bergen,2. ekspl.,,Bergen,Bergen,60.3913,5.3221
2299,Doc1307OCR.png,Doc1307OCR,1,MV,20,"Misjon - konferanser, rapporter, oversikter",,Field of Malaysia. Records of a Conference held at Singapore January 1913.,1913,Singapore,,,Singapore,Singapore,1.3521,103.8198
2300,Doc3555OCR.png,Doc3555OCR,1,KH,,,"Spangenberg, August Gottlieb","Idea fidei fratrum, eller kort Begreb af den christelige lärdom i de evangeliske Brødremenigheder",1830,Aarhus,,"Spangenberg, August Gottlieb",Aarhus,Aarhus,56.1629,10.2039
2301,Doc1205OCR.png,Doc1205OCR,1,KH,30,"Oldkirkens kirkehistorie, patristikk",Ephraem Syrus,Select metrical hymns and homilies,1853,London,,Ephraem Syrus,London,London,51.5074,-0.1278
2302,Doc0161OCR.png,Doc0161OCR,1,KH,80,Norges kirkehistorie,"Bang, A. Chr.",Den Norske Kirkes historie,1912,Kra./Kbh.,,"Bang, A. Chr.",Kra./Kbh.,Oslo/Copenhagen,,
2303,Doc2714OCR.png,Doc2714OCR,1,PT,92,Annen oppbyggelseslitteratur,"Moody, D(wight) L(yman)",Religiøse Taler,1875,Kra.,,"Moody, Dwight Lyman",Kra.,Oslo,59.9139,10.7522
2304,Doc2476OCR.png,Doc2476OCR,1,ST,,,"Lyng, Ge(org) Vil(helm)",Grundtankernes System. En udførligere Fremstilling af Logiken. D. 1. Ontologien,1882,Chra.,,"Lyng, Georg Vilhelm",Chra.,Oslo,59.9139,10.7522
2305,Doc2476OCR.png,Doc2476OCR,2,ST,,,"Horn, E. F. B.",Tro og Tænkning,1866,Chra.,,"Horn, E. F. B.",Chra.,Oslo,59.9139,10.7522
2306,Doc2763OCR.png,Doc2763OCR,1,SV,10,Språkvitenskap – allment,"Müller, (Friedrich) Max",Lectures on the science of Language ...,1866,London,"5 th ed., rev.","Müller, Friedrich Max",London,London,51.5074,-0.1278
2307,Doc4211OCR.png,Doc4211OCR,1,Li,80,Norrøn og nordisk litteratur,"Aasen, I(var)",Norske Ordsprog,1881,Chra.,2.,"Aasen, Ivar",Chra.,Oslo,59.9139,10.7522
2308,Doc3643OCR.png,Doc3643OCR,1,NV,50,Zoologi,"Stirling, James Hutchison",Darwinism: workmen and work,1894,Edinb.,,"Stirling, James Hutchison",Edinb.,Edinburgh,55.9533,-3.1883
2309,Doc3904OCR.png,Doc3904OCR,1,KH,,,"Uhlhorn, Gerhard",Kirkeligt Liv i Fortid og Nutid Foredrag. Overs. af O.G. Arctander.,1883,Chra.,,"Uhlhorn, Gerhard",Chra.,Oslo,59.9139,10.7522
2310,Doc0808OCR.png,Doc0808OCR,1,PT,92,Annen oppbyggelseslitteratur,,"Christliches Schatzkästlein oder erbauliche und lehrreiche Denksprüche der ersten Christen, auf alle Tage des Jahrs.",1841,Reutlingen,,,Reutlingen,Reutlingen,48.4914,9.2116
2311,Doc3395OCR.png,Doc3395OCR,1,SV,30,Semittiske språk,"Schrader, Eberhard",Die assyrisch-babylonischen Keilinschriften. Kritische Untersuchung der Grundlagen ihrer Entzifferung,1872,Lpz.,,"Schrader, Eberhard",Lpz.,Leipzig,51.3397,12.3731
2312,Doc1097OCR.png,Doc1097OCR,1,NV,30,Fysikk,"Drincourt, E.",Trois années (en un volume) de physique dans l'Enseignement primaire supérieur,1899,Paris,8 e éd.,"Drincourt, E.",Paris,Paris,48.8566,2.3522
2313,Doc0448OCR.png,Doc0448OCR,1,NT,10,Tekstutgaver og oversettelser,,Bibelen. N.T. & Salmene. Norsk. Vor Herres og Frelsers Jesu Christi Nye Testament med Davids Psalmer.,1891,Chra.,,,Chra.,Oslo,59.9139,10.7522
2314,Doc0906OCR.png,Doc0906OCR,1,ST,,,"Culmann, Ph(ilipp) Theodor",Die christliche Ethik. T.1-2.,1866,Stuttg.,,"Culmann, Philipp Theodor",Stuttg.,Stuttgart,48.7758,9.1829
2315,Doc0906OCR.png,Doc0906OCR,2,ST,,,"Caspari, C.P.",Nadverdens Indstiftelsesords gudstjenestelige Historie fra det 5. Aarhundrede af.,1868,Chra.,,"Caspari, C.P.",Chra.,Oslo,59.9139,10.7522
2316,Doc1584OCR.png,Doc1584OCR,1,ST,,,"Greve, Jens",Aabent Brev til Dr. Georg Fasting angaaende hans Bog om Samvittigheden eller om Troens og Lærens Grund.,1898,Bergen,,"Greve, Jens",Bergen,Bergen,60.3929,5.3221
2317,Doc1686OCR.png,Doc1686OCR,1,Va,20,?,"Hanssen, E.",Den sociale mission og dens opgaver. Indledningsforedrag.,1891,Chra.,2 e ekspl.,"Hanssen, E.",Chra.,Oslo,59.9139,10.7522
2318,Doc1977OCR.png,Doc1977OCR,1,PT,92,Annen oppbyggelseslitteratur,"Isaachsen, Th(orvald)",Konfirmationens velsignelse. Et ord til konfirmanderne.,,Kra.,u.å.,"Isaachsen, Thorvald",Kra.,Oslo,59.9139,10.7522
2319,Doc3074OCR.png,Doc3074OCR,1,Li,30,Greske klassikere,Plato(n),"The apology of Socrates, the Crito, and the Phaedo. Three dialogues. From the text of C.F.Hermann. Ed. with English notes ... James Davies.",1871,London,,Plato,London,London,51.5074,-0.1278
2320,Doc0694OCR.png,Doc0694OCR,1,SV,60,Afrikanske språk,"Bunyan, John","The pilgrim's progress transl. into Otyiherero, a language ...(of) South-West-Africa. By H.Brincker.",1873,Berlin,,"Bunyan, John",Berlin,Berlin,52.52,13.405
2321,Doc0278OCR.png,Doc0278OCR,1,Bi,40,Bibelutgaver,,Bibelen. Tysk. Die Bibel ... nach der deutschen Ubers. Martin Luthers. Durchges. .. Taschenausg. 15.Aufl.,1900,Stuttg.,,,Stuttg.,Stuttgart,48.7758,9.1829
2322,Doc1206OCR.png,Doc1206OCR,1,KH,,,Ephraem Syrus,"The repentance of Nineveh, a metrical homily ... and (other) pieces. Transl. from the orig. Syriac, with an introduction and notes, by Henry Burgess.",1853,London,,Ephraem Syrus,London,London,51.5074,-0.1278
2323,Doc2192OCR.png,Doc2192OCR,1,SV,20,Indogermanske språk [-> Indoeuropeiske språk],"Knudsen, K.",Unorsk og Norsk eller Fremmedords Avløsning.,1881,Kra.,,"Knudsen, K.",Kra.,Oslo,59.9139,10.7522
2324,Doc0573OCR.png,Doc0573OCR,1,Hi,10,Politisk historie og kulturhistorie,"Bossuet, J(acques) B(énigne)",Discours sur l'histoire universelle,1841,Paris,,"Bossuet, Jacques Bénigne",Paris,Paris,48.8566,2.3522
2325,Doc1152OCR.png,Doc1152OCR,1,NT,,,"Edersheim, A.","Templet,dets presteskab og gudstjeneste paa Kristi tid. Overs. af John Gjerløw.",1893,Kra.,,"Edersheim, Alfred",Kra.,Oslo,59.9139,10.7522
2326,Doc3667OCR.png,Doc3667OCR,1,GT,20,"Ordbøker, konkordanser og grammatikker","Strack, H(ermann) L.","Hebraisk Grammatik. Hebraisk Formlære af H.L. Strack, overs. af H. Kismayer. Hebraisk Syntax af Fr. Buhl",1897,Kbh.,2. Udg.,"Strack, Hermann L.",København,Copenhagen,55.6761,12.5683
2327,Doc0129OCR.png,Doc0129OCR,1,KH,,,Augustinus,"Bekjendelser, Overs. av Stian Vemmestad",1881,Chra.,,Augustinus,Kristiania,Oslo,59.9139,10.7522
2328,Doc0129OCR.png,Doc0129OCR,2,KH,,,Tertullianus,Forsvarsskrift for de kristne mod Hedningerne. Overs. av C.I. Arntsen,1880,Chra.,,Tertullianus,Kristiania,Oslo,59.9139,10.7522
2329,Doc2960OCR.png,Doc2960OCR,1,MV,121,Misjon og kirke i Kina,"Ostby, O.A.",Kina og Kineserne,1893,Chicago,,"Ostby, O.A.",Chicago,Chicago,41.8781,-87.6298
2330,Doc4017OCR.png,Doc4017OCR,1,ST,,,"Wake, C. Staniland",Chapters on man. With the outlines of a science of comparative psychology,1868,London,,"Wake, C. Staniland",London,London,51.5074,-0.1278
2331,Doc3017OCR.png,Doc3017OCR,1,KH,80,Norges kirkehistorie,"Perger, August","Jesuiterpaterem Laurits Nielsen saakaldt ""Klosterlasse""",1896,Kra.,,"Perger, August",Kristiania,Oslo,59.9139,10.7522
2332,Doc1416OCR.png,Doc1416OCR,1,SV,30,Semittiske språk,"Fürst, Julius",Formenlehre der Chaldäischen Grammatik,1835,Lpz.,,"Fürst, Julius",Leipzig,Leipzig,51.3397,12.3731
2333,Doc3401OCR.png,Doc3401OCR,1,NV,50,Zoologi,"Schreiner, K(ristian) E(mil)",Aper og mennesker,1917,Kra.,,"Schreiner, Kristian Emil",Kristiania,Oslo,59.9139,10.7522
2334,Doc4200OCR.png,Doc4200OCR,1,ST,40,Etikk og moral,"Aars, Kristian Birch-Reichenwald",Gut und Böse. Zur Psychologie der Moralgefühle,1907,Kra.,,"Aars, Kristian Birch-Reichenwald",Kristiania,Oslo,59.9139,10.7522
2335,Doc2563OCR.png,Doc2563OCR,1,PT,80,Hymnologi og kirkemusikk,"Mankell, Abraham",Svenska Psalmeboken förened med dess Koralier.,1865,Sth.,,"Mankell, Abraham",Stockholm,Stockholm,59.3293,18.0686
2336,Doc1273OCR.png,Doc1273OCR,1,MV,138,Misjon og kirke på Madagaskar,,Famakian-teny,1882,Antan.,"Fizarana 1.,2.",,Antananarivo,Antananarivo,-18.8792,47.5079
2337,Doc1273OCR.png,Doc1273OCR,2,MV,138,Misjon og kirke på Madagaskar,,Famakian-teny,1884,Antan.,Fizarana 1.,,Antananarivo,Antananarivo,-18.8792,47.5079
2338,Doc3165OCR.png,Doc3165OCR,1,MV,138,Misjon og kirke på Madagaskar,(Rainitavy),Hvilke goder har vi madagassere modtaget i vor Bibel?.,1904,Stvg.,2 ekspl.,Rainitavy,Stavanger,Stavanger,58.9699756,5.7331073
2339,Doc3646OCR.png,Doc3646OCR,1,MV,90,Misjonærbiografier,"Stocking, Karl",Ein Prediger aus den Soldaten und für die Soldaten.,1889,Basel,,"Stocking, Karl",Basel,Basel,47.5596,7.5886
2340,Doc0169OCR.png,Doc0169OCR,1,KH,50,Reformasjonstidens historie,Barnabas,Barnabas's brev.,1917,Kr.sand,,Barnabas,Kristiansand,Kristiansand,58.1467,7.9956
2341,Doc2522OCR.png,Doc2522OCR,1,Hi,10,Politisk historie og kulturhistorie,"Macaulay (of Rothley, Thomas Babington)",The history of England from the accenssion of James the second. Vol. 1-4.,1869,London,4. b.,"Macaulay, Thomas Babington",London,London,51.5074,-0.1278
2342,Doc2298OCR.png,Doc2298OCR,1,MV,50,Norsk misjon - Det Norske Misjonsselskap,"Landmark, N.",Det Norske Missionsselskab.,1889,Kra.,,"Landmark, N.",Kristiania,Oslo,59.9139,10.7522
2343,Doc3325OCR.png,Doc3325OCR,1,MV,121,Misjon og kirke i Kina,"Saunders, Alexander R.",A God of deliverances ... (from) the boxer rising ...,1901,London,3 rd ed.,"Saunders, Alexander R.",London,London,51.5074,-0.1278
2344,Doc0498OCR.png,Doc0498OCR,1,MV,10,Misjonsteori – allment,"Birkeli, Emil",Omkring missionæren,1923,Stvg.,,"Birkeli, Emil",Stvg.,Stavanger,58.9699756,5.7331073
2345,Doc2718OCR.png,Doc2718OCR,1,Li,60,Engelsk litteratur,"Morley, Henry",Of English literature in the reign of Victoria. With a glance of the past,1881,Lpz.,Tauchnitz ed. vol. 2000,"Morley, Henry",Lpz.,Leipzig,51.3396955,12.3730747
2346,Doc0842OCR.png,Doc0842OCR,1,Li,40,Latinske klassikere,"Cicero, (Marcus Tullius)",Vom dem höchsten Gute und Uebel. 5 Bücher. Uebersetzt und erkl. von Raphael Kühner,1861,Stuttg.,,"Cicero, Marcus Tullius",Stuttg.,Stuttgart,48.7758459,9.1829321
2347,Doc4180OCR.png,Doc4180OCR,1,Li,80,Norrøn og nordisk litteratur,,Den ældre Edda. Oversat af H.G. Møller,1870,Kbh.,,,Kbh.,København,55.6760968,12.5683372
2348,Doc2526OCR.png,Doc2526OCR,1,NT,,,"McClymont, J.A.",The New Testament and its writers,1894,London,,"McClymont, J.A.",London,London,51.5072178,-0.1275862
2349,Doc0111OCR.png,Doc0111OCR,1,Ge,10,"Reiseskildringer, atlas","Arstal, Aksel",Norges og de vigtigste andre landes økonomiske forhold,1902,Kra.,,"Arstal, Aksel",Kra.,Kristiania,59.911491,10.757933
2350,Doc2290OCR.png,Doc2290OCR,1,Li,50,Fransk litteratur,"La Fontaine, (Jean de)",Fables. Nouv. éd. rev. ...,1894,Paris,,"La Fontaine, Jean de",Paris,Paris,48.8566969,2.3514616
2351,Doc0916OCR.png,Doc0916OCR,1,KH,30,"Oldkirkens kirkehistorie, patristikk","Cyprianus, Thascius Cæcilius",Om den almindelige Kirkes Enhed og Om Herrens Bøn. Overs. af J.N. Skaar,1880,Chra.,,"Cyprianus, Thascius Cæcilius",Chra.,Christiania,59.911491,10.757933
2352,Doc2061OCR.png,Doc2061OCR,1,NV,30,Fysikk,"Joyce, J.",Scientific dialogues: principles of natural and experimental philosophy,1862,London,"A new and enl. ed. by William Pinnock, Rev. by J. W. Griffith.","Joyce, J.",London,London,51.5074,-0.1278
2353,Doc2019OCR.png,Doc2019OCR,1,PT,,,"Jensen, Gustav",De nuværende Vilkaar for den norske Kirkes Prestetjeneste. Forelæsninger.,1898,Kra.,,"Jensen, Gustav",Kristiania,Oslo,59.9139,10.7522
2354,Doc0158OCR.png,Doc0158OCR,1,PT,94,Lærebøker i kristendomskunnskap,"Bang, A. Chr.",(Motiver til en ny Udgave af fortſ.) Dr. M. Luthers Lille Katekismus i ældre og yngre danske og islandske Oversættelser samt Forslag til en ny Oversættelse for den norske Kirke.,1889,Kra.,,"Bang, A. Chr.",Kristiania,Oslo,59.9139,10.7522
2355,Doc4144OCR.png,Doc4144OCR,1,KH,,,"Wycliffe, John de",Tracts and treatises with selections and translations from his ms. and Latin works,1845,London,Ed. by Robert Vaughan.,"Wycliffe, John de",London,London,51.5074,-0.1278
2356,Doc2908OCR.png,Doc2908OCR,1,ST,35,Systematisk teologi – monografier,"Oettingen, Alexander von","De peccato in Spiritum sanctum, qua cum eschatologia Christiana contineatur ratione, disputatio.",1856,Dorpatum Livonorum (Jurjev),,"Oettingen, Alexander von",Dorpat,Tartu,58.3776,26.729
2357,Doc4120OCR.png,Doc4120OCR,1,KH,,,"Winer, Geo(rg) Bend(ict)",Comparative Darstellung des Lehrbegriffs der verschiedenen christlichen Kirchenparteien,1837,Lpz.,2. verb. verm. Aufl.,"Winer, Georg Benedict",Leipzig,Leipzig,51.3397,12.3731
2358,Doc4093OCR.png,Doc4093OCR,1,GT,20,"Ordbøker, konkordanser og grammatikker","White, H.K.",Hebraisk Sproglære,1857,Kbh.,2. forb. Udg.,"White, H.K.",København,Copenhagen,55.6761,12.5683
2359,Doc2975OCR.png,Doc2975OCR,1,PT,,,"Palmer, Christian",Evangelisk Pædagogik,1856,Sth.,Efter 2. tyska uppl. öfwers. af S. Cawallin.,"Palmer, Christian",Stockholm,Stockholm,59.3293,18.0686
2360,Doc2451OCR.png,Doc2451OCR,1,KH,,,"Luther, Martin",Til det tyske folks kristne adel om forbedring av kirkevæsenet. Om en kristens frihet. Brev til pave Leo X.,1917,Kra.,,"Luther, Martin",Kra.,Oslo,59.9139,10.7522
2361,Doc2482OCR.png,Doc2482OCR,1,ST,50,Apologetikk,"Lyon, W.P.","Millenial studies: or, What saith the Scripture concerning the kingdom and adventure of Christ?",1856,London,,"Lyon, W.P.",London,London,51.5074,-0.1278
2362,Doc2200OCR.png,Doc2200OCR,1,SV,20,Indogermanske språk [-> Indoeuropeiske språk],"Koht, Halvdan",Det norske målstrævs historie,1898,Kra.,,"Koht, Halvdan",Kra.,Oslo,59.9139,10.7522
2363,Doc0795OCR.png,Doc0795OCR,1,MV,121,Misjon og kirke i Kina,China Continuation Committee,Proceedings of the Seventh Annual Meeting. Shanghai 1919.,1919,Shanghai,,China Continuation Committee,Shanghai,Shanghai,31.2304,121.4737
2364,Doc4025OCR.png,Doc4025OCR,1,KH,140,Luthers verker,"Walther, Wilh(elm)",Luther og den Hellige skrift,1917,Kra.,,"Walther, Wilh(elm)",Kra.,Oslo,59.9139,10.7522
2365,Doc3194OCR.png,Doc3194OCR,1,ST,,,"Reinhard, Franz Volkmar",System der Christlichen Moral 1. - 5. Aufl. B.1-5. + Reg.,1815,Wittenb.,,"Reinhard, Franz Volkmar",Wittenb.,Wittenberg,51.8677,12.6475
2366,Doc0067OCR.png,Doc0067OCR,1,Hi,10,Politisk historie og kulturhistorie,,Ancient History from the Monuments,,Lond.,3 vols.,,Lond.,London,51.5074,-0.1278
2367,Doc0670OCR.png,Doc0670OCR,1,PT,,,"Bugge, Chr(istian) A(ugust)",Herbert Spencers opdragelseslære. En fremstilling og en bedømmelse.,1889,Kra.,,"Bugge, Christian August",Kra.,Oslo,59.9139,10.7522
2368,Doc0428OCR.png,Doc0428OCR,1,NT,10,Tekstutgaver og oversettelser,Loekas,Kisah segala rasoel jang koedoes tersoerat olih Loekas,1901,Amst.,,Loekas,Amst.,Amsterdam,52.3676,4.9041
2369,Doc1215OCR.png,Doc1215OCR,1,Hi,20,Nordisk historie,"Erichsen, A(ndreas) E(mil)","Norges, Sveriges og Danmarks historie",1893,Kra.,8. utg.,"Erichsen, Andreas Emil",Kra.,Oslo,59.9139,10.7522
2370,Doc2589OCR.png,Doc2589OCR,1,SV,20,Indogermanske språk [-> Indoeuropeiske språk],"Mason, C.P.",Analytical Latin exercises,1876,London,2 nd ed.,"Mason, C.P.",London,London,51.5074,-0.1278
2371,Doc1855OCR.png,Doc1855OCR,1,SV,20,Indogermanske språk [-> Indoeuropeiske språk],"Holmboe, C(hristopher) A(ndreas)","Sanskrit og Oldnorsk, en sprogsammenlignende Afhandling",1846,Chra.,,"Holmboe, Christopher Andreas",Chra.,Oslo,59.9139,10.7522
2372,Doc2034OCR.png,Doc2034OCR,1,Jød,10,Jødedommen - allment og blandet,Jishaq bar Abraham,"Befestigung im Glauben, neu hg. vermehrt mit einer Uebersetzung ins Deutsche von David Deutsch",1873,Sohrau,2. verm. Ausg.,Jishaq bar Abraham,Sohrau,Żory,50.0364,18.7006
2373,Doc1774OCR.png,Doc1774OCR,1,MV,70,Nordisk misjon - selskap utenfor Norge,"Hertel, Ludvig",Santhal-Missions-Bevægelsen i Danmark,1903,Odense,1.D.,"Hertel, Ludvig",Odense,Odense,55.4038,10.4024
2374,Doc3296OCR.png,Doc3296OCR,1,Li,80,Norrøn og nordisk litteratur,C.R. Unger,Barlaams ok Josaphats saga. En religiøs romantisk Fortælling overført paa Norsk af Kong Haakon Sverressøn,1851,Chra.,,C.R. Unger,Chra.,Oslo,59.9139,10.7522
2375,Doc0841OCR.png,Doc0841OCR,1,Li,40,Latinske klassikere,"Cicero, M(arcus) Tullius","Om Varsler og Spådomme. En Dialog, overs. af Valdemar Thoresen",1892,Kbh.,,"Cicero, Marcus Tullius",Kbh.,Copenhagen,55.6761,12.5683
2376,Doc3391OCR.png,Doc3391OCR,1,PT,94,Lærebøker i kristendomskunnskap,"Schneider, R.",Christliche Klänge aus den griechischen und römischen Klassikern... im Anschluss an den Catechismus...,1865,Gotha,,"Schneider, R.",Gotha,Gotha,50.9466,10.6974
2377,Doc3812OCR.png,Doc3812OCR,1,Le,20,Ordbøker – moderne språk og latin,"Thieme, F.W.","Neues vollständiges Wörterbuch der Englischen und Deutschen Sprache. Neue,... verb. Ster.Aufl. Hg. von E.Preusser. Englisch-Deutsch. Deutsch-Englisch. 32.Taus.",1859,Altona,,"Thieme, F.W.",Altona,Altona,53.5511,9.9337
2378,Doc2212OCR.png,Doc2212OCR,1,GT,64,Kommentar til profetbøkene,"Kolmodin, A.",Profeten Nahum. Ofversättning och utläggning.,1898,Sth.,,"Kolmodin, A.",Stockholm,Stockholm,59.3293,18.0686
2379,Doc3465OCR.png,Doc3465OCR,1,MV,15,"Misjon - fortellinger, misjonsmotivering","Seyffarth, Henr(ik)",Høsten er stor. Otte misjonsfortellinger.,1901,Kra.,,"Seyffarth, Henrik",Kra.,Oslo,59.9139,10.7522
2380,Doc2347OCR.png,Doc2347OCR,1,ST,50,Apologetikk,"Lemme, Ludwig",Die Sünde wider den heiligen Geist.,1883,Breslau,,"Lemme, Ludwig",Breslau,Wrocław,51.1079,17.0385
2381,Doc2677OCR.png,Doc2677OCR,1,MV,10,Misjonsteori – allment,,Missionsstudiekredse. Hvorfor og hvorledes?,1912,Kbh.,,,København,Copenhagen,55.6761,12.5683
2382,Doc1403OCR.png,Doc1403OCR,1,KH,80,Norges kirkehistorie,,Frivillig kirkelig landsmøte. 5. Organisasjonskomite. Utkast til forfatningslov for den norske evangelisk-lutherske folkekirke med tillægslove.,1908,Kra.,,,Kra.,Oslo,59.9139,10.7522
2383,Doc3396OCR.png,Doc3396OCR,1,MV,135,Misjon og kirke i Sør-Afrika,,Der Schreckentag von Katharinenfeld. 2. Aufl.,1883,Basel,2. Aufl.,,Basel,Basel,47.5596,7.5886
2384,Doc0970OCR.png,Doc0970OCR,1,MS,,,"Dahle, Lars",Notater til forhandlinger om N.M.S.'s landområde i Zululand og Natal.,,,,Lars Dahle,,,,
2385,Doc1000OCR.png,Doc1000OCR,1,ST,,,"Dalin, C.O.",Inför de stora världsproblemen. Till kampen om världsåskådningarna. B.l.,1912,Sth.,lb.,C.O. Dalin,Stockholm,Stockholm,59.3293,18.0686
2386,Doc2767OCR.png,Doc2767OCR,1,ST,,,"Müller, Julius",The Christian doctrine of sin: Transl. from the German of the 5.th ed. by William Urwick. Vol.1-2.,1868,Edinb.,2 b.,Julius Müller,Edinburgh,Edinburgh,55.9533,-3.1883
2387,Doc3011OCR.png,Doc3011OCR,1,PT,92,Annen oppbyggelseslitteratur,"Pedersen, J.L.",Om Troen og Gjenfødelsen.,1901,Bodø,Utg.Forl.,J.L. Pedersen,Bodø,Bodø,67.2804,14.4049
2388,Doc0234OCR.png,Doc0234OCR,1,KH,,,"Bergmann, Lorenz",Kirkehistorie. 2. gjennems. Udg. B.l-2.,1912,Kbh.,2 b.,Lorenz Bergmann,Copenhagen,Copenhagen,55.6761,12.5683
2389,Doc0782OCR.png,Doc0782OCR,1,SV,30,Semittiske språk,"Cellar, Christopher",Grammatica. Samaritana ... & glossarium,,,I sm. b. s.,Christopher Cellar,,,,
2390,Doc0782OCR.png,Doc0782OCR,2,SV,30,Semittiske språk,,Bibelen. G.T. Pentateuchen. Samaritansk. Christopheri Cellari. Horae Samaritanae.,1682,Ciza,,,Ciza,Ciza,,
2391,Doc0091OCR.png,Doc0091OCR,1,SV,20,Indogermanske språk [-> Indoeuropeiske språk],"Anthon, Charles","A greek reader selected principally from the work of Frederic Jacobs, ... Rev. by James Boyd.",1844,London,,Charles Anthon,London,London,51.5074,-0.1278
2392,Doc3724OCR.png,Doc3724OCR,1,MV,138,Misjon og kirke på Madagaskar,"Sæterlie, M.",Den Forenede Kirkes Hedningemission 1890-1915. ...,1915,"Minneap., Minn.",,M. Sæterlie,Minneapolis,Minneapolis,44.9778,-93.265
2393,Doc0976OCR.png,Doc0976OCR,1,MV,138,Misjon og kirke på Madagaskar,"Dahle, L[ars]",Ny Fitsanganan' i Jesosy,1915,Tanan,,"Dahle, Lars",Tanan,Antananarivo,-18.8792,47.5079
2394,Doc2372OCR.png,Doc2372OCR,1,ST,,,"Liddon, Henry Parry",The divinity of our Lord and Saviour Jesus Christ,1869,U.S.,4th ed.,"Liddon, Henry Parry",U.S.,United States,37.0902,-95.7129
2395,Doc2079OCR.png,Doc2079OCR,1,MV,138,Misjon og kirke på Madagaskar,"Jørgensen, S[imon] E[manuel]",Ny tantaran' ny fiangonana,1885,Antan,,"Jørgensen, Simon Emanuel",Antan,Antananarivo,-18.8792,47.5079
2396,Doc0717OCR.png,Doc0717OCR,1,PT,80,Hymnologi og kirkemusikk,"Bye, B[ernt] M[artin]","Sange og Salmer, ældre og nyere",1873,Kra,,"Bye, Bernt Martin",Kra,Oslo,59.9139,10.7522
2397,Doc2643OCR.png,Doc2643OCR,1,Bi,50,Kommentarverk til hele Bibelen,"Michaelis, Johann David","Oversættelse af det Gamle Testament, med Anmærkninger",1797,Kbh,,"Michaelis, Johann David",Kbh,Copenhagen,55.6761,12.5683
2398,Doc2643OCR.png,Doc2643OCR,2,Bi,50,Kommentarverk til hele Bibelen,"Michaelis, Johann David","Oversættelse af det Nye Testament, med Anmærkninger",1797,Kbh,,"Michaelis, Johann David",Kbh,Copenhagen,55.6761,12.5683
2399,Doc3863OCR.png,Doc3863OCR,1,SV,20,Indogermanske språk [-> Indoeuropeiske språk],"Tregder, Paul Hagerup",Græsk Formlære til Skolebrug,1850,Kbh,2. for. Udg.,"Tregder, Paul Hagerup",Kbh,Copenhagen,55.6761,12.5683
2400,Doc1647OCR.png,Doc1647OCR,1,SV,20,Indogermanske språk [-> Indoeuropeiske språk],"Hals, Chr[istian] Aug[ust]","Engelsk Læsebog, samt en kortfattet Grammatik for Begyndere",1878,Chra,2. forø. Udg. 4. Opl.,"Hals, Christian August",Chra,Oslo,59.9139,10.7522
2401,Doc4020OCR.png,Doc4020OCR,1,Ge,30,Norsk geografi,"Waligorski, J.",Veikart over Norge,,Chra,7. Opl.,"Waligorski, J.",Chra,Oslo,59.9139,10.7522
2402,Doc0072OCR.png,Doc0072OCR,1,MV,122,Misjon og kirke i India,"Andersen, Joh.",Til Cuddalore.,1921,Kbh.,,"Andersen, Joh.",Kbh.,Copenhagen,55.6761,12.5683
2403,Doc3132OCR.png,Doc3132OCR,1,ST,35,Systematisk teologi – monografier,,"Present day tracts on subjects of Christian evidence, doctrine and morals.",,Lond.,,,Lond.,London,51.5074,-0.1278
2404,Doc1095OCR.png,Doc1095OCR,1,Hi,20,Nordisk historie,"Dreyer, W(aldemar)",Nordens Oldtid. Populær Fremstilling,1900,Kra.,Frem.,"Dreyer, Waldemar",Kra.,Christiania,59.9139,10.7522
2405,Doc0732OCR.png,Doc0732OCR,1,Li,40,Latinske klassikere,"Caesar, Gaius Julius","Skrifter, overs. og oplyste af J.C.B.Suhr.",1839,Kbh.,,"Caesar, Gaius Julius",Kbh.,Copenhagen,55.6761,12.5683
2406,Doc0732OCR.png,Doc0732OCR,2,Li,40,Latinske klassikere,"Caesar, Gaius Julius","Skrifter, overs. og oplyste af J.C.B.Suhr.",1840,Kbh.,,"Caesar, Gaius Julius",Kbh.,Copenhagen,55.6761,12.5683
2407,Doc2133OCR.png,Doc2133OCR,1,,20,,"Kinberg, Olof",Lag om behandling av alkoholister ...,1916,Sth.,,"Kinberg, Olof",Sth.,Stockholm,59.3293,18.0686
2408,Doc1200OCR.png,Doc1200OCR,1,MV,90,Misjonærbiografier,"Ensfelder, Pfarrer",Dr. John Wilson's Leben.,1880,Basel,,"Ensfelder, Pfarrer",Basel,Basel,47.5596,7.5886
2409,Doc0309OCR.png,Doc0309OCR,1,GT,10,Tekstutgaver og oversettelser,,"Bibelen. G.T.Job. Latin. Das Buch Hiob (1,1 - 38,16) in Hieronymus's Uebersetzung aus der alexandrinischen Version nach einer St.Gallener Handschrift saec.VIII (Hg.von) C.P.Caspari.",,,,,,,,
2410,Doc1485OCR.png,Doc1485OCR,1,PT,,,"Gjeldnæs, Knudt","Om Opdragelsen. Praktiske Vink. For endel efter Herb. Spenser, Krogh-Tonning m.fl. ved K.",1907,Kr.sund.,,"Gjeldnæs, Knudt",Kr.sund.,Kristiansund,63.1104,7.727
2411,Doc3940OCR.png,Doc3940OCR,1,Li,60,Engelsk litteratur,"Valentine, Mrs.",Eastern tales by many story tellers.,,London,,"Valentine, Mrs.",London,London,51.5074,-0.1278
2412,Doc2340OCR.png,Doc2340OCR,1,ST,10,Filosofi og idéhistorie,"Leechman, John",Logic.,1864,London,4th ed.,"Leechman, John",London,London,51.5074,-0.1278
2413,Doc2103OCR.png,Doc2103OCR,1,Le,20,Ordbøker – moderne språk og latin,"Kaper, J.",Tysk - Dansk - Norsk Haand-Ordbog.,1895,Kbh.,3dje Udg.,"Kaper, J.",Kbh.,Copenhagen,55.6761,12.5683
2414,Doc0157OCR.png,Doc0157OCR,1,PT,94,Lærebøker i kristendomskunnskap,"Bang, A. Chr.",Motiver til en ny Udgave af Dr. M. Luthers Lille Katekismus og Forklaring.,1891,Chra.,,"Bang, A. Chr.",Chra.,Oslo,59.9139,10.7522
2415,Doc0157OCR.png,Doc0157OCR,2,PT,94,Lærebøker i kristendomskunnskap,"Bang, A. Chr.",Veiledning til Brugen af Katekismus-Forklaringen.,1891,Chra.,,"Bang, A. Chr.",Chra.,Oslo,59.9139,10.7522
2416,Doc0510OCR.png,Doc0510OCR,1,NT,,,"Blass, Friedrich",Grammatik des Neutestamentlichen Griecisch.,1896,Gött.,,"Blass, Friedrich",Gött.,Göttingen,51.5413,9.9158
2417,Doc3967OCR.png,Doc3967OCR,1,Li,40,Latinske klassikere,"Virgilius Maro, P(ublius)",Opera omnia.,1858,Oxonium (Oxf.),,"Virgilius Maro, P(ublius)",Oxonium (Oxf.),Oxford,51.7548,-1.2575
2418,Doc3512OCR.png,Doc3512OCR,1,MV,10,Misjonsteori – allment,"Skovgaard-Petersen, C(arl Axel)",Den missionshistoriske Situation Verden over.,1913,Kbh.,,"Skovgaard-Petersen, C(arl Axel)",Kbh.,Copenhagen,55.6761,12.5683
2419,Doc1171OCR.png,Doc1171OCR,1,NT,90,Nytestamentlig teologi. Urkirkens historie,"Eitrem, S.",Ein christliches Amulett auf Papyrus von S. Eitrem und A. Fridrichsen.,1921,Kra.,,"Eitrem, S.",Kra.,Oslo,59.9139,10.7522
2420,Doc3597OCR.png,Doc3597OCR,1,Va,,,,Bykassens Budget for 1899.,1898,Stvg.,,,Stvg.,Stavanger,58.97,5.73
2421,Doc3877OCR.png,Doc3877OCR,1,SV,20,Indogermanske språk [-> Indoeuropeiske språk],"Trojel, F.C.L.",Materialier til Latinske Stiløvelser,1868,Kbh.,2. forøg. Udg.'s 2.Opl.,"Trojel, F.C.L.",Kbh.,Copenhagen,55.6761,12.5683
2422,Doc0413OCR.png,Doc0413OCR,1,NT,10,Tekstutgaver og oversettelser,,"Bibelen, N.T. Matt. Kinesisk",1907,Shanghai,2.ed. corr.,,Shanghai,Shanghai,31.2304,121.4737
2423,Doc1990OCR.png,Doc1990OCR,1,PT,,,"Jahnsen, Aug(ust)",Et Ord om Søndagsskolen til Formaning og Trøst.,1893,Chra.,,"Jahnsen, August",Chra.,Oslo,59.9139,10.7522
2424,Doc3636OCR.png,Doc3636OCR,1,NV,30,Fysikk,"Stewart, Balfour",Physics,1872,London,,"Stewart, Balfour",London,London,51.5074,-0.1278
2425,Doc0834OCR.png,Doc0834OCR,1,Li,40,Latinske klassikere,"Cicero, M(arcus) Tullius",Opera omnia,1773,Halae Saxonum,5.Aufl,"Cicero, Marcus Tullius",Halae Saxonum,Halle (Saale),51.4828,11.9694
2426,Doc3179OCR.png,Doc3179OCR,1,Jød,40,Rabbinismen,"Raschi, Salomo ben Isaak","Commentarius Hebraicus, in prophetas",1713,Gotha,,"Raschi, Salomo ben Isaak",Gotha,Gotha,50.9485,10.7055
2427,Doc0300OCR.png,Doc0300OCR,1,GT,10,Tekstutgaver og oversettelser,,Bibelen. G.T. Salmene. Hebraisk,1913,London,,,London,London,51.5074,-0.1278
2428,Doc4080OCR.png,Doc4080OCR,1,Bi,20,"Bibelkunnskap, hermeneutikk","Wette, Wilhelm Martin Leberecht de",Lehrbuch der historisch kritischen Einleitung in die ... Bücher des Alten Testaments. 2. verb. Aufl.,1822,Berlin,,"Wette, Wilhelm Martin Leberecht de",Berlin,Berlin,52.52,13.405
2429,Doc3009OCR.png,Doc3009OCR,1,KH,,,"Pedersen, J.L.",Nogle Ord om De kirkelig-religiøse Forholde og kirkelige Redningsforsøg ... tilblevet ianl. det kirkelige Stiftsmøde og Landsmødet af J.L.P.,1908,Bodø,2 ekspl.,"Pedersen, J.L.",Bodø,Bodø,67.2831,14.4049
2430,Doc4051OCR.png,Doc4051OCR,1,KH,,,"Weenaas, A(ugust)","Kristelig Kirkehistorie indtil nyeste Tid. (Bearb. efter ""Christliche Kirchengeschichte"" für Schulen und Familien av Christian Gottlob Barth.",1880,Stvg.,,"Weenaas, August",Stvg.,Stavanger,58.9697,5.7331
2431,Doc1408OCR.png,Doc1408OCR,1,SV,20,Indogermanske språk [-> Indoeuropeiske språk],"Frühauf, J.",Anleitung zur Erlermung der italienischen Sprache ... 7. Aufl. bearb. von Friedlieb Rausch.,1867,Frankf.a.M.,,"Frühauf, J.",Frankf.a.M.,Frankfurt am Main,50.1109,8.6821
2432,Doc1408OCR.png,Doc1408OCR,2,SV,20,Indogermanske språk [-> Indoeuropeiske språk],Friedlieb Rausch,"Schlüssel zu den Aufgaben in der Italienischer Grammatik ... Neue Ausg., ... durchges. von Friedlieb Rausch.",1871,Frankf. a.M.,,"Rausch, Friedlieb",Frankf. a.M.,Frankfurt am Main,50.1109,8.6821
2433,Doc2388OCR.png,Doc2388OCR,1,MV,2,,"Larsen, Ludvig",Livet før Døden. En norsk Sømands Oplevelser og Iagttagelser i mange Lande.,1894,Kra.,Forf. Forl.,"Larsen, Ludvig",Kra.,Kristiania (Oslo),59.9139,10.7522
2434,Doc1026OCR.png,Doc1026OCR,1,NT,,,"Delitzsch, Franz",Jesus und Hillel. Mit Rücksicht auf Renan und Geiger. 2. rev. Aufl.,1867,Erlangen,,"Delitzsch, Franz",Erlangen,Erlangen,49.5902,11.1978
2435,Doc2180OCR.png,Doc2180OCR,1,PT,92,Annen oppbyggelseslitteratur,"Klæboe, H.B.",Frelsrens livsløb.,,Kra.,2 h.,"Klæboe, H.B.",Kra.,Kristiania (Oslo),59.9139,10.7522
2436,Doc0490OCR.png,Doc0490OCR,1,KH,30,"Oldkirkens kirkehistorie, patristikk",Franz Oehler,Bibliothek der Kirchenväter. Eine Auswahl aus deren Werken. Urschrift mit deutscher Uebers. Hg. von Franz Oehler. T.1. Gregor von Nyssa.,1858,Lpz.,4 B i 2.,"Oehler, Franz",Lpz.,Leipzig,51.3397,12.3731
2437,Doc3921OCR.png,Doc3921OCR,1,Te,20,Teknikk – allment,O.W. Ålund,Uppfinningarnas bok,1873,Sth.,B.1-7,O.W. Ålund,Sth.,Stockholm,59.3293,18.0686
2438,Doc0980OCR.png,Doc0980OCR,1,MV,138,Misjon og kirke på Madagaskar,L. Dahle,Ny Patriotisma,1882,Antananarivo,,L. Dahle,Antananarivo,Antananarivo,-18.8792,47.5079
2439,Doc1195OCR.png,Doc1195OCR,1,PT,50,Liturgikk,C.T. Engelstoft,Liturgiens eller alterbogens og kirkeritualets historie i Danmark,1840,Kbh. Reitzels forl.,,C.T. Engelstoft,Kbh. Reitzels forl.,Copenhagen,55.6761,12.5683
2440,Doc0600OCR.png,Doc0600OCR,1,Ge,20,Enkelte lands geografi,,Plan der freien Hansestadt Bremen mit Strassen-Verzeichnis,,Bremen,,,Bremen,Bremen,53.0793,8.8017
2441,Doc1927OCR.png,Doc1927OCR,1,KH,,,A. Hval,Til vor kirkes venner,1906,Kra.,,A. Hval,Kra.,Kristiania (Oslo),59.9139,10.7522
2442,Doc3943OCR.png,Doc3943OCR,1,KH,,,H. Vangensten,Menighedsfakultetet,1908,Kra.,,H. Vangensten,Kra.,Kristiania (Oslo),59.9139,10.7522
2443,Doc2694OCR.png,Doc2694OCR,1,Jød,40,Rabbinismen,,Monatsschrift für Geschichte und Wissenschaft des Judenthums,1875,Breslau,,,Breslau,Wrocław,51.1079,17.0385
2444,Doc2622OCR.png,Doc2622OCR,1,Jød,10,Jødedommen - allment og blandet,A. P. Mendes,Service for the first nights of Passover,1878,London,4.ed. rev. corr.,A. P. Mendes,London,London,51.5074,-0.1278
2445,Doc4147OCR.png,Doc4147OCR,1,Li,30,Greske klassikere,Xenophon,"The Anabasis: (Greek text) with English notes... By Charles Anthon... A new ed., rev.... by John Doran.",1857,London,"A new ed., rev.",Xenophon,London,London,51.5074,-0.1278
2446,Doc3479OCR.png,Doc3479OCR,1,NV,40,Kjemi,"Sibson, Alfred",Agricultural chemistry,1858,London,New ed.,"Sibson, Alfred",London,London,51.5074,-0.1278
2447,Doc1020OCR.png,Doc1020OCR,1,SV,10,Språkvitenskap – allment,"Delbrück, B(erthold)",Einleitung in das Sprachstudium,1893,Lpz.,3. verm. Aufl.,"Delbrück, Berthold",Lpz.,Leipzig,51.3397,12.3731
2448,Doc2500OCR.png,Doc2500OCR,1,PT,,,"Løken, Johan",Hvad er Menigheten?,1909,Kra.,,"Løken, Johan",Kra.,Oslo,59.9139,10.7522
2449,Doc3984OCR.png,Doc3984OCR,1,MV,138,Misjon og kirke på Madagaskar,"Vogt, Volrat(h)",Tantara avy amin'ny Soratra masina,1904,Tanan.,,"Vogt, Volrath",Tanan.,Antananarivo,-18.8792,47.5079
2450,Doc3635OCR.png,Doc3635OCR,1,ST,35,Systematisk teologi – monografier,"Stewart, Alexander",Handbook of Christian evidences,1892,Edinb.,10th thous.,"Stewart, Alexander",Edinb.,Edinburgh,55.9533,-3.1883
2451,Doc1331OCR.png,Doc1331OCR,1,SV,30,Semittiske språk,"Fleischer, Heinrich Leberecht",Ali's hundert Sprüche arabisch und persisch paraphrasiert von Reschideddin Watwat,1837,Lpz.,,"Fleischer, Heinrich Leberecht",Lpz.,Leipzig,51.3397,12.3731
2452,Doc1331OCR.png,Doc1331OCR,2,SV,30,Semittiske språk,"Hamaker, Henrich Arentz",Specimen geographico-historicum exhibens dissertationem de Ibn Haukako,1822,Lugd.Bat.,,"Hamaker, Henrich Arentz",Lugd.Bat.,Leiden,52.1601,4.497
2453,Doc2689OCR.png,Doc2689OCR,1,Hi,10,Politisk historie og kulturhistorie,"Moltke, (Helmuth Carl Bernhard)",Breve fra Rusland,1877,Kbh.,,"Moltke, Helmuth Carl Bernhard",Kbh.,Copenhagen,55.6761,12.5683
2454,Doc2264OCR.png,Doc2264OCR,1,KH,20,"Almenn kirkehistorie, helhetsfremstillinger","Kurtz, J. H.",Lædetraad i Kirkehistorien,1867,Kbh.,"Efter ""Abriss der Kirchengeschichte"". 5. Opl. ved S. Schjøtt.",J. H. Kurtz,Kbh.,Copenhagen,55.6761,12.5683
2455,Doc2385OCR.png,Doc2385OCR,1,NV,60,Botanikk,"Linné, Carl von","Systema vegetabilium secundum classes, ordines, genera, species",1784,Gottinga,4. 14. auctior curante Io. Andrea Murray,Carl von Linné,Gottinga,Göttingen,51.5413,9.9158
2456,Doc0871OCR.png,Doc0871OCR,1,ST,48,Seksualetikk,"Cook, Joseph","Lectures on conscience, heredity, marriage",1881,London,,Joseph Cook,London,London,51.5074,-0.1278
2457,Doc3552OCR.png,Doc3552OCR,1,Li,30,Greske klassikere,Sophokles,(Works by) Sophocles,1869,London,Ed. by R.C. Jebb. 1.-(2.) ed. Vol.1-2. (Catena classicorum),Sophocles,London,London,51.5074,-0.1278
2458,Doc3552OCR.png,Doc3552OCR,2,Li,30,Greske klassikere,Sophokles,The Ajax,1869,London,,Sophocles,London,London,51.5074,-0.1278
2459,Doc3552OCR.png,Doc3552OCR,3,Li,30,Greske klassikere,Sophokles,The Electra,1880,London,New ed.,Sophocles,London,London,51.5074,-0.1278
2460,Doc2904OCR.png,Doc2904OCR,1,NT,90,Nytestamentlig teologi. Urkirkens historie,"Odland, Sigurd",Om apostolatets begreb og oprindelse,1897,Chra.,Særaftryk af Universitetets Festskrift til Hans Majestæt Kong Oscar II i Anledning af Regeringsjubilæet 1897,Sigurd Odland,Chra.,Oslo,59.9139,10.7522
2461,Doc3066OCR.png,Doc3066OCR,1,ST,,,"Pictet, Benedict",Christliche Sitten-Lehre,1728,Lpz.,ins Teutsche übers. durch Johann Friedrich Bachstrohm. 4. Aufl.,Benedict Pictet,Lpz.,Leipzig,51.3397,12.3731
2462,Doc0343OCR.png,Doc0343OCR,1,NT,,,,Bibelen. N.T. Luk. Bengali.,,U.s.u.å.,Gospel of Luke in Bengali,,U.s.u.å.,Unknown,,
2463,Doc3461OCR.png,Doc3461OCR,1,MV,138,Misjon og kirke på Madagaskar,"Setterlind, Bo",Madagaskar,1966,Sth.,Krt.,Bo Setterlind,Sth.,Stockholm,59.3293,18.0686
2464,Doc2880OCR.png,Doc2880OCR,1,SV,20,Indogermanske språk [-> Indoeuropeiske språk],"Nygaard, M(arius)",Oldnorsk læsebog for begyndere,1904,Bergen,6. udg.,Marius Nygaard,Bergen,Bergen,60.39299,5.32415
2465,Doc0837OCR.png,Doc0837OCR,1,Li,40,Latinske klassikere,"Cicero, M(arcus) Tullius",Ti Taler,1868,Kbh.,,Marcus Tullius Cicero,Kbh.,Copenhagen,55.6761,12.5683
2466,Doc0274OCR.png,Doc0274OCR,1,Bi,40,Bibelutgaver,,"Bibelen. Latin. Sacra Biblia, sive Testamentum vetus ab Imm. Tremellio, & Francisco Junio ex Hebraeo Latine redditum. Et Testamentum novum: a Theodoro Beza e Graeco in Latium versum.",1764,Tigurum,,,Tigurum,Zurich,47.3769,8.5417
2467,Doc2755OCR.png,Doc2755OCR,1,KH,70,Kirkehistoriske monografier,"Mühlhauser, Dr.",I sm. b: En Kunstners Vandring blandt Indianerne i Nordamerika .. Overs. fra Engelsk ved J.K.,1863,Kbh.,,Dr. Mühlhauser,Kbh.,Copenhagen,55.6761,12.5683
2468,Doc0645OCR.png,Doc0645OCR,1,PT,92,Annen oppbyggelseslitteratur,"Bruun, Christopher",Tre Foredrag for de Vakte,1891,Lillehammer,,Christopher Bruun,Lillehammer,Lillehammer,61.1153,10.4662
2469,Doc2818OCR.png,Doc2818OCR,1,PT,,,"Nicolay, F.",Hvorledes Børn ikke bør opdrages. I Uddrag frit bearb. af Marie Jørstad.,1894,Kra.,,F. Nicolay,Kra.,Oslo,59.9139,10.7522
2470,Doc4210OCR.png,Doc4210OCR,1,SV,20,Indogermanske språk [-> Indoeuropeiske språk],"Aasen, Ivar (1813-96)",Norsk Ordbog med dansk Forklaring. Omarb. .. Udg. af .. 'Ordbog over det norske Folkesprog'.,1873,Chra.,,Ivar Aasen,Chra.,Oslo,59.9139,10.7522
2471,Doc4210OCR.png,Doc4210OCR,2,SV,20,Indogermanske språk [-> Indoeuropeiske språk],"Aasen, Ivar (1813-96)",Tillæg.,1895,Chra.,,Ivar Aasen,Chra.,Oslo,59.9139,10.7522
2472,Doc0538OCR.png,Doc0538OCR,1,MV,10,Misjonsteori – allment,"Boegner, A.",Notre combat,1898,Paris,,A. Boegner,Paris,Paris,48.8566,2.3522
2473,Doc0357OCR.png,Doc0357OCR,1,NT,10,Tekstutgaver og oversettelser,John Beveridge,Bibelen. N.T. Matt. 5-7. Esperanto. La prediko sur la monto. Tradukis el la originala greka teksto,1910,London,,John Beveridge,London,London,51.5074,-0.1278
2474,Doc1359OCR.png,Doc1359OCR,1,SV,20,Indogermanske språk [-> Indoeuropeiske språk],K. Fosse,3 die pensum i norsk til middelskole-eksamen,1896,Kra.,,K. Fosse,Kra.,Oslo,59.9139,10.7522
2475,Doc3885OCR.png,Doc3885OCR,1,ST,,,Fredrik Tybring,"Krigen, Krisen, Kirken",1917,Bergen,,Fredrik Tybring,Bergen,Bergen,60.3913,5.3221
2476,Doc2501OCR.png,Doc2501OCR,1,ST,50,Apologetikk,Johan Løken,Kristenfrihet,1909,Kra.,,Johan Løken,Kra.,Oslo,59.9139,10.7522
2477,Doc4142OCR.png,Doc4142OCR,1,ST,,,Wilhelm Wundt,System der Philosophie,1889,Lpz.,,Wilhelm Wundt,Lpz.,Leipzig,51.3397,12.3731
2478,Doc2236OCR.png,Doc2236OCR,1,ST,,,F.C. Krarup,Om forholdet mellem det guddommelige og menneskelige i Kristi person. En fremstilling af kristologien,1885,Kbh.,,F.C. Krarup,Kbh.,Copenhagen,55.6761,12.5683
2479,Doc1618OCR.png,Doc1618OCR,1,Le,30,Teologiske leksika og encyclopedier,Karl Rudolf Hagenbach,Encyklopädie und Methodologie der Theologischen Wissenschaften. 10. Aufl. ... rev. und hg. von E.Kautzsch,1880,Lpz.,10. Aufl.,Karl Rudolf Hagenbach,Lpz.,Leipzig,51.3397,12.3731
2480,Doc0462OCR.png,Doc0462OCR,1,NT,10,Tekstutgaver og oversettelser,,Bibelen. N.T. Salm. Ny-Zelandsk. Ko te kawenata hou. ...,1862,Ranana,,,Ranana,,,
2481,Doc0462OCR.png,Doc0462OCR,2,NT,10,Tekstutgaver og oversettelser,,Ko te pukapuka o nga waiata,1862,Ranana,i sm. b.,,Ranana,,,
2482,Doc1109OCR.png,Doc1109OCR,1,Li,50,Fransk litteratur,"Dumas, Alexandre",Trois hommes forts,1855,Paris,,Alexandre Dumas,Paris,Paris,48.8566,2.3522
2483,Doc1757OCR.png,Doc1757OCR,1,NV,30,Fysikk,"Henrichsen, Sophus",Lærebog i Fysik for Middelskolen,1888,Kra.,2. Opl.,Sophus Henrichsen,Kra.,Oslo,59.9139,10.7522
2484,Doc3594OCR.png,Doc3594OCR,1,MV,20,"Misjon - konferanser, rapporter, oversikter",,Statistisk oversigt over hedningemissionens stilling,1889,Kra.,,,Kra.,Oslo,59.9139,10.7522
2485,Doc0235OCR.png,Doc0235OCR,1,ST,,,"Bergmann, Lorenz",Den kristelige Lære,1917,Kbh.,,Lorenz Bergmann,Kbh.,Copenhagen,55.6761,12.5683
2486,Doc3271OCR.png,Doc3271OCR,1,Hi,10,Politisk historie og kulturhistorie,,The Royal school history of Scotland,1881,London,,,London,London,51.5074,-0.1278
2487,Doc3452OCR.png,Doc3452OCR,1,PT,80,Hymnologi og kirkemusikk,"Seip, M.",Sange om Frelseren,1919,Kra.,,M. Seip,Kra.,Oslo,59.9139,10.7522
2488,Doc0882OCR.png,Doc0882OCR,1,GT,64,Kommentar til profetbøkene,"Cornill, Carl Heinrich",Der israelitische Prophetismus,1894,Strassb.,,Carl Heinrich Cornill,Strassb.,Strasbourg,48.5734,7.7521
2489,Doc1561OCR.png,Doc1561OCR,1,PT,,,"Gunnarson, Thorstein",Nogle prædikener,1905,Bergen,,Thorstein Gunnarson,Bergen,Bergen,60.3928,5.3236
2490,Doc2087OCR.png,Doc2087OCR,1,KH,,,"Kahnis, Karl Fr(i edrich) Aug(ust)",Kirkens Gang i Livsbilleder.,1883,Kra.,,"Kahnis, Karl Friedrich August",Kra.,Oslo,59.9139,10.7522
2491,Doc0671OCR.png,Doc0671OCR,1,NT,,,"Bugge, Chr. A.",Mysterividnesbyrd i det Nye Testamente.,1911,Kra.,,"Bugge, Christian A.",Kra.,Oslo,59.9139,10.7522
2492,Doc1949OCR.png,Doc1949OCR,1,Te,20,Teknikk – allment,,Haandværk i Hjemmet.,1906,(Kbh.),,,(Kbh.),Copenhagen,55.6761,12.5683
2493,Doc2783OCR.png,Doc2783OCR,1,Ge,10,"Reiseskildringer, atlas","Møller, P.V.",Från en resa jorden rundt 1900-1901.,1905,Engelholm,Tr. s. ms.,"Møller, P.V.",Engelholm,Ängelholm,56.2428,12.8636
2494,Doc1832OCR.png,Doc1832OCR,1,KH,,,"Hoffmann, Anton","Mod ""Tungetale"" - Bevægelsen ...",,Kra.,,"Hoffmann, Anton",Kra.,Oslo,59.9139,10.7522
2495,Doc1986OCR.png,Doc1986OCR,1,MV,15,"Misjon - fortellinger, misjonsmotivering","Iversen, Ole C.",Missionsfortælling til høitæsning.,1901,Kra.,,"Iversen, Ole C.",Kra.,Oslo,59.9139,10.7522
2496,Doc2969OCR.png,Doc2969OCR,1,SV,20,Indogermanske språk [-> Indoeuropeiske språk],"Ovid(ius Naso, Publius)","Udvalgte Stykker, udg. til Skolebrug af V. Voss og J. Richter.",1872,Chra.,,"Ovidius Naso, Publius",Chra.,Oslo,59.9139,10.7522
2497,Doc3837OCR.png,Doc3837OCR,1,KH,,,"Thormodsæter, Sofus",Norske magistre i Wittenberg.,1917,Kra.,,"Thormodsæter, Sofus",Kra.,Oslo,59.9139,10.7522
2498,Doc0535OCR.png,Doc0535OCR,1,MV,70,Nordisk misjon - selskap utenfor Norge,"Bodding, P(aul) O(laf)",Karter over Den nordiske Santalmissions Virkefelter,1908,Kra.,,Paul Olaf Bodding,Kra.,Oslo,59.9139,10.7522
2499,Doc3423OCR.png,Doc3423OCR,1,Jød,10,Jødedommen - allment og blandet,"Schürer, Emil","A history of the Jewish people in the time of Jesus Christ. Being a 2nd rev. ed. of a ""Manual of the history of New Testament times"". Vol.1-5 + Index. Division 1. & index transl. by John Macpherson. Division 2. transl. by Sophia Taylor and Peter Christie.",1891,Edinb.,2nd rev. ed.,Emil Schürer,Edinb.,Edinburgh,55.9533,-3.1883
2500,Doc3633OCR.png,Doc3633OCR,1,Li,60,Engelsk litteratur,"Sterne, Laurence",A sentimental journey through France and Italy. And Letters.,1775,London,fort.,Laurence Sterne,London,London,51.5074,-0.1278
2501,Doc0246OCR.png,Doc0246OCR,1,PT,92,Annen oppbyggelseslitteratur,"Besser, W(ilhelm) F(riedrich)",Bibelske Sjelebilleder. l. Petrus. Maria. Johannes. Overs. fra Tydsk af Th. Thygesen.,1861,Chra.,,Wilhelm Friedrich Besser,Chra.,Oslo,59.9139,10.7522
2502,Doc3558OCR.png,Doc3558OCR,1,KH,,,"Speer, Robert E.",Et Liv i Sandhed. En Biografi af Hugh McAllister Beaver. Autor. Overs. af K. Ræder.,1904,Kbh.,,Robert E. Speer,Kbh.,Copenhagen,55.6761,12.5683
2503,Doc2220OCR.png,Doc2220OCR,1,RV,,,"Koranen, Arabisk",Coranus Araboce. Rec. Flügelianae textu recogn. iterum exprimi cur. Gustavus Mauritius Redslob.,1855,Lips.,,Gustavus Mauritius Redslob,Lips.,Leipzig,51.3397,12.3731
2504,Doc0858OCR.png,Doc0858OCR,1,NV,70,Medisin og helse,"Clod-Hansen, Abraham",Legemsøvelsernes Forhold til aandelig Overanstrængelse særlig med Hensyn til Skolen.,1892,Kbh.,,Abraham Clod-Hansen,Kbh.,Copenhagen,55.6761,12.5683
2505,Doc0575OCR.png,Doc0575OCR,1,PT,40,Homiletikk,"Bossuet, (Jacques Bénigne)",Oraison funebres,1830,Paris,,Jacques Bénigne Bossuet,Paris,Paris,48.8566,2.3522
2506,Doc0575OCR.png,Doc0575OCR,2,PT,40,Homiletikk,"Augustinus, Aurelius",Confessiones ... ed. Car. Herm. Bruder,1869,Lips.,ed. Car. Herm. Bruder,Aurelius Augustinus,Lips.,Leipzig,51.3397,12.3731
2507,Doc1969OCR.png,Doc1969OCR,1,PT,92,Annen oppbyggelseslitteratur,Intimus,De unges Bog eller Rejsen til det forjættede Land,1902,Kbh,,Intimus,Kbh,Copenhagen,55.6761,12.5683
2508,Doc3843OCR.png,Doc3843OCR,1,Hi,10,Politisk historie og kulturhistorie,"Thrige, S(øren) B(loch)",Lærebog i den gamle Historie,1854,Kbh,,"Thrige, Søren Bloch",Kbh,Copenhagen,55.6761,12.5683
2509,Doc4198OCR.png,Doc4198OCR,1,SV,20,Indogermanske språk [-> Indoeuropeiske språk],"Aars, J(akob Jonathan)",Oldnorsk Formlære for Begyndere,1862,Kra,,"Aars, Jakob Jonathan",Kra,Oslo,59.9139,10.7522
2510,Doc3713OCR.png,Doc3713OCR,1,PT,92,Annen oppbyggelseslitteratur,"Sverdrup, J(akob) R(osted)",Kristus og det evige Liv. Prædiken,1892,Kra,,"Sverdrup, Jakob Rosted",Kra,Oslo,59.9139,10.7522
2511,Doc3090OCR.png,Doc3090OCR,1,SV,20,Indogermanske språk [-> Indoeuropeiske språk],"Platou, J.M.",Norsk eksempelsamling for middelskolen,1890,Kra,2. opl,"Platou, J.M.",Kra,Oslo,59.9139,10.7522
2512,Doc0038OCR.png,Doc0038OCR,1,Li,30,Greske klassikere,Aischylos,"Prometheus i Lænker, Tragedie",1869,Kbh,,Aischylos,Kbh,Copenhagen,55.6761,12.5683
2513,Doc1252OCR.png,Doc1252OCR,1,MV,,,,Misjonslitt. Ny Evangelia,,U.s,,,U.s,,,
2514,Doc3557OCR.png,Doc3557OCR,1,Ti,,,,The Spectator,1828,London,,,London,London,51.5074,-0.1278
2515,Doc3239OCR.png,Doc3239OCR,1,GT,30,Innledningsvitenskap,"Robertson, James",The Old Testament and its contents,1893,London,10. thous.,"Robertson, James",London,London,51.5074,-0.1278
2516,Doc2956OCR.png,Doc2956OCR,1,SV,50,"Malayiske språk, gassisk språk",,Ortografia Malagasy,1883,Antan.,2 ekspl.,,Antananarivo,Antananarivo,-18.8792,47.5079
2517,Doc2956OCR.png,Doc2956OCR,2,SV,50,"Malayiske språk, gassisk språk",,Ortografia Malagasy,1896,Antan.,,,Antananarivo,Antananarivo,-18.8792,47.5079
2518,Doc2190OCR.png,Doc2190OCR,1,SV,20,Indogermanske språk [-> Indoeuropeiske språk],"Knudsen, K(nud)",Haandbog i dansk-norsk Sproglære,1856,Kra.,,"Knudsen, Knud",Kra.,Oslo,59.9139,10.7522
2519,Doc4002OCR.png,Doc4002OCR,1,MV,90,Misjonærbiografier,"Vormbaum, Reinhold",Missions-Segen. Lebensbilder,1852,Bielef.,,"Vormbaum, Reinhold",Bielefeld,Bielefeld,52.0302,8.5325
2520,Doc0146OCR.png,Doc0146OCR,1,KH,,,"Baden, R.B.T.",Adventismen. Syvende Dags Adventismens Lære og Forventninger af R.B.T. Baden og S.Christensen.,,Kbh.,u.å.,"Baden, R.B.T.",Kbh.,Copenhagen,55.6761,12.5683
2521,Doc2776OCR.png,Doc2776OCR,1,NV,20,Astronomi,"Mädler, J(ohann) H(einrich von)","Populæe Astronomie, Atlas zu",1861,Berlin,5. Aufl.,"Mädler, Johann Heinrich von",Berlin,Berlin,52.52,13.405
2522,Doc0277OCR.png,Doc0277OCR,1,Bi,40,Bibelutgaver,,"Bibel. Spansk. La Biblia ... traducidos en Espanol, por el R.mo. P.Phelipe Scio de S. Miguel",1827,London,,,London,London,51.5074,-0.1278
2523,Doc1710OCR.png,Doc1710OCR,1,NT,70,Skrifter om den historiske Jesus,"Hase, Karl",Geschichte Jesu,1876,Lpz.,,"Hase, Karl",Leipzig,Leipzig,51.3397,12.3731
2524,Doc1760OCR.png,Doc1760OCR,1,SV,10,Språkvitenskap – allment,"Henselius, Godofredius (Hensel, Godfred)","Synopsis universae philologiae, in qua: Miranda unitas et harmonia linguarum totius orbis terrarum ... Mappisque geographico - polyglottis ... adornata, a Godofredo Henselio",1741,Norimbergae,,"Henselius, Godofredius",Norimbergae,Nuremberg,49.4521,11.0767
2525,Doc3950OCR.png,Doc3950OCR,1,Ti,40,Tidsskrift – blandet innhold,Videnskabsselskabet i Kristiania,Skrifter utg. av: 1. Mathematisck-naturvidenskapelig Klasse. 1894-96. 2. Historisk-filosofisk Klasse. 1894-1900. 1902-23. Kra. 1895-1924. 36 b.,1924,Kra.,,Videnskabsselskabet i Kristiania,Kra.,Oslo,59.9139,10.7522
2526,Doc0845OCR.png,Doc0845OCR,1,Ti,20,Misjonsblad (utenfor Norge),Clapham Maternity Hospital,Twenty-first Annual Report,1910,London,,Clapham Maternity Hospital,London,London,51.5074,-0.1278
2527,Doc3448OCR.png,Doc3448OCR,1,NV,70,Medisin og helse,"Seifert, Otto",Taschenbuch der medicinisch-klinischen Diagnostik von Otto Seifert und Friedrich Müller. 6. verm. Aufl.,1890,Wiesbaden,6. verm. Aufl.,"Seifert, Otto",Wiesbaden,Wiesbaden,50.0782,8.2398
2528,Doc3337OCR.png,Doc3337OCR,1,KH,120,Dogme- og teologihistorie,"Schaller, Julius",Vorlesungen über Schleiermacher,1844,Halle,,"Schaller, Julius",Halle,Halle (Saale),51.4828,11.9699
2529,Doc1038OCR.png,Doc1038OCR,1,Li,,,Demosthene(s),Les quatre Philippiques. Texte grec ... Par H. Weil,1880,Paris,,Demosthenes,Paris,Paris,48.8566,2.3522
2530,Doc0229OCR.png,Doc0229OCR,1,SV,20,Indogermanske språk [-> Indoeuropeiske språk],"Berg, A.","Retskrivningsordbog, indeholdende de i det danske Sprog brugelige Ord, ...",1868,Kbh.,,"Berg, A.",Kbh.,Copenhagen,55.6761,12.5683
2531,Doc3809OCR.png,Doc3809OCR,1,NT,40,Kommentarverk til hele NT,"Theophylactos, erkebiskop i Bulgaria",In quattuor evangelia enarrationes ... (Iohanne Oecolampadio interprete) Aeditio ultima,1531,Colonia,Aeditio ultima,Theophylact of Ohrid,Colonia,Cologne,50.9375,6.9603
2532,Doc3809OCR.png,Doc3809OCR,2,NT,40,Kommentarverk til hele NT,"Theophylactos, erkebiskop i Bulgaria",In omnes divi Pauli epistolas enarrationes ... Christopho Porsena Rhomano interprete,1531,Colonia,,Theophylact of Ohrid,Colonia,Cologne,50.9375,6.9603
2533,Doc2127OCR.png,Doc2127OCR,1,KH,90,De nordiske lands kirkehistorie,"Kierkegaard, S(øren Aabye)",Indøvelse i Christendom,1863,Kbh.,2.-3.,"Kierkegaard, Søren Aabye",Kbh.,Copenhagen,55.6761,12.5683
2534,Doc1784OCR.png,Doc1784OCR,1,KH,20,"Almenn kirkehistorie, helhetsfremstillinger","Herzog, J(ohann) J(akpb)",Abriss der gesamten Kirchengeschichte,1876,Erlangen,,"Herzog, Johann Jakob",Erlangen,Erlangen,49.5897,11.1978
2535,Doc0227OCR.png,Doc0227OCR,1,KH,,,"Bensow, Oscar",Lärobok i symbolik,1904,Sth.,,"Bensow, Oscar",Sth.,Stockholm,59.3293,18.0686
2536,Doc0484OCR.png,Doc0484OCR,1,Bi,20,"Bibelkunnskap, hermeneutikk",,Bibelnøgle,1893,Kbh.,3.,,Kbh.,Copenhagen,55.6761,12.5683
2537,Doc1586OCR.png,Doc1586OCR,1,PT,,,"Grimelund, A.",Forelæsninger over praktisk Theologie,1884,Horten,2. Afg.,"Grimelund, A.",Horten,Horten,59.4171,10.4822
2538,Doc1586OCR.png,Doc1586OCR,2,PT,,,"Grimelund, A.",Forelæsninger over praktisk Theologie,1856,Chra,,"Grimelund, A.",Chra,Oslo,59.9139,10.7522
2539,Doc1237OCR.png,Doc1237OCR,1,Jød,10,Jødedommen - allment og blandet,"Etheridge, J.W.",Jerusalem and Tiberias: Sora and Cordova. A Survey of the Religious and Scholastic Learning of the Jews; designed as an Introduction to the Study of Hebrew Literature.,1856,London,,"Etheridge, J.W.",London,London,51.5074,-0.1278
2540,Doc1496OCR.png,Doc1496OCR,1,SV,20,Indogermanske språk [-> Indoeuropeiske språk],"Gjør, M(agnus)",Schematisk Fremstilling af Moduslæren i Latin og Græsk ved M.Gjør og J.Johansen,1873,Kra.,,"Gjør, Magnus",Kra.,Oslo,59.9139,10.7522
2541,Doc1471OCR.png,Doc1471OCR,1,NV,30,Fysikk,"Getz, K(risten)",Lærebog i fysik for middelskolen,1881,Kra.,,"Getz, Kristen",Kra.,Oslo,59.9139,10.7522
2542,Doc1471OCR.png,Doc1471OCR,2,NV,30,Fysikk,"Getz, K(risten)",Lærebog i fysik for middelskolen,1900,Kra.,7.opl.,"Getz, Kristen",Kra.,Oslo,59.9139,10.7522
2543,Doc1471OCR.png,Doc1471OCR,3,NV,30,Fysikk,"Getz, K(risten)",Lærebog i fysik for middelskolen,1906,Kra.,8.opl.,"Getz, Kristen",Kra.,Oslo,59.9139,10.7522
2544,Doc3698OCR.png,Doc3698OCR,1,MV,150,Misjon og kirke på Sydhavsøyene og i Australia,J.P. Sunderland,Mission life in the islands of the Pacific. Being a narrative of ... A. Buzacott. Ed. by J.P. Sunderland and A. Buzacott.,1866,London,,J.P. Sunderland,London,London,51.5074,-0.1278
2545,Doc1028OCR.png,Doc1028OCR,1,Jød,,,Franz Delitzsch,"Rohling's Talmudjude beleuchtet. 7., durch Beleuchtung der Gegenschrift Rohling's erw. Ausg.",1881,Lpz.,,Franz Delitzsch,Lpz.,Leipzig,51.3397,12.3731
2546,Doc4136OCR.png,Doc4136OCR,1,PT,92,Annen oppbyggelseslitteratur,,Words for doubters.,,London u.å.,,,London u.å.,London and others,51.5074,-0.1278
2547,Doc3435OCR.png,Doc3435OCR,1,PT,80,Hymnologi og kirkemusikk,Marcus Sedevardsen,Sjælens Kvad. Nogle Salmer og Sange,1916,Thjem,,Marcus Sedevardsen,Thjem,Trondheim,63.4305,10.3951
2548,Doc0681OCR.png,Doc0681OCR,1,GT,40,Israels historie,Frants Buhl,Det israelitiske Folks Historie,1893,Kbh.,,Frants Buhl,Kbh.,Copenhagen,55.6761,12.5683
2549,Doc0131OCR.png,Doc0131OCR,1,PT,40,Homiletikk,Aurelius Augustinus,Confessiones ... ed. Car. Herm. Bruder,1869,Lips.,,Aurelius Augustinus,Lips.,Leipzig,51.3397,12.3731
2550,Doc0131OCR.png,Doc0131OCR,2,PT,40,Homiletikk,Jacques Bénigne Bossuet,Oraisons funèbres,1830,Paris,,Jacques Bénigne Bossuet,Paris,Paris,48.8566,2.3522
2551,Doc0232OCR.png,Doc0232OCR,1,PT,92,Annen oppbyggelseslitteratur,C.H. Bergmann,Kristliga Föredrag. (Sth. 1912-13.) Eh kristens mod och fruktan. Guds källa har vatten till fyllet. Hafva vi sanningskärlek? Herrens återkomst och vår beredelse därpå. Huru Jesus bereder sina lärjungar. Obetingad människokärlek.,1913,Sth.,,C.H. Bergmann,Sth.,Stockholm,59.3293,18.0686
2552,Doc0119OCR.png,Doc0119OCR,1,KH,30,"Oldkirkens kirkehistorie, patristikk",Athanasius den Store,"Ungdomsskrifter, samt hans Brev til Drakonius. Overs. av Andr. Hansen.",1891,Chra.,,Athanasius den Store,Chra.,Oslo,59.9139,10.7522
2553,Doc1321OCR.png,Doc1321OCR,1,Bi,30,"Bibelsk geografi, arkeologi, kulturhistorie",Hans Fischer,Neue Handkarte von Palästina,1890,Lpz.,,Hans Fischer,Lpz.,Leipzig,51.3397,12.3731
2554,Doc1406OCR.png,Doc1406OCR,1,MV,10,Misjonsteori – allment,Frivillige Studenters-Missionsforbund,Hvorfor og hvorledes bör Kristi evangelium udbredes?,1898,Kra.,,Frivillige Studenters-Missionsforbund,Kra.,Oslo,59.9139,10.7522
2555,Doc3195OCR.png,Doc3195OCR,1,PT,,,Georg Reiss,Musiken ved den middelalderlige Olavsdyrkelse i Norden,1911,Kra.,No.5,Georg Reiss,Kra.,Oslo,59.9139,10.7522
2556,Doc3669OCR.png,Doc3669OCR,1,GT,30,Innledningsvitenskap,H. Strack,Indledning til det Gamle Testamentes enkelte Skrifter,1888,Kbh.,,Hermann Strack,Kbh.,Copenhagen,55.6761,12.5683
2557,Doc0307OCR.png,Doc0307OCR,1,GT,10,Tekstutgaver og oversettelser,,Biblia sacra ex Sebastiani Castellionis interpretatione,1729,Lips.,,,Lips.,Leipzig,51.3397,12.3731
2558,Doc2144OCR.png,Doc2144OCR,1,PT,,,A. Grimelund,Kirken i Hjemmet. Andagtsbog til hver Dag i Kirkeaaret,1890,Kra.,,Axel Grimelund,Kra.,Oslo,59.9139,10.7522
2559,Doc3430OCR.png,Doc3430OCR,1,Li,60,Engelsk litteratur,Walter Scott,The Waverley novels. Vol.1-4,1868,Edinb.,,Walter Scott,Edinb.,Edinburgh,55.9533,-3.1883
2560,Doc0330OCR.png,Doc0330OCR,1,GT,10,Tekstutgaver og oversettelser,E. Kautzsch,Die heilige Schrift des Alten Testaments,1894,Freib.i.B.,,Emil Kautzsch,Freib.i.B.,Freiburg im Breisgau,47.999,7.8421
2561,Doc4113OCR.png,Doc4113OCR,1,NV,50,Zoologi,"Dahle, Lars",Zoologiske arbeider,,,,Lars Dahle,,,,
2562,Doc1955OCR.png,Doc1955OCR,1,ST,,,"Ihlen, Christian",Tre forelæsninger,1906,Kra.,,Christian Ihlen,Kra.,Oslo,59.91,10.75
2563,Doc0518OCR.png,Doc0518OCR,1,PT,90,Prekener og andaktsbøker,"Blessing, Peder",Prædikener over Kirkeaarets Evangelier,1883,Kra.,2 oppl.,Peder Blessing,Kra.,Oslo,59.91,10.75
2564,Doc1277OCR.png,Doc1277OCR,1,ST,,,"Farrar, Frederic W.","Bibelen, dens betydning og autoritet",1899,Kra.,,Frederic W. Farrar,Kra.,Oslo,59.91,10.75
2565,Doc0275OCR.png,Doc0275OCR,1,NT,,,,Bibelen med Forklaringer,1907,Kra.,,,Kra.,Oslo,59.91,10.75
2566,Doc1133OCR.png,Doc1133OCR,1,Bi,10,Bibelske oppslagsverk,"Eastwood, J.",The Bible word-book: A glossary of old English Bible words,1866,London,,J. Eastwood,London,London,51.5074,-0.1278
2567,Doc2080OCR.png,Doc2080OCR,1,MV,138,Misjon og kirke på Madagaskar,"Jørgensen, Simon Emanuel",Ny Theologia pastoraly,1885,Antan.,,Simon Emanuel Jørgensen,Antan.,Antananarivo,-18.8792,47.5079
2568,Doc2355OCR.png,Doc2355OCR,1,PT,80,Hymnologi og kirkemusikk,"Lervaag, David",Trøstesalmer og sange,1904,Åskvold,,David Lervaag,Åskvold,,,
2569,Doc2497OCR.png,Doc2497OCR,1,ST,40,Etikk og moral,"Løgstrup, T.",Samvittigheden : et ethisk forsøg / ved T. Løgstrup.,1894,Kbh.,,"Løgstrup, T.",Kbh.,Copenhagen,55.6761,12.5683
2570,Doc4140OCR.png,Doc4140OCR,1,SV,30,Semittiske språk,"Wright, W(illiam)","A grammar of the Arabic language, transl. from the German of Caspari, and ed. with numerous additions and corr.; 2nd ed. rev. Vol.1-2.",1874,London,2 vol.,"Wright, William",London,London,51.5074,-0.1278
2571,Doc4140OCR.png,Doc4140OCR,2,SV,30,Semittiske språk,,Orig.tit.: Grammatica Arabica.,,,,,,,,
2572,Doc0564OCR.png,Doc0564OCR,1,MV,138,Misjon og kirke på Madagaskar,"Borchgrevink, Chr(istian)",En kort Oversigt over Madagascars Martyrhistorie og den norske Missions Arbeide paa Madagascar i 5 Foredrag.,1914,Stvg.,2 ekspl.,"Borchgrevink, Christian",Stvg.,Stavanger,58.9699756,5.7331073
2573,Doc2250OCR.png,Doc2250OCR,1,ST,30,Dogmatikk,"Krogh-Tonning, K.",Den kristelige Troeslære i Grundtræk. 3. forøg. Udg.,1879,Kra.,,"Krogh-Tonning, K.",Kra.,Oslo,59.9139,10.7522
2574,Doc2492OCR.png,Doc2492OCR,1,MV,15,"Misjon - fortellinger, misjonsmotivering","Løgstrup, T(heodor)",De hellige tre Konger.,1920,Kbh.,,"Løgstrup, Theodor",Kbh.,Copenhagen,55.6761,12.5683
2575,Doc0267OCR.png,Doc0267OCR,1,Bi,40,Bibelutgaver,,Bibelen. Engelsk 1903 / The Holy Bible,1903,London,Centenary edition 1804-1904,,London,London,51.5074,-0.1278
2576,Doc1023OCR.png,Doc1023OCR,1,GT,64,Kommentar til profetbøkene,"Delitzsch, Franz",Exegetisches Handbuch zu den Propheten des alten Bundes von Franz Delitzsch und Carl Paul Caspari.,1842,Lpz.,,"Delitzsch, Franz",Lpz.,Leipzig,51.3397,12.3731
2577,Doc1023OCR.png,Doc1023OCR,2,GT,64,Kommentar til profetbøkene,Delitzsch,Der Prophet Habakuk.,1843,,,Delitzsch,,,,
2578,Doc1023OCR.png,Doc1023OCR,3,GT,64,Kommentar til profetbøkene,Caspari,Der Prophet Obadja.,1842,,,Caspari,,,,
2579,Doc2961OCR.png,Doc2961OCR,1,MV,130,Misjon og kirke i Afrika,"Ostertag, A.",Die Geschichte von dem bekehrten Räuberhauptmann Afrikaner.,1888,Basel,5. Aufl.,"Ostertag, A.",Basel,Basel,47.5596,7.5886
2580,Doc0396OCR.png,Doc0396OCR,1,NT,10,Tekstutgaver og oversettelser,,Bibelen. N.T. Gresk - Latin. Novum Testamentum Graece et Latine. Textus Latinus ex Vulgata ... Ed.ster.4.,1872,Lips.,,,Lips.,Leipzig,51.3397,12.3731
2581,Doc3760OCR.png,Doc3760OCR,1,Jød,40,Rabbinismen,L. Chiarini,Le Talmud de Babylone traduit en langue francaise et complété par celui de Jérusalem et par d'autres monumens de l'antiquité judaïque,1831,Lpz.,,L. Chiarini,Lpz.,Leipzig,51.3397,12.3731
2582,Doc2320OCR.png,Doc2320OCR,1,PT,80,Hymnologi og kirkemusikk,"Larsen, M.",Bemærkninger til stiftsprovst Gustav Jensens forslag til en revidert salmebog for den norske kirke,1916,Kra.,2' ekspl.,"Larsen, M.",Kra.,Oslo,59.9139,10.7522
2583,Doc2273OCR.png,Doc2273OCR,1,NT,,,"Kähler, Martin",Jesus und das Alte Testament,1896,Lpz.,,"Kähler, Martin",Lpz.,Leipzig,51.3397,12.3731
2584,Doc1620OCR.png,Doc1620OCR,1,KH,,,"Hagenbach, K(arl) R(udolf)",Forelæsninger over den ældre Kirkehistorie. Overs. af L.C.Hansen.D.1-2.,1856,Kbh.,2 b.,"Hagenbach, Karl Rudolf",Kbh.,Copenhagen,55.6761,12.5683
2585,Doc1620OCR.png,Doc1620OCR,2,KH,,,"Hagenbach, K(arl) R(udolf)",Forelæsninger over den ældre Kirkehistorie. Overs. af L.C.Hansen.D.1-2.,1857,Kbh.,2 b.,"Hagenbach, Karl Rudolf",Kbh.,Copenhagen,55.6761,12.5683
2586,Doc3721OCR.png,Doc3721OCR,1,PT,80,Hymnologi og kirkemusikk,,Swenska Psalm-Boken. Af Konungen gillad och stadfästad år 1819.,1881,Göteb.,,,Göteb.,Gothenburg,57.7089,11.9746
2587,Doc1102OCR.png,Doc1102OCR,1,ST,50,Apologetikk,"Drummond, Henry",Naturens Lov i Aandens Verden. Over. af Birger Hall. 3dje Opl.,1889,Kra.,315 s.,"Drummond, Henry",Kra.,Oslo,59.9139,10.7522
2588,Doc2933OCR.png,Doc2933OCR,1,NT,40,Kommentarverk til hele NT,"Olshausen, Hermann","Biblischen Commentar über sämtliche Schriften des Neuen Testaments ... 1.-2. verb. Aufl. B.1-3,1.",1833,Königsb.,3 b.,"Olshausen, Hermann",Königsb.,Königsberg,54.7104,20.4522
2589,Doc2933OCR.png,Doc2933OCR,2,NT,40,Kommentarverk til hele NT,"Olshausen, Hermann","Biblischen Commentar über sämtliche Schriften des Neuen Testaments ... 1.-2. verb. Aufl. B.1-3,1.",1836,Königsb.,3 b.,"Olshausen, Hermann",Königsb.,Königsberg,54.7104,20.4522
2590,Doc3288OCR.png,Doc3288OCR,1,ST,,,"Rørdam, T(homas) Skat",Evig Frelse og evig Fortabelse. Et Lejlighedsskrift.,1901,Kbh.,2.Opl.,"Rørdam, Thomas Skat",Kbh.,København,55.6761,12.5683
2591,Doc0957OCR.png,Doc0957OCR,1,MS,,,"Dahle, Lars",Indledning til den systematiske Theologi.,,,,"Dahle, Lars",,,,
2592,Doc2782OCR.png,Doc2782OCR,1,ST,,,"Møller, Otto","Den kristelige Vished eller ""Troens fulde Forvisning"".",1892,Kbh.,,"Møller, Otto",Kbh.,København,55.6761,12.5683
2593,Doc2490OCR.png,Doc2490OCR,1,MV,70,Nordisk misjon - selskap utenfor Norge,"Løgstrup, T(heodor)",Det Danske Missionsselskabs Historie i 80 Aar.,1901,Kbh.,,"Løgstrup, Theodor",Kbh.,København,55.6761,12.5683
2594,Doc2065OCR.png,Doc2065OCR,1,ST,,,"Jungersen, Frederik",Hvad er Sandhed? Et Indlæg i vore Dages Trosstrid.,1885,Kbh.,,"Jungersen, Frederik",Kbh.,København,55.6761,12.5683
2595,Doc2065OCR.png,Doc2065OCR,2,ST,,,"Jungersen, Frederik",Til Forsvar for Kristentroens Sandhed.,1895,Kbh.,,"Jungersen, Frederik",Kbh.,København,55.6761,12.5683
2596,Doc2078OCR.png,Doc2078OCR,1,MV,138,Misjon og kirke på Madagaskar,"Jørgensen, S(imon) E(manuel)",Sydmadagaskar.,1893,Minneap. Minn.,,"Jørgensen, Simon Emanuel",Minneap. Minn.,"Minneapolis, Minnesota",44.9778,-93.265
2597,Doc1688OCR.png,Doc1688OCR,1,RV,90,Kinesiske religioner/filosofi,"Hardwick, Charles",Christ and other masters: An historical inquiry into some of the chief parallelisms and contrasts between Christianity and the religious systems of the ancient world.,1863,London,2nd ed.,"Hardwick, Charles",London,London,51.5074,-0.1278
2598,Doc3866OCR.png,Doc3866OCR,1,GT,64,Kommentar til profetbøkene,"Tregelles, S(amuel) P(rideaux)",Daniels Syner. Studier over de profetiske Syner i Daniels Bog.,1896,Kra.,6.Udg.,"Tregelles, Samuel Prideaux",Kra.,Oslo,,
2599,Doc0981OCR.png,Doc0981OCR,1,MV,138,Misjon og kirke på Madagaskar,"Dahle, L.",Ny Patriotisma,1882,Antananarivo,,Lars Dahle,Antananarivo,Antananarivo,-18.8792,47.5079
2600,Doc1931OCR.png,Doc1931OCR,1,PT,80,Hymnologi og kirkemusikk,,Hymns ancient and modern for use in the services of the church. With appendix.,,London,,,London,London,51.5074,-0.1278
2601,Doc1999OCR.png,Doc1999OCR,1,PT,,,"Jansen, J(ens) J(onas)",Forkyndelsen,1906,Kra,,Jens Jonas Jansen,Kra,Oslo,59.9139,10.7522
2602,Doc3759OCR.png,Doc3759OCR,1,Jød,40,Rabbinismen,Aug. Wünsche,Der jerusalemische Talmud in seinen haggadischen Bestandtheilen zum ersten Male ins Deutsch übertragen von,1880,Zürich,,August Wünsche,Zürich,Zurich,47.3769,8.5417
2603,Doc0375OCR.png,Doc0375OCR,1,NT,10,Tekstutgaver og oversettelser,,Bibelen. N.T. Gotisk,,,,,,,,
2604,Doc0375OCR.png,Doc0375OCR,2,SV,10,Språkvitenskap – allment,"Stamm, Friedrich Ludwig",Ulfilas. 5. Aufl.,1872,Paderborn,5. Aufl.,Friedrich Ludwig Stamm,Paderborn,Paderborn,51.7189,8.7575
2605,Doc2820OCR.png,Doc2820OCR,1,KH,,,"Nielsen, Fredrik",Ledetraad i Kirkens Historie. B.1-2.,1903,Kbh,"B.1. 5.Opl., B.2. 4.Opl.",Fredrik Nielsen,Kbh,Copenhagen,55.6761,12.5683
2606,Doc2820OCR.png,Doc2820OCR,2,KH,,,"Nielsen, Fredrik",Ledetraad i Kirkens Historie. B.1-2.,1899,Kbh,"B.1. 5.Opl., B.2. 4.Opl.",Fredrik Nielsen,Kbh,Copenhagen,55.6761,12.5683
2607,Doc3572OCR.png,Doc3572OCR,1,PT,,,"Spurgeon, C(harles) H(addon)",Federn für Pfeile oder Illustrationen für Prediger und Lehrer,1902,Stuttg,4.Aufl.,Charles Haddon Spurgeon,Stuttgart,Stuttgart,48.7758,9.1829
2608,Doc1946OCR.png,Doc1946OCR,1,KH,80,Norges kirkehistorie,,Høvdingeskikkelser i norsk kristenliv. Utg. av Kristelig Pressekontor.,1918,Kra,,,Kra,Oslo,59.9139,10.7522
2609,Doc3126OCR.png,Doc3126OCR,1,NV,10,Naturvitenskap – allment,"Pouchet, F.A.",Naturens Vidundere. Populaire Naturskildringer,1869,Kbh.,,"Pouchet, F.A.",Kbh.,Copenhagen,55.6761,12.5683
2610,Doc3892OCR.png,Doc3892OCR,1,Hi,10,Politisk historie og kulturhistorie,"Tytler, (Alexander Fraser), lord Woodhouselee","Elements of general history, A new ed., rev. with ... a continuation ... by Thomas Edlyne Tomlins.",1844,London,"new ed., rev.","Tytler, Alexander Fraser",London,London,51.5074,-0.1278
2611,Doc2946OCR.png,Doc2946OCR,1,GT,70,Gammeltestamentlig bibelteologi og religionshistorie,"Orelli, C. v.",Die alttestamentliche Weissagung von der Vollendung des Gottesreiches,1882,Wien,,"Orelli, C. v.",Wien,Vienna,48.2082,16.3738
2612,Doc1540OCR.png,Doc1540OCR,1,Li,80,Norrøn og nordisk litteratur,"Grønvold, Didrik",I aarhundredets gry. Et episk digt,1891,Bergen,,"Grønvold, Didrik",Bergen,Bergen,60.3913,5.3221
2613,Doc1113OCR.png,Doc1113OCR,1,NV,70,Medisin og helse,"Dybdahl, P(eter)",Lærebog i menneskets anatomi og fysiologi,1894,Thjem.,2. opl.,"Dybdahl, Peter",Thjem.,Trondheim,63.4305,10.3951
2614,Doc2265OCR.png,Doc2265OCR,1,KH,20,"Almenn kirkehistorie, helhetsfremstillinger","Kurtz, Joh(ann) Heinr(ich)",Lærebog i Kirkehistorien for Studerende. Efter Orig. 3.Udg. ved Adolf Engebølle,1859,Kbh.,3.Udg.,"Kurtz, Johann Heinrich",Kbh.,Copenhagen,55.6761,12.5683
2615,Doc3083OCR.png,Doc3083OCR,1,Li,30,Greske klassikere,Platon,Udvalgte Dialoger af Platon. Overs. af det Græske og oplyste ved Anmærkninger af C.J.Heise,1830,Kbh.,1.-3.D.,Plato,Kbh.,Copenhagen,55.6761,12.5683
2616,Doc0537OCR.png,Doc0537OCR,1,KH,,,"Bodelschwingh, (Friedrich) v(on)",Die Theologische Schule zu Bethel bei Bielefeld,1906,Kassel,,"Bodelschwingh, Friedrich von",Kassel,Kassel,51.3127,9.4797
2617,Doc3089OCR.png,Doc3089OCR,1,NT,42,Kommentar til de synoptiske evangelier,"Platou, J. M.",Lukas-evangeliet,1911,Kra.,4. utg.,"Platou, J. M.",Kra.,Oslo,59.9139,10.7522
2618,Doc4005OCR.png,Doc4005OCR,1,SV,20,Indogermanske språk [-> Indoeuropeiske språk],"Voss, P.",Deutsches Lesebuch für die Mittelschule,1916,Kra.,6. Ausg. von A. Midsem,"Voss, P.",Kra.,Oslo,59.9139,10.7522
2619,Doc4005OCR.png,Doc4005OCR,2,SV,20,Indogermanske språk [-> Indoeuropeiske språk],"Voss, P.",Ordfortegnelse tilligemed tillæg,1898,Kra.,,"Voss, P.",Kra.,Oslo,59.9139,10.7522
2620,Doc1292OCR.png,Doc1292OCR,1,ST,,,"Feilberg, K.",Til Mysteriets Theori,1897,Kra.,,"Feilberg, K.",Kra.,Oslo,59.9139,10.7522
2621,Doc3332OCR.png,Doc3332OCR,1,ST,50,Apologetikk,"Schack, A.",Om Underets Forhold til det normale Trosliv. Modbemærkninger til F.C. Krarup.,1888,Kbh.,,"Schack, A.",Kbh.,Copenhagen,55.6761,12.5683
2622,Doc2498OCR.png,Doc2498OCR,1,MV,20,"Misjon - konferanser, rapporter, oversikter","Løgstrup, T.",Verdensmissions-conferencen i Edinburgh,1910,Kbh.,,"Løgstrup, T.",Kbh.,Copenhagen,55.6761,12.5683
2623,Doc3207OCR.png,Doc3207OCR,1,NT,,,"Reuss, Eduard",Die Geschichte der heiligen Schriften Neuen Testaments,1887,Brschw.,6. verm. verb. Aufl.,"Reuss, Eduard",Brschw.,Braunschweig,52.2689,10.5268
2624,Doc3236OCR.png,Doc3236OCR,1,PT,90,Prekener og andaktsbøker,"Robertson, Frederick W.",Sermons on religion & life,1906,London,2nd ed.,"Robertson, Frederick W.",London,London,51.5074,-0.1278
2625,Doc3020OCR.png,Doc3020OCR,1,KH,100,Andre europeiske lands kirkehistorie,"Perry, G. C.",A history of the English church,1878,London,,"Perry, G. C.",London,London,51.5074,-0.1278
2626,Doc0261OCR.png,Doc0261OCR,1,Ti,30,Misjonsblad (utenfor Norge),,Der Beweis des Glaubens,,Gütersl,,,Gütersl,Gütersloh,51.9043,8.3858
2627,Doc1431OCR.png,Doc1431OCR,1,MV,20,"Misjon - konferanser, rapporter, oversikter","Gairdner, W.H.T.",Edinburg 1910,1910,Edinb,,W.H.T. Gairdner,Edinb,Edinburgh,55.9533,-3.1883
2628,Doc2667OCR.png,Doc2667OCR,1,MV,138,Misjon og kirke på Madagaskar,,Mission luthérienne a Madagascar,,Bar-le-Duc,,,Bar-le-Duc,Bar-le-Duc,48.7743,5.1605
2629,Doc3870OCR.png,Doc3870OCR,1,ST,15,Filosofihistorie,"Trench, Richard, Chenevix",Plutarch,1874,London,2nd ed.,Richard Chenevix Trench,London,London,51.5074,-0.1278
2630,Doc0463OCR.png,Doc0463OCR,1,NT,10,Tekstutgaver og oversettelser,,Bibelen N.T. Persisk,,,Revised by Robert Bruce,,,,,
2631,Doc1278OCR.png,Doc1278OCR,1,ST,68,,"Farrar, F.W.",Bibelens og Kirkens Lære om Helvedesstraffene,1886,Kra,,F.W. Farrar,Kra,Kristiania,59.9139,10.7522
2632,Doc0932OCR.png,Doc0932OCR,1,ST,,,"Dahl, N(ils) A(lstrup)",Kirke og Stat,1882,Bergen,,Nils Alstrup Dahl,Bergen,Bergen,60.3913,5.3221
2633,Doc0932OCR.png,Doc0932OCR,2,ST,,,"Dahl, N(ils) A(lstrup)",Kirke og Stat,1900,Kra,2. Udg,Nils Alstrup Dahl,Kra,Kristiania,59.9139,10.7522
2634,Doc3384OCR.png,Doc3384OCR,1,GT,50,Den nære orients arkeologi,"Schmidt, Aage",Nye Fund. De hetitiske Fund i Lilleasien ...,1908,Chra,,Aage Schmidt,Chra,Kristiania,59.9139,10.7522
2635,Doc3181OCR.png,Doc3181OCR,1,KH,,,"Rasmussen, Ivar",Kyrkjesoga for folkeskulen. 5. utg.,1916,Kra.,,"Rasmussen, Ivar",Kra.,Oslo,59.9139,10.7522
2636,Doc3093OCR.png,Doc3093OCR,1,SV,20,Indogermanske språk [-> Indoeuropeiske språk],"Platou, I.M.",Norsk opgavesamling ... samlede af I.M. Platou og H.R. Rønneberg.,1889,Kra.,,"Platou, I.M.",Kra.,Oslo,59.9139,10.7522
2637,Doc0724OCR.png,Doc0724OCR,1,KH,,,Bøckmann. P(eter) W(ilhelm) K(reydahl),Tromsø Bispedømme 1804-1904. Kirkehistoriske Meddelelser.,1903,Tromsø,,"Bøckmann, Peter Wilhelm Kreydahl",Tromsø,Tromsø,69.6496,18.956
2638,Doc2227OCR.png,Doc2227OCR,1,KH,60,Den nyere tids kirkehistorie,"Krabbe, Otto",August Neander. Ein Beitrag zu seiner Charakteristik.,1852,Hamb.,,"Krabbe, Otto",Hamb.,Hamburg,53.5511,9.9937
2639,Doc1594OCR.png,Doc1594OCR,1,MV,10,Misjonsteori – allment,"Grove-Rasmussen, A.C.L.",Om og fra Missionen.,1895,Odense,2 ekspl.,"Grove-Rasmussen, A.C.L.",Odense,Odense,55.4038,10.4024
2640,Doc1437OCR.png,Doc1437OCR,1,NT,,,"Garland, G.V.",The practical teaching of the Apocalypse.,1891,London,,"Garland, G.V.",London,London,51.5074,-0.1278
2641,Doc2346OCR.png,Doc2346OCR,1,ST,10,Filosofi og idéhistorie,"Lemcke, Carl",Populäre Aesthetik. 3. verm. Aufl.,1870,Lpz.,,"Lemcke, Carl",Lpz.,Leipzig,51.3397,12.3731
2642,Doc1210OCR.png,Doc1210OCR,1,MV,90,Misjonærbiografier,"Eppler, Christoph Friedrich","Karl Gottlieb Pfander, ein Zeuge der Wahrheit unter den Bekennern des Islams.",1888,Basel,,"Eppler, Christoph Friedrich",Basel,Basel,47.5596,7.5886
2643,Doc3474OCR.png,Doc3474OCR,1,Ku;MV,,,James Sibree,Folk-lore and folk-tales of Madagascar: selections from the traditionary lore of the Malagasy people (in the native language),1887,Antananarivo,Vol.1,James Sibree,Antananarivo,Antananarivo,-18.8792,47.5079
2644,Doc2420OCR.png,Doc2420OCR,1,Hi,10,Politisk historie og kulturhistorie,Julius Lund,Kronologiske tabeller til verdenshistorien med en udsigt over nordenshistorien,1882,Kra,,Julius Lund,Kra,Oslo,59.9139,10.7522
2645,Doc2193OCR.png,Doc2193OCR,1,SV,30,Semittiske språk,J.A. Knudtson,Om det saakaldte perfektum og imperfektum i hebraisk,1889,Kra,,J.A. Knudtson,Kra,Oslo,59.9139,10.7522
2646,Doc1691OCR.png,Doc1691OCR,1,Li,20,Arabisk og orientalsk litteratur,"Hariri (Abu Mohammed Elkasem, Ben Ali Ben Mohammed Ben Othman)",Die Verwandlungen des Abu Seid von Serug oder die Makamen des Hariri von Friedrich Rückert (übers.),1864,Stuttg,4. Aufl,"Hariri (Abu Mohammed Elkasem, Ben Ali Ben Mohammed Ben Othman)",Stuttg,Stuttgart,48.7758,9.1829
2647,Doc1559OCR.png,Doc1559OCR,1,PT,92,Annen oppbyggelseslitteratur,Hermann Gundert,"Schriftgedanken auf alle Tage des Jahres. Aus hinterlassenen Predigtentwürfen, Briefen etc.",1900,Calw,,Hermann Gundert,Calw,Calw,48.7103,8.7412
2648,Doc1726OCR.png,Doc1726OCR,1,Ge,30,Norsk geografi,Sigvard Heber,Bergens-banens høifjeldsovergang,1909,Kra,(fort.),Sigvard Heber,Kra,Oslo,59.9139,10.7522
2649,Doc2830OCR.png,Doc2830OCR,1,Ge,30,Norsk geografi,Yngvar Nielsen,Reisehaandbog over Norge. 4. omarb. Udg.,1885,Kra,4. omarb. Udg.,Yngvar Nielsen,Kra,Oslo,59.9139,10.7522
2650,Doc2830OCR.png,Doc2830OCR,2,Ge,30,Norsk geografi,Yngvar Nielsen,Reisehaandbog over Norge. 5. omarb. Udg.,1888,Kra,5. omarb. Udg.,Yngvar Nielsen,Kra,Oslo,59.9139,10.7522
2651,Doc0920OCR.png,Doc0920OCR,1,Li,40,Latinske klassikere,Bastian Dahl,Latinsk Litteraturhistorie for Gymnasier og filologisk Studerende,1889,Kra,,Bastian Dahl,Kra,Oslo,59.9139,10.7522
2652,Doc3282OCR.png,Doc3282OCR,1,,20,,"Rygg, N(icolai)",Drikkens sociale skade.,1915,Kra.,,"Rygg, Nicolai",Kra.,Oslo,59.9139,10.7522
2653,Doc2711OCR.png,Doc2711OCR,1,PT,92,Annen oppbyggelseslitteratur,"Montefeltro, Agostino da",Prædikener holdte i Rom fasten 1889.,1890,Kra.,,"Montefeltro, Agostino da",Kra.,Oslo,59.9139,10.7522
2654,Doc3924OCR.png,Doc3924OCR,1,PT,60,Kateketikk og pedagogikk,(U.S.A.) Department of the interior. Bureau of education.,Negro education ...,1917,Washington,vol. 1.,,Washington,Washington D.C.,38.9072,-77.0369
2655,Doc2597OCR.png,Doc2597OCR,1,MV,138,Misjon og kirke på Madagaskar,"Matthews, Thomas T.","Notes of nine years'mission work in the province of Vonizongo North West, Madagascar, ...",1881,London,,"Matthews, Thomas T.",London,London,51.5074,-0.1278
2656,Doc2926OCR.png,Doc2926OCR,1,Te,10,Matematikk,"Olsen, E(rik)",Ledetraad ved Undervisningen i den elementaire Regning ...,1862,Chra.,2. opl.,"Olsen, Erik",Chra.,Oslo,59.9139,10.7522
2657,Doc0103OCR.png,Doc0103OCR,1,PT,92,Annen oppbyggelseslitteratur,"Arndt, F(riedrich)",Christelige Betragtninger til hver Dag i Aaret.,1858,Kbh.,3. Udg.,"Arndt, Friedrich",Kbh.,Copenhagen,55.6761,12.5683
2658,Doc1202OCR.png,Doc1202OCR,1,MV,138,Misjon og kirke på Madagaskar,,Misjonslitt. Gassisk. - Eokaristika dia ny komoniona masina ...,1883,Antan.,,,Antan.,Antananarivo,-18.8792,47.5079
2659,Doc1534OCR.png,Doc1534OCR,1,ST,,,"Grützmacher, Richard H.",Jesusdyrkelse eller Kristustro.,1914,Chra.,2 ekspl.,"Grützmacher, Richard H.",Chra.,Oslo,59.9139,10.7522
2660,Doc3383OCR.png,Doc3383OCR,1,RV,20,Religionsfenomenologi,"Schmidt, Aage",Gedanken über die Entwicklung der Religion auf Grund der babylonischen Quellen.,1911,Lpz.,,"Schmidt, Aage",Lpz.,Leipzig,51.3397,12.3731
2661,Doc0092OCR.png,Doc0092OCR,1,Le,20,Ordbøker – moderne språk og latin,"Aphelen, H. von",Grand dictionnaire royal danois et francois. P.1.,1759,Kbh.,Fransk-dansk,"Aphelen, H. von",Kbh.,Copenhagen,55.6761,12.5683
2662,Doc0959OCR.png,Doc0959OCR,1,MS,,,"Dahle, Lars",Katalog over faglitteratur i Dahles boksamling.,,U.s.u.å.,,"Dahle, Lars",U.s.u.å.,Unknown,,
2663,Doc0664OCR.png,Doc0664OCR,1,GT,40,Israels historie,"Buddeus, Joannes Franziscus",Historia ecclesiastica Veteris testamenti. 3. ed. T.1-2.,1726,Hala Magdeb.,3. ed. T.1-2. 2 t.,"Buddeus, Joannes Franziscus",Hala Magdeb.,Halle (Saale),51.4828,11.9696
2664,Doc4148OCR.png,Doc4148OCR,1,Li,30,Greske klassikere,Xenophon,"The Anabasis, ... and the Memorabilia of Socrates transl. from the Greek. By J.S. Watson ...",1855,London,,Xenophon,London,London,51.5074,-0.1278
2665,Doc2274OCR.png,Doc2274OCR,1,PT,92,Annen oppbyggelseslitteratur,"Kähler, Martin",Paasketanker,1902,Kbh.,,"Kähler, Martin",Kbh.,Copenhagen,55.6761,12.5683
2666,Doc1224OCR.png,Doc1224OCR,1,ST,,,"Ernst, Richard, pseud.",Hvorledes jeg blev moderne teolog.,1909,Kra.,Overs. av Kathrine Berggrav-Jensen.,"Ernst, Richard, pseud.",Kra.,Oslo,59.9139,10.7522
2667,Doc3779OCR.png,Doc3779OCR,1,ST,,,"Taranger, Absalon",Hvorledes skal kirken stille sig til vor moderne skilsmisseret ?,1921,Kra.,Foredrag,"Taranger, Absalon",Kra.,Oslo,59.9139,10.7522
2668,Doc1356OCR.png,Doc1356OCR,1,PT,80,Hymnologi og kirkemusikk,"Fortlage, C.",Gesänge christlicher Vorzeit. Auswahl ... aus dem Griechischen und Lateinischen übers.,1844,Berlin,,"Fortlage, C.",Berlin,Berlin,52.52,13.405
2669,Doc1409OCR.png,Doc1409OCR,1,MV,122,Misjon og kirke i India,"Frykholm, Gertrud",En rundresa ...,1917,Upps.,2. Uppl.,"Frykholm, Gertrud",Upps.,Uppsala,59.8586,17.6389
2670,Doc2038OCR.png,Doc2038OCR,1,MV,122,Misjon og kirke i India,"Johansson, A.B.",Ett dyrebart arv.,1917,Upps.,,"Johansson, A.B.",Upps.,Uppsala,59.8586,17.6389
2671,Doc1054OCR.png,Doc1054OCR,1,Le,10,Almenne leksika,Paul Guerin,"Dictionnaire des dictionnaires. Lettres, sciences, arts, encyclopedie universelle.",1886,Paris,,"Guerin, Paul",Paris,Paris,48.8566,2.3522
2672,Doc0606OCR.png,Doc0606OCR,1,NV,30,Fysikk,"Brewer, (John Sherren)",A guide to the scientific knowledge of things familiar.,1869,London,26th ed. rev.,"Brewer, John Sherren",London,London,51.5074,-0.1278
2673,Doc1219OCR.png,Doc1219OCR,1,PT,92,Annen oppbyggelseslitteratur,"Erichsen, J(ohan) W(illoch)",Avskedspræken holdt 1 ste paaskedag i Bergens Domkirke 23. april 1916.,1916,Bergen,,"Erichsen, Johan Willoch",Bergen,Bergen,60.3913,5.3221
2674,Doc3097OCR.png,Doc3097OCR,1,Li,40,Latinske klassikere,"Plinius (Caecilius Secundus, Gaius)",Choix de lettres. Texte latin publ. avec ... des analyses ... par A. Waltz.,1890,Paris,3e éd.,"Plinius, Gaius Caecilius Secundus",Paris,Paris,48.8566,2.3522
2675,Doc3953OCR.png,Doc3953OCR,1,MV,158,,Misjonslitt. Gassisk.,Vie des saints trad. dans la langue de Madagascar ... A.M.D.G.,1860,Bourbon,,Misjonslitt. Gassisk.,Bourbon,Réunion (formerly Bourbon Island),-21.1151,55.5364
2676,Doc4175OCR.png,Doc4175OCR,1,SV,60,Afrikanske språk,,Zulu vocabulary and phrasebook,1897,Durban,9 th ed. rev.,,Durban,Durban,-29.8587,31.0218
2677,Doc1493OCR.png,Doc1493OCR,1,ST,50,Apologetikk,"Gjessing, M.J.",Om Jesu Christi Opstandelse,1899,U.s.,,"Gjessing, M.J.",U.s.,United States,,
2678,Doc0406OCR.png,Doc0406OCR,1,NT,10,Tekstutgaver og oversettelser,,Bibelen N.T. Islandsk.,1914,Lond.,,,Lond.,London,51.5074,-0.1278
2679,Doc1809OCR.png,Doc1809OCR,1,ST,50,Apologetikk,"Higinbotham, George",Videnskab og religion,1890,Bergen,,"Higinbotham, George",Bergen,Bergen,60.39299,5.32415
2680,Doc1199OCR.png,Doc1199OCR,1,GT,20,"Ordbøker, konkordanser og grammatikker",,The Englishman's Hebrew and Chaldee concordance of the Old Testament,1866,London,3 rd. ed.,,London,London,51.5074,-0.1278
2681,Doc0037OCR.png,Doc0037OCR,1,Li,30,Greske klassikere,Aischylos,Prometheus vinctus,1822,London,,Aischylos,London,London,51.5074,-0.1278
2682,Doc4118OCR.png,Doc4118OCR,1,SV,30,Semittiske språk,"Winckler, Julius Leopold Willi",Kurzgefasste arabische Sprachlehre,1862,Lpz.,,"Winckler, Julius Leopold Willi",Lpz.,Leipzig,51.3397,12.3731
2683,Doc2992OCR.png,Doc2992OCR,1,SV,20,Indogermanske språk [-> Indoeuropeiske språk],"Passy, Paul",Les sons du francais,1895,Paris,4' e éd.,"Passy, Paul",Paris,Paris,48.8566,2.3522
2684,Doc1515OCR.png,Doc1515OCR,1,MV,121,Misjon og kirke i Kina,"Gotteberg, J(ohan) A(ndreas) O(lsen)",Ti år i Hunan.,1912,Stvg.,2 ekspl.,"Gotteberg, Johan Andreas Olsen",Stvg.,Stavanger,58.9701,5.7332
2685,Doc1019OCR.png,Doc1019OCR,1,KH,,,"Deinboll, August Th(orvald)",Philip Melanchthon. Et Livsbillede.,1897,Kra.,,"Deinboll, August Thorvald",Kra.,København,55.6761,12.5683
2686,Doc4139OCR.png,Doc4139OCR,1,Hi,20,Nordisk historie,"Worsaae, J(ens) A(smussen)",Nordens Forhistorie. Efter samtidige Mindesmærker.,1881,Kbh.,,"Worsaae, Jens Asmussen",Kbh.,København,55.6761,12.5683
2687,Doc3577OCR.png,Doc3577OCR,1,GT,66,Kommentar til Salmene,"Spurgeon, C.H.",The treasury of David ... Vol.1.: Psalm. 1–26. 20.thous.,1882,London,,"Spurgeon, C.H.",London,London,51.5074,-0.1278
2688,Doc2876OCR.png,Doc2876OCR,1,MV,10,Misjonsteori – allment,"Söderblom, Nath. ...(m.fl.)",Nutida missionsuppgifter. Sex föreläsningar ...,1906,Upps.,,"Söderblom, Nathan",Upps.,Uppsala,59.8586,17.6389
2689,Doc2540OCR.png,Doc2540OCR,1,MV,138,Misjon og kirke på Madagaskar,,Bulletin de l'Académie malgache ... Nouv. sér. t. 6 e 1922-23.,1924,Tanan.,,,Tanan.,Antananarivo,-18.8792,47.5079
2690,Doc1257OCR.png,Doc1257OCR,1,GT,20,"Ordbøker, konkordanser og grammatikker","Ewald, Heinrich",Ausführliches Lehrbuch der hebräischen Sprache des alten Bundes. 7. Ausg.,1863,Gött.,,"Ewald, Heinrich",Gött.,Göttingen,51.5413,9.9158
2691,Doc1077OCR.png,Doc1077OCR,1,NV,70,Medisin og helse,"Ditlevsen, J(ohan) G(ottlob)",Grundtræk af Menneskets Histologi ... En Fremstilling af Læren om Legemets elementære Bygning ...,1878,Kbh.,,"Ditlevsen, Johan Gottlob",Kbh.,København,55.6761,12.5683
2692,Doc0108OCR.png,Doc0108OCR,1,SV,20,Indogermanske språk [-> Indoeuropeiske språk],"Arnold, Thomas Kerchever",A practical introduction to Greek prose composition.,1838,London,,Thomas Kerchever Arnold,London,London,51.5074,-0.1278
2693,Doc3329OCR.png,Doc3329OCR,1,GT,,,"Sayce, A.H.",The early history of the Hebrews.,1897,London,,A.H. Sayce,London,London,51.5074,-0.1278
2694,Doc1063OCR.png,Doc1063OCR,1,Bi,50,Kommentarverk til hele Bibelen,"Dieu, Louis de","Critica sacra, sive Animadversiones in loca quaedam difficiliora Veteris et Novi Testamenti. Suffixa est Apocalypsis D. Johannis Syriaca, quam ... ex ms. Josephi Scaglieri autor primus ed., versione Latina notisque ill.",1693,Amst.,,Louis de Dieu,Amst.,Amsterdam,52.3676,4.9041
2695,Doc1585OCR.png,Doc1585OCR,1,SV,50,"Malayiske språk, gassisk språk","Griffiths, David",A grammar of the Malagasy language in the Ankova dialect.,1854,Woobridge,3. ekspl.,David Griffiths,Woobridge,Woodbridge,52.093,1.319758
2696,Doc2931OCR.png,Doc2931OCR,1,RV,120,Germansk religion,"Olsen, Magnus","Tryllerunerne på et vævspjæld fra Lund i Skaane. Kra., 1908. (Nr. 7.)",1908,Kra.,Nr. 7,Magnus Olsen,Kra.,Oslo,59.9112,10.7528
2697,Doc0864OCR.png,Doc0864OCR,1,NV,70,Medisin og helse,"Combe, A(ndrew)","Populær Fremstilling af Physiologiens Hovedlærdømme, 2. danske Udg., gjennems. og forøg. efter 12. Orig. Udg. ved J. Blicher.",1851,Kbh.,,Andrew Combe,Kbh.,Copenhagen,55.6761,12.5683
2698,Doc2719OCR.png,Doc2719OCR,1,PT,92,Annen oppbyggelseslitteratur,"Mortensen, A.",Lidelseshistorien til brug ved den daglige andagt ... i fastetiden ved A. Mortensen og Imm. Flood.,1899,Kra.,,A. Mortensen,Kra.,Oslo,59.9112,10.7528
2699,Doc3295OCR.png,Doc3295OCR,1,SV,30,Semittiske språk,"Sacy, A(ntoine) I(saac) Silvestre de",Grammaire arabe ... P.1-2.,1810,Paris,2 p.,Antoine Isaac Silvestre de Sacy,Paris,Paris,48.8566,2.3522
2700,Doc0683OCR.png,Doc0683OCR,1,GT,68,Kommentar til skriftene forøvrig,"Buhl, Frants",Om Prædikerens Bog.,1886,Kbh.,,"Buhl, Frants",Kbh.,Copenhagen,55.6761,12.5683
2701,Doc0683OCR.png,Doc0683OCR,2,GT,68,Kommentar til skriftene forøvrig,,Om Jobs Bog.,1887,Kbh.,,,Kbh.,Copenhagen,55.6761,12.5683
2702,Doc0683OCR.png,Doc0683OCR,3,GT,68,Kommentar til skriftene forøvrig,"Delitzsch, Franz",Ere Jøderne Guds udvalgte Folk ?,1890,Kbh.,,"Delitzsch, Franz",Kbh.,Copenhagen,55.6761,12.5683
2703,Doc1033OCR.png,Doc1033OCR,1,GT,70,Gammeltestamentlig bibelteologi og religionshistorie,"Delitzsch, Friedrich",Babel und Bibel. Ein Vortrag.,1902,Lpz.,52 s.,"Delitzsch, Friedrich",Lpz.,Leipzig,51.3397,12.3731
2704,Doc2458OCR.png,Doc2458OCR,1,PT,92,Annen oppbyggelseslitteratur,J.H.,Søndag...,1915,,,J.H.,,,,
2705,Doc2458OCR.png,Doc2458OCR,2,PT,92,Annen oppbyggelseslitteratur,Fred. Tybring,Vor gudstjeneste,1915,,,Fred. Tybring,,,,
2706,Doc2787OCR.png,Doc2787OCR,1,PT,,,N. L.,Examensuveiret i Norge 1868,1869,Chra.,,N. L.,Chra.,Oslo,59.9139,10.7522
2707,Doc1374OCR.png,Doc1374OCR,1,SV,50,"Malayiske språk, gassisk språk","Freeman, J.J.",A Dictionary of the Malagasy Language.,1835,Antan.,P.l.,"Freeman, J.J.",Antan.,Antananarivo,-18.8792,47.5079
2708,Doc3834OCR.png,Doc3834OCR,1,Bi,30,"Bibelsk geografi, arkeologi, kulturhistorie","Thomson, W.M.","The land and the book; Or Biblical illustrations drawn from the manners and customs, the scenes and scenery of the Holy land.",1873,London,,"Thomson, W.M.",London,London,51.5074,-0.1278
2709,Doc3684OCR.png,Doc3684OCR,1,MV,20,"Misjon - konferanser, rapporter, oversikter",,Student volunteer movement The first two decades,1906,N.Y.,,,N.Y.,New York,40.7128,-74.006
2710,Doc2963OCR.png,Doc2963OCR,1,Li,70,Tysk litteratur,"Ostwald, Hans",Landstreicher...,1911,Lpz.,,"Ostwald, Hans",Lpz.,Leipzig,51.3397,12.3731
2711,Doc2147OCR.png,Doc2147OCR,1,PT,50,Liturgikk,,Danmarks og Norges Kirkeritual,1863,Kra.,,,Kra.,Oslo,59.9115,10.7336
2712,Doc3429OCR.png,Doc3429OCR,1,Li,60,Engelsk litteratur,"Scott, Walter",Erzählungen eines Grossvaters aus der schottischen Geschichte,1828,Zwickau,,Walter Scott,Zwickau,Zwickau,50.7272,12.4836
2713,Doc0766OCR.png,Doc0766OCR,1,GT,66,Kommentar til Salmene,"Caspari, (Carl Paul)",Forelæsninger over 50 udvalgte Psalmer,,U.s.u.å.,,Carl Paul Caspari,U.s.u.å.,Unknown,,
2714,Doc3256OCR.png,Doc3256OCR,1,SV,30,Semittiske språk,"Rosenberg, J.",Lehrbuch der samaritanischen Sprache und Literatur,,Wien u.a.,,J. Rosenberg,Wien,Vienna,48.2082,16.3738
2715,Doc3059OCR.png,Doc3059OCR,1,ST,50,Apologetikk,"Philipps, L.F. March",Lectures on the cumulative evidences of divine revelation,,London u.a.,2nd ed.,L.F. March Philipps,London,London,51.5074,-0.1278
2716,Doc0191OCR.png,Doc0191OCR,1,Li,10,Litteraturhistorie - allment,"Baumgartner, Alexander",Geschichte der Weltliteratur,1897,Freib. i. B.,,Alexander Baumgartner,Freiburg i. B.,Freiburg,47.999,7.8421
2717,Doc2948OCR.png,Doc2948OCR,1,MV,138,Misjon og kirke på Madagaskar,,Organisasianon' ny fiangonana lotherana Malagasy eto ampovoan-tany,1902,Tanan,,,Tanan,Antananarivo,-18.8792,47.5079
2718,Doc0998OCR.png,Doc0998OCR,1,KH,,,"Dahle, Peder Blessing",Kristelig studenterbevægelse ved Kristiania universitet. En historisk oversigt,1900,Kra.,,Peder Blessing Dahle,Kra.,Oslo,59.9115,10.7336
2719,Doc0391OCR.png,Doc0391OCR,1,NT,10,Tekstutgaver og oversettelser,Paul Passy,L'evangile selon Marc. Texte grec ... translitere en lettres latines par Paul Passy,1898,Paris,,Paul Passy,Paris,Paris,48.8566,2.3522
2720,Doc4094OCR.png,Doc4094OCR,1,GT,20,"Ordbøker, konkordanser og grammatikker","White, H. K.",Lexikalsk og grammatisk Analyse til fyrgetyve Kapitler af Genesis,1863,Kbh.,2. Udg.,"White, H. K.",Kbh.,Copenhagen,55.6761,12.5683
2721,Doc2779OCR.png,Doc2779OCR,1,SV,20,Indogermanske språk [-> Indoeuropeiske språk],"Mätzner, Eduard",Französiche Grammatik mit besonderer Berücksichtigung des Lateinischen,1877,Berlin,2. Aufl.,Eduard Mätzner,Berlin,Berlin,52.52,13.405
2722,Doc2348OCR.png,Doc2348OCR,1,KH,110,Nord-Amerikas kirkehistorie,"Lenker, J.N.",Lutherans in all lands,1894,"Milwaukee, Wis.",3. rev. enl. ed.,J.N. Lenker,"Milwaukee, Wis.","Milwaukee, Wisconsin",43.0389,-87.9065
2723,Doc3567OCR.png,Doc3567OCR,1,PT,80,Hymnologi og kirkemusikk,"Spiro, Friedrich",Geschichte der Musik. B.G. Treubner Verlag,1907,Lpz.,,Friedrich Spiro,Lpz.,Leipzig,51.3397,12.3731
2724,Doc3816OCR.png,Doc3816OCR,1,ST,,,"Thiersch, H(einrich) W.I.",Om det christelige Familieliv,1865,Bergen,2. Udg.,Heinrich W.I. Thiersch,Bergen,Bergen,60.3923,5.3221
2725,Doc2010OCR.png,Doc2010OCR,1,Jød,,,"Jellinek, Adolf",(Seine) letzten Reden ... (Hg.) von D. Löwy,1894,Wien,,Adolf Jellinek,Wien,Vienna,48.2082,16.3738
2726,Doc1511OCR.png,Doc1511OCR,1,ST,,,"(Gordon, Charles)","Charles Gordon som kristen og som Soldat, Bearb. efter engelske Kilder af A.v.St.",1885,Krn.,Overs. paa Norsk af M.J.,Charles Gordon,Krn.,,,
2727,Doc3240OCR.png,Doc3240OCR,1,PT,92,Annen oppbyggelseslitteratur,"Robertson, Præst","Nogle Prædikener, overs. af P.M. Lund.",1879,Kbh.,,"Robertson, Præst",Kbh.,Copenhagen,55.6761,12.5683
2728,Doc2301OCR.png,Doc2301OCR,1,GT,64,Kommentar til profetbøkene,"Landstad, Hans",Prophetedømmet i Israel.,1868,Chra.,,"Landstad, Hans",Chra.,Oslo,59.9139,10.7522
2729,Doc2301OCR.png,Doc2301OCR,2,GT,64,Kommentar til profetbøkene,"Luthardt, Chr. Ernst",Johannes Aabenbaring ... forklaret ...,1863,Chra.,,"Luthardt, Chr. Ernst",Chra.,Oslo,59.9139,10.7522
2730,Doc4153OCR.png,Doc4153OCR,1,Li,30,Greske klassikere,Xenophon,Om Huusholdningskunsten ... overs. af J.S.B. Suhr.,1838,Kbh.,,Xenophon,Kbh.,Copenhagen,55.6761,12.5683
2731,Doc4153OCR.png,Doc4153OCR,2,Li,30,Greske klassikere,"Tacitus, Publius Cornelius",Julius Agricolas Levnet.,1871,Kbh.,2. Opl.,"Tacitus, Publius Cornelius",Kbh.,Copenhagen,55.6761,12.5683
2732,Doc0969OCR.png,Doc0969OCR,1,MS,,,"Dahle, Lars",Notater fra Tysklandsreise.,,,,"Dahle, Lars",,,,
2733,Doc2905OCR.png,Doc2905OCR,1,MV,10,Misjonsteori – allment,"Oepke, A.",Ahmednagar und Golconda. Ein Beitrag zur Erörterung der Missionsproblem des Weltkrieges.,1918,Lpz.,,"Oepke, A.",Lpz.,Leipzig,51.3397,12.3731
2734,Doc2593OCR.png,Doc2593OCR,1,PT,90,Prekener og andaktsbøker,"Massillon, (Jean Baptiste)",Tre Taler af Massillon. Ved E.H.,1851,Kbh.,,"Massillon, (Jean Baptiste)",Kbh.,Copenhagen,55.6761,12.5683
2735,Doc0579OCR.png,Doc0579OCR,1,Te,20,Teknikk – allment,"Bouant, É(mile)",Dictionnaire-Manuel-Illustré des sciences usuelles: ...,1897,Paris,4^e éd.,"Bouant, Émile",Paris,Paris,48.8566,2.3522
2736,Doc3371OCR.png,Doc3371OCR,1,MV,15,"Misjon - fortellinger, misjonsmotivering","Schlier, Joseph",Missionsstunden für evangelische Gemeinden. B.1-3.,1871,Nördlingen,3 b.,"Schlier, Joseph",Nördlingen,Nördlingen,48.8513,10.4888
2737,Doc1320OCR.png,Doc1320OCR,1,SV,20,Indogermanske språk [-> Indoeuropeiske språk],,First book of exercises for the use of the Dutch classes,1843,Cape Town,,,Cape Town,Cape Town,-33.9249,18.4241
2738,Doc2796OCR.png,Doc2796OCR,1,KH,,,"Neander, August",Lectures on the history of Christian dogmas,1858,London,Vol.1-2,"Neander, August",London,London,51.5074,-0.1278
2739,Doc1040OCR.png,Doc1040OCR,1,Li,30,Greske klassikere,Demosthenes,Werke. Griechisch und Deutsch,1856,Lpz.,1.-3. Aufl. T.1-4.,Demosthenes,Lpz.,Leipzig,51.3397,12.3731
2740,Doc1040OCR.png,Doc1040OCR,2,Li,30,Greske klassikere,"Freund, Wilhelm",Schüler-Bibliothek Griechische Klassiker,,,,"Freund, Wilhelm",,,,
2741,Doc0832OCR.png,Doc0832OCR,1,Li,40,Latinske klassikere,"Cicero, M(arcus) Tullius",De officiis libri tres,1849,Kbh.,,"Cicero, Marcus Tullius",Kbh.,Copenhagen,55.6761,12.5683
2742,Doc2234OCR.png,Doc2234OCR,1,SV,60,Afrikanske språk,"Krapf, J(ohannes) L(udwig)",Vocabulary of six East-African languages,1850,Tüb.,,"Krapf, Johannes Ludwig",Tüb.,Tübingen,48.5216,9.0579
2743,Doc0256OCR.png,Doc0256OCR,1,ST,50,Apologetikk,"Bettex, F.",Tvivl?,1910,Kra.,,"Bettex, F.",Kra.,Kristiania,59.9139,10.7522
2744,Doc2881OCR.png,Doc2881OCR,1,SV,20,Indogermanske språk [-> Indoeuropeiske språk],"Nygaard, M(arius)",Sproget i Norge i fortid og nutid,1897,Bergen,2. utg.,"Nygaard, Marius",Bergen,Bergen,60.3913,5.3221
2745,Doc2534OCR.png,Doc2534OCR,1,KH,100,Andre europeiske lands kirkehistorie,"Macpherson, John","Life and labours of Duncan Matheson, the Scottish evangelist",,London,,"Macpherson, John",London,London,51.5074,-0.1278
2746,Doc1636OCR.png,Doc1636OCR,1,KH,,,"Hall, Birger",Vækkelsen i Wales. En beretning efter engelske kilder.,1905,Kra.,,"Hall, Birger",Kra.,Oslo,59.9139,10.7522
2747,Doc0372OCR.png,Doc0372OCR,1,NT,10,Tekstutgaver og oversettelser,,Bibelen. N.T. Joh. Gassisk. Evanjely masiny Jeso-Kristy nosoratany m. -d. Joany.,1878,Antananarivo,,,Antananarivo,Antananarivo,-18.8792,47.5079
2748,Doc3935OCR.png,Doc3935OCR,1,MV,20,"Misjon - konferanser, rapporter, oversikter","Vahl, J(ems)",Missions to the heathen in 1893 and 1894. A statistical review,1896,Cph.,,"Vahl, J(ems)",Cph.,Copenhagen,55.6761,12.5683
2749,Doc1031OCR.png,Doc1031OCR,1,ST,,,"Delitzsch, Franz",System der christlichen Apologetik,1869,Lpz.,,"Delitzsch, Franz",Lpz.,Leipzig,51.3397,12.3731
2750,Doc0812OCR.png,Doc0812OCR,1,ST,,,"Christlieb, Theodor",Modern doubt and Christian belief. Transl. by H.U. Weitbrecht and ed. by T.L. Kingsbury.,1874,Edinb.,,"Christlieb, Theodor",Edinb.,Edinburgh,55.9533,-3.1883
2751,Doc3559OCR.png,Doc3559OCR,1,ST,10,Filosofi og idéhistorie,"Spencer, Herbert",Mindre Afhandlinger. Paa Dansk ved H.Høffding.,1878,Kbh.,160 s. Shr.,"Spencer, Herbert",Kbh.,Copenhagen,55.6761,12.5683
2752,Doc2117OCR.png,Doc2117OCR,1,ST,,,"Kent, G(eorg)",Det absolute Gudsbegreb. En religionsphilosophisk Udvikling.,1886,Kra.,,"Kent, G(eorg)",Kra.,Oslo,59.9139,10.7522
2753,Doc2215OCR.png,Doc2215OCR,1,KH,,,"Kolsrud, Oluf",Det norske bibelselskab 1816-1916.,1916,Chra.,H.1.,"Kolsrud, Oluf",Chra.,Oslo,59.9139,10.7522
2754,Doc0090OCR.png,Doc0090OCR,1,Li,20,Arabisk og orientalsk litteratur,,"Antar; Arabernes Bäyard, Helten uden Frygt og uden Dadel. Episoder af Antar-Sagnene.",1881,Chra.,Overs. af C.A.Holmboe.,,Chra.,Oslo,59.9139,10.7522
2755,Doc1364OCR.png,Doc1364OCR,1,MV,221,,M.,Fra Kinas Hjem. Skildring for Missionsvenner.,1900,Kra.,Samlet af M.,M.,Kra.,Oslo,59.9139,10.7522
2756,Doc0189OCR.png,Doc0189OCR,1,Bi,30,"Bibelsk geografi, arkeologi, kulturhistorie","Bauer, Georg Lorents",Kortfattet Lærebog i det Gamle og Nye Testamentes Hebraiske Oldsager,1842,Kbh.,overs. efter C(E.) F.K.Rosenmüllers Udg. af Kr. Mantzius.,"Bauer, Georg Lorents",Kbh.,Copenhagen,55.6761,12.5683
2757,Doc2732OCR.png,Doc2732OCR,1,MV,138,Misjon og kirke på Madagaskar,,Misjonslitt. Gassisk. Ny Mpanolo-tsaina,1878,Imarivolanitra,,,Imarivolanitra,Antananarivo,-18.8792,47.5079
2758,Doc0899OCR.png,Doc0899OCR,1,Le,40,Bibliografier,,"The Critical review of theological & philosophical literature. Vol.4.,no.1., 9,no.4.",1894,Edinb.,,,Edinb.,Edinburgh,55.9533,-3.1883
2759,Doc1766OCR.png,Doc1766OCR,1,MV,138,Misjon og kirke på Madagaskar,,Misjonslitt. Gassisk. Herimen/iotika amy ny soratra masina.,1873,Antan.,,,Antan.,Antananarivo,-18.8792,47.5079
2760,Doc4035OCR.png,Doc4035OCR,1,MV,10,Misjonsteori – allment,"Warneck, G(ustav)",Die Apostolische und die moderne Mission.,1876,Gütersl.,,"Warneck, Gustav",Gütersl.,Gütersloh,51.9069,8.3785
2761,Doc2239OCR.png,Doc2239OCR,1,ST,,,Gustav Jensen,Kristelige foredrag,1906,Kra.,m.fl.,Gustav Jensen,Kra.,Oslo,59.9139,10.7522
2762,Doc2349OCR.png,Doc2349OCR,1,RV,20,Religionsfenomenologi,"Lenormant, Francois",Chaldeau magic: its origin and development,,London u.å.,,"Lenormant, Francois",London,London,51.5074,-0.1278
2763,Doc2836OCR.png,Doc2836OCR,1,KH,,,"Nilsson, Jens",To og Tredive Prædikener...,1917,Kra.,Univ. progr.,"Nilsson, Jens",Kristiania,Oslo,59.9139,10.7522
2764,Doc4031OCR.png,Doc4031OCR,1,SV,60,Afrikanske språk,"Wanger, P.W.",Konversations-Grammatik der Zulu-Sprache,1917,Mariannhill,,"Wanger, P.W.",Mariannhill,Mariannhill,-29.8509,30.9103
2765,Doc2548OCR.png,Doc2548OCR,1,SV,20,Indogermanske språk [-> Indoeuropeiske språk],"Madvig, Johan Nicolai","Græsk Ordføiningslære,",1857,Kbh.,2. Udg.,"Madvig, Johan Nicolai",København,Copenhagen,55.6761,12.5683
2766,Doc0512OCR.png,Doc0512OCR,1,NT,,,"Bleek, Friedrich",Einleitung in das Neue Testament,1875,Berl.,3.Aufl.,"Bleek, Friedrich",Berlin,Berlin,52.52,13.405
2767,Doc3765OCR.png,Doc3765OCR,1,Jød,40,Rabbinismen,Von Herm. L. Strack,Pirke Abot Die Sprüche der Väter,1882,Karlsruhe,,Von Herm. L. Strack,Karlsruhe,Karlsruhe,49.0069,8.4037
2768,Doc3201OCR.png,Doc3201OCR,1,NT,70,Skrifter om den historiske Jesus,"Renan, Ernest",Vie de Jesus,1863,Berlin,,"Renan, Ernest",Berlin,Berlin,52.52,13.405
2769,Doc0195OCR.png,Doc0195OCR,1,PT,92,Annen oppbyggelseslitteratur,"Baxter, M.","Coming wars and great events,",,London u.å.,,"Baxter, M.",London,London,51.5074,-0.1278
2770,Doc4156OCR.png,Doc4156OCR,1,Li,30,Greske klassikere,Xenophon,"Easy selections ... with a vocabulary, notes and map by J.Surtees Phillpotts and C.S.Jerram. Preliminary p.: Scenes from the Anabasis.",1878,Oxf.,2 nd ed.,Xenophon,Oxf.,Oxford,51.752022,-1.257677
2771,Doc1698OCR.png,Doc1698OCR,1,ST,,,"Harnack, Adolf",(Foredrag i Kristiania 1910.),1910,Kra.,,Adolf Harnack,Kra.,Oslo,59.913868,10.752245
2772,Doc0411OCR.png,Doc0411OCR,1,NT,10,Tekstutgaver og oversettelser,,Bibelen. N.T. Kinesisk.,1906,U.s.,,,U.s.,United States,37.09024,-95.712891
2773,Doc0650OCR.png,Doc0650OCR,1,SV,20,Indogermanske språk [-> Indoeuropeiske språk],"Bruun, (Jens) Schou",Græsk Grammatik.,1885,Kbh.,2. omarb. Udg.,Jens Schou Bruun,Kbh.,Copenhagen,55.676098,12.568337
2774,Doc3605OCR.png,Doc3605OCR,1,MV,130,Misjon og kirke i Afrika,"Stavem, O(le)",Lys over det mørke fastland.,1923,Stvg.,2 ekspl.,Ole Stavem,Stvg.,Stavanger,58.969975,5.733107
2775,Doc1970OCR.png,Doc1970OCR,1,NT,59,Kommentar til Johannes Åpenbaring,"Ipsen, O.C.",De Helliges Taalmodighed og Tro; Opbyggelig Vejledning gjennem St. Johannes Aabenbaring.,1884,Kbh.,,O.C. Ipsen,Kbh.,Copenhagen,55.676098,12.568337
2776,Doc2344OCR.png,Doc2344OCR,1,Va,,,"Lehmann, H(alfdan)",Velstandslære for Menigmand. B.1-2.,1872,Kra.,2B. i 1.,Halfdan Lehmann,Kra.,Oslo,59.913868,10.752245
2777,Doc2344OCR.png,Doc2344OCR,2,Va,,,"Lehmann, H(alfdan)",Velstandslære for Menigmand. B.1-2.,1874,Kra.,2B. i 1.,Halfdan Lehmann,Kra.,Oslo,59.913868,10.752245
2778,Doc2756OCR.png,Doc2756OCR,1,MV,,,"Myhre, Jonas",Missionen i Korea.,1911,Stvg.,,Jonas Myhre,Stvg.,Stavanger,58.969975,5.733107
2779,Doc0626OCR.png,Doc0626OCR,1,GT,50,Den nære orients arkeologi,"Brugsch, Heinrich",Steininschrift und Bibelwort.,1891,Berlin,,"Brugsch, Heinrich",Berlin,Berlin,52.52,13.405
2780,Doc3601OCR.png,Doc3601OCR,1,Ge,30,Norsk geografi,"Stabenfeldt, Nils (red.)",Stavanger : utsigt over byens historie og næringsliv samt Stvgr. ungdomsforeningers historie 1868-1911,1911,Stavanger,,"Stabenfeldt, Nils",Stavanger,Stavanger,58.97,5.733
2781,Doc1800OCR.png,Doc1800OCR,1,Li,40,Latinske klassikere,"Heuzé, Jean",Selectae e profanis scriptoribus historiae,1882,Paris,,"Heuzé, Jean",Paris,Paris,48.8566,2.3522
2782,Doc3301OCR.png,Doc3301OCR,1,MV,138,Misjon og kirke på Madagaskar,R. Toy,Ny Sain'Andriamanitra hita amy ny asany.,1877,Antananarivo,,R. Toy,Antananarivo,Antananarivo,-18.8792,47.5079
2783,Doc3051OCR.png,Doc3051OCR,1,NV,70,Medisin og helse,"Petitpierre, C.","Anvisning til Synets Vedligeholdelse, ..",1830,Christiania,,"Petitpierre, C.",Christiania,Oslo,59.9139,10.7522
2784,Doc3062OCR.png,Doc3062OCR,1,PT,80,Hymnologi og kirkemusikk,"Phillips, Philip",The American sacred songster,1868,London,,"Phillips, Philip",London,London,51.5074,-0.1278
2785,Doc0425OCR.png,Doc0425OCR,1,NT,10,Tekstutgaver og oversettelser,Theodori Bezae,Jesu Christi ... Novum testamentum,1898,Berlin,,Theodori Bezae,Berlin,Berlin,52.52,13.405
2786,Doc0425OCR.png,Doc0425OCR,2,NT,10,Tekstutgaver og oversettelser,Tremellii et Junii,Psalmi Davidis,1898,Berlin,,Tremellii et Junii,Berlin,Berlin,52.52,13.405
2787,Doc1754OCR.png,Doc1754OCR,1,NT,45,Kommentar til Johannesevangeliet,"Hengstenberg, Ernst Wilhelm",Das Evangelium des heiligen Johannes erläutert,1870,Berlin,2. Ausg.,"Hengstenberg, Ernst Wilhelm",Berlin,Berlin,52.52,13.405
2788,Doc1902OCR.png,Doc1902OCR,1,MV,10,Misjonsteori – allment,"Horsburgh, J. Heywood",Do not say,,London,2nd Ed.,"Heywood Horsburgh, J.",London,London,51.5074,-0.1278
2789,Doc0552OCR.png,Doc0552OCR,1,Te,10,Matematikk,"Bonnevie, J. A.",Lærebog i aritmetik og algebra. 2. Gymnasierne.,1900,Kra.,,"Bonnevie, J. A.",Kra.,Oslo,59.9139,10.7522
2790,Doc2399OCR.png,Doc2399OCR,1,SV,30,Semittiske språk,Locmanus,"Fabulae quae circumferuntur, annotationibus ... et glossario explanatae ab Aemilio Roedigero. Ed. 2. aucta.",1839,Hale Saxonum,,Locmanus,Hale Saxonum,"Halle, Saxony",51.482,11.97
2791,Doc1549OCR.png,Doc1549OCR,1,Te,10,Matematikk,"Guldberg, C. M.",Lærebog i stereometri.,1901,Chra.,6. udg.,"Guldberg, C. M.",Chra.,Oslo,59.9139,10.7522
2792,Doc3221OCR.png,Doc3221OCR,1,Bi,30,"Bibelsk geografi, arkeologi, kulturhistorie","Riehm, Eduard C.",Handwörterbuch des Biblischen Altertums für gebildete Bibelleser. B.1-2,1884,Bielef.,,"Riehm, Eduard C.",Bielef.,Bielefeld,52.0302,8.5325
2793,Doc1091OCR.png,Doc1091OCR,1,GT,,,"Drew, G.S.",Bishop Colenso's Examination of the Pentateuch examined. With an appendix.,1863,London,,"Drew, G.S.",London,London,51.5074,-0.1278
2794,Doc2364OCR.png,Doc2364OCR,1,KH,120,Dogme- og teologihistorie,"Leveleye, Emile de",De katholske folks fremtid. I norsk overs. ved Th. Godal,1900,Kra.,,"Leveleye, Emile de",Kra.,Oslo,59.9139,10.7522
2795,Doc3598OCR.png,Doc3598OCR,1,Va,20,?,"Lange, H.","Beskrivelse over Stavanger Kommunes Eiendomme, almennyttige Indretninger, Legater m.m.",1896,Stvg.,,"Lange, H.",Stvg.,Stavanger,58.97,5.73
2796,Doc0228OCR.png,Doc0228OCR,1,NV,10,Naturvitenskap – allment,Berg,Lærebog i naturkundskab,1893,Bergen,2. udg.,Berg,Bergen,Bergen,60.39299,5.32415
2797,Doc3304OCR.png,Doc3304OCR,1,Li,40,Latinske klassikere,"Sallustus, G(aius) Crispus",De Catilinae conjuratione belloque Jugurthino historiae,1862,London,Ed. 9,"Sallustus, Gaius Crispus",London,London,51.5074,-0.1278
2798,Doc1721OCR.png,Doc1721OCR,1,KH,80,Norges kirkehistorie,"Hauge, Hans Nielsen","Samling af religiøse Breve, samt hans Testament til sine Venner",1849,Stvg.,,"Hauge, Hans Nielsen",Stvg.,Stavanger,58.969975,5.733107
2799,Doc1772OCR.png,Doc1772OCR,1,SV,20,Indogermanske språk [-> Indoeuropeiske språk],"Herrestad, Carl R.",Engelsk grammatik,1905,Kra.,3. udg.,"Herrestad, Carl R.",Kra.,Oslo,59.9139,10.7522
2800,Doc2679OCR.png,Doc2679OCR,1,ST,,,,Modern scepticism,1872,London,5th ed.,,London,London,51.5074,-0.1278
2801,Doc0200OCR.png,Doc0200OCR,1,MV,122,Misjon og kirke i India,"Beach, Harlan P.",India and Christian Opportunity,1904,N.Y.,,"Beach, Harlan P.",N.Y.,New York,40.7128,-74.006
2802,Doc1963OCR.png,Doc1963OCR,1,MV,155,,,Misjonslitt. Zuluspråket. Incwadi Yentsomi,1875,Gwatyn,,,Gwatyn,,,
2803,Doc1069OCR.png,Doc1069OCR,1,SV,30,Semittiske språk,"Dillmann, August",Grammatik der äthiopischen Sprache,1857,Lpz.,,"Dillmann, August",Lpz.,Leipzig,51.3397,12.3731
2804,Doc2470OCR.png,Doc2470OCR,1,Et,10,Etnologi – allment,"Lübke, V.",Kunsthistorien,1872,Kbh.,,"Lübke, V.",Kbh.,Copenhagen,55.6761,12.5683
2805,Doc3632OCR.png,Doc3632OCR,1,NT,,,"Stenersen, Stener Johannes","Epistolae Paulinae, perpetuo commentario ... illustratae. B.1-3,1",1832,Chra.,,"Stenersen, Stener Johannes",Chra.,Oslo,59.9139,10.7522
2806,Doc4159OCR.png,Doc4159OCR,1,MV,15,"Misjon - fortellinger, misjonsmotivering","Zahn, F.M.",Was ist von der Mission der Gegenwart zu halten?,1875,Bremen,,"Zahn, F.M.",Bremen,Bremen,53.0793,8.8017
2807,Doc3058OCR.png,Doc3058OCR,1,ST,30,Dogmatikk,"Philippi, Friedr(ich) Ad(olph)",Kirchliche Glaubenslehre. B.1-6.,1879,Stuttg.,,"Philippi, Friedrich Adolph",Stuttg.,Stuttgart,48.7758,9.1829
2808,Doc2863OCR.png,Doc2863OCR,1,MV,135,Misjon og kirke i Sør-Afrika,Det-Norske-Misjonsselskap,Forslag til organisation av (dets) Zulu-menigheter,,U.s.u.å.,,Det Norske Misjonsselskap,U.s.u.å.,Unknown,,
2809,Doc1873OCR.png,Doc1873OCR,1,GT,,,"Homme, Torleif",Skapingssogune - siflodskildringar,1921,Risør,,"Homme, Torleif",Risør,Risør,58.7213,9.2292
2810,Doc3869OCR.png,Doc3869OCR,1,NT,70,Skrifter om den historiske Jesus,"Trench, Richard Chenevix",Notes on the parables of our Lord,1870,London,11th Ed.,"Trench, Richard Chenevix",London,London,51.5074,-0.1278
2811,Doc0884OCR.png,Doc0884OCR,1,SV,50,"Malayiske språk, gassisk språk","Cousins, W.E.",Analysis of Sentences na fampiahavana ny sentensa samihafa,1871,Antan.,,"Cousins, W.E.",Antan.,Antananarivo,-18.8792,47.5079
2812,Doc1597OCR.png,Doc1597OCR,1,Et,30,Norsk etnologi,"Grude, J(oakim)",Stølsdriften paa Vestlandet ...,1891,Stvg.,,"Grude, Joachim",Stvg.,Stavanger,58.9699756,5.7331073
2813,Doc3528OCR.png,Doc3528OCR,1,NT,,,"Smith, William",The New Testament history. N.ed.,1873,London,,"Smith, William",London,London,51.507351,-0.127758
2814,Doc3112OCR.png,Doc3112OCR,1,KH,30,"Oldkirkens kirkehistorie, patristikk",,Polykarpus.,,,,,,,,
2815,Doc3112OCR.png,Doc3112OCR,2,KH,30,"Oldkirkens kirkehistorie, patristikk",Ignatius og Polykarpus,Breve og Martyrium. Overs. av S. B. Bugge,1885,Chra.,,Ignatius og Polykarpus,Chra.,Oslo,59.9138688,10.7522454
2816,Doc2155OCR.png,Doc2155OCR,1,NV,10,Naturvitenskap – allment,"Kjerulf, Theodor",Stenriget og Fjeldlæren. 3. omarb. Udg.,1878,Kra.,,"Kjerulf, Theodor",Kra.,Oslo,59.9138688,10.7522454
2817,Doc4098OCR.png,Doc4098OCR,1,Va,20,?,"Wicksell, Anna B.",Hustruens retslige stilling. En kritisk undersøgelse.,1891,Kbh.,,"Wicksell, Anna B.",Kbh.,Copenhagen,55.6760968,12.5683371
2818,Doc3190OCR.png,Doc3190OCR,1,RV,90,Kinesiske religioner/filosofi,"Reichelt, Karl Ludvig",Kinas religioner ...,1913,Stvg.,,"Reichelt, Karl Ludvig",Stvg.,Stavanger,58.9699756,5.7331073
2819,Doc1389OCR.png,Doc1389OCR,1,SV,20,Indogermanske språk [-> Indoeuropeiske språk],"Friis, J(ens A(ndreas)",Lappisk Grammatikk ...,1856,Chra.,,"Friis, Jens Andreas",Chra.,Oslo,59.9138688,10.7522454
2820,Doc3021OCR.png,Doc3021OCR,1,PT,92,Annen oppbyggelseslitteratur,H. B. Klæboe,Personligt arbeide for Jesus ved R. A. Torrey m.fl. (Overs.),1907,Kra.,,"Klæboe, H. B.",Kra.,Oslo,59.9138688,10.7522454
2821,Doc0617OCR.png,Doc0617OCR,1,KH,,,"Brochmann, (Jørgen Henrik Hegermann)",I hvilken Retning bør Konfirmationsreformen gaa? Foredrag,1908,Kra.,,"Brochmann, Jorgen Henrik Hegermann",Kra,Oslo,59.9139,10.7522
2822,Doc2584OCR.png,Doc2584OCR,1,GT,,,"Marti, Karl",Geschichte der Israelitischen Religion,1903,Strassb.,4. verb. Aufl.,"Marti, Karl",Strassburg,Strasbourg,48.5734,7.7521
2823,Doc0371OCR.png,Doc0371OCR,1,NT,,,,Bibelen. N.T. Gassisk Ny Testomenta Vaovao.,1894,London,,,London,London,51.5074,-0.1278
2824,Doc1792OCR.png,Doc1792OCR,1,ST,,,"Hessey, James Augustus",Moral difficulties connected with the Bible,1892,London,,"Hessey, James Augustus",London,London,51.5074,-0.1278
2825,Doc3562OCR.png,Doc3562OCR,1,PT,94,Lærebøker i kristendomskunnskap,"Spener, Philipp Jakob",Forklaring over den christelige Lære efter Dr. Martin Luthers lille Katechismus,1864,Bergen,,"Spener, Philipp Jakob",Bergen,Bergen,60.3928,5.3239
2826,Doc3542OCR.png,Doc3542OCR,1,KH,,,"Sommerfelt, Vilhelm",Aonio Paleario og bogen om Kristi velgjerning. To evangeliske martyrer i reformationens århundrede.,1891,Kra.,,"Sommerfelt, Vilhelm",Kra,Oslo,59.9139,10.7522
2827,Doc1230OCR.png,Doc1230OCR,1,PT,92,Annen oppbyggelseslitteratur,"Eskeland, Lars",Fast grunn.,1908,Kra.,,"Eskeland, Lars",Kra,Oslo,59.9139,10.7522
2828,Doc3205OCR.png,Doc3205OCR,1,NV,10,Naturvitenskap – allment,"Reusch, Hans H(enrik)",Elementerne af mineralogi og geologi for middelskolen.,1880,Kra.,2. udg.,"Reusch, Hans Henrik",Kra,Oslo,59.9139,10.7522
2829,Doc1340OCR.png,Doc1340OCR,1,KH,80,Norges kirkehistorie,"Fogtman, Laurids","Samling af alle gieldende Forordninger, Rescripter, Resolutioner og Collegial Breve for begge Rigerne samt de Steder af Danske og Norske Lov saavel som Kirke Rituale",1809,Kbh,2den Udgave,Laurids Fogtman,Kbh,Copenhagen,55.6761,12.5683
2830,Doc2778OCR.png,Doc2778OCR,1,SV,20,Indogermanske språk [-> Indoeuropeiske språk],"Mätzner, Eduard",Englische Grammatik,1873,Berlin,2. Aufl. T.1-3,Eduard Mätzner,Berlin,Berlin,52.52,13.405
2831,Doc2225OCR.png,Doc2225OCR,1,ST,50,Apologetikk,"Koren, Vilhelm","To Modforedrag mod ""Fritænkeriet"" Foranlediget ved Kristofer Jansons Lære",1893,Haugesund,,Vilhelm Koren,Haugesund,Haugesund,59.4139,5.267
2832,Doc1167OCR.png,Doc1167OCR,1,SV,20,Indogermanske språk [-> Indoeuropeiske språk],"Eitrem, H(ans)",Samarbeide mellem landsmaal og riksmaal ?,1908,Kra,,Hans Eitrem,Kra,Oslo,59.9139,10.7522
2833,Doc3876OCR.png,Doc3876OCR,1,Et,30,Norsk etnologi,"(Troels-)Lund, Troels (-Frederik)",Danmarks og Norges Historie i Slutningen af det 16 de Aarhundrede. 12.Bog. Dagligt Liv. Ægteskab og Sædelighed,1895,Kbh,,Troels Frederik Lund,Kbh,Copenhagen,55.6761,12.5683
2834,Doc0536OCR.png,Doc0536OCR,1,MV,70,Nordisk misjon - selskap utenfor Norge,"Bødding, P(aul) O(laf)",Missionens Nødvendighed og Velsignelse ..Belyst ved Træk af Santalfolkets Udvikling,1904,Kra,,Paul Olaf Bødding,Kra,Oslo,59.9139,10.7522
2835,Doc2023OCR.png,Doc2023OCR,1,NV,50,Zoologi,"Jensen, Olaf S(cheveland)",Katalog over Dyrsamlingen i Bergens Museum,1875,Bergen,,Olaf Scheveland Jensen,Bergen,Bergen,60.3913,5.3221
2836,Doc2197OCR.png,Doc2197OCR,1,KH,170,Moderne religiøse samfunn og retninger,"Kohl, Carl",Satan og hans Kultus i vor Tid,1902,Kbh,,Carl Kohl,Kbh,Copenhagen,55.6761,12.5683
2837,Doc0112OCR.png,Doc0112OCR,1,Ge,20,Enkelte lands geografi,"Ashton, R.S.",The Christian traveller's continental handbook.,1891,London,5. ed. enl.,"Ashton, R.S.",London,London,51.5074,-0.1278
2838,Doc0682OCR.png,Doc0682OCR,1,GT,,,"Buhl, Frants",De messianske Forjættelser i det Gamle Testament.,1894,Kbh.,,"Buhl, Frants",Kbh.,Copenhagen,55.6761,12.5683
2839,Doc1246OCR.png,Doc1246OCR,1,Li,30,Greske klassikere,Euripides,Hekábee. Texte grec. Nouv. éd. avec notes... par M. Roger.,1881,Paris,Nouv. éd.,Euripides,Paris,Paris,48.8566,2.3522
2840,Doc1404OCR.png,Doc1404OCR,1,KH,80,Norges kirkehistorie,Frivillig kirkelig landsmøte 5. Organisasjonskomite.,Revidert utkast til forfatningslov for den norske evangelisk-lutherske folkekirke med tillægslove.,1908,Kra.,,Frivillig kirkelig landsmøte 5. Organisasjonskomite.,Kra.,Oslo,59.9139,10.7522
2841,Doc1106OCR.png,Doc1106OCR,1,MV,90,Misjonærbiografier,"Duff, (Alexander)",(Mein) Leben und Wirken.,1878,Basel,(Ubers.),"Duff, Alexander",Basel,Basel,47.5596,7.5886
2842,Doc2865OCR.png,Doc2865OCR,1,MV,50,Norsk misjon - Det Norske Misjonsselskap,Det Norske Missionsselskap,Herren har gjort store ting mot oss.,1914,(Stvg.),2 eksp.,Det Norske Missionsselskap,Stvg.,Stavanger,58.969,5.7331
2843,Doc1899OCR.png,Doc1899OCR,1,NT,56,Kommentar til de katolske brevene,"Horneman, H.",Jakobs brev forklaret i sammenhæng.,,Kra.,,"Horneman, H.",Kra.,Oslo,59.9139,10.7522
2844,Doc3525OCR.png,Doc3525OCR,1,ST,,,"Smith, John Pye","First lines of Christian theology, ... Ed. ... by William Farrer. 2. nd ed. rev.",1860,London,2. nd ed. rev.,"Smith, John Pye",London,London,51.5074,-0.1278
2845,Doc3490OCR.png,Doc3490OCR,1,SV,30,Semittiske språk,Friedrich Baethgen,Sindbau oder Die sieben weisen Meister. Syrisch und deutsch,1878,Lpz.,,Friedrich Baethgen,Lpz.,Leipzig,51.3397,12.3731
2846,Doc0576OCR.png,Doc0576OCR,1,Li,60,Engelsk litteratur,James Boswell,"The life of Samuel Johnson, Ll.D. New ed. Vol. 1-4",1856,London,New ed.,James Boswell,London,London,51.5074,-0.1278
2847,Doc0781OCR.png,Doc0781OCR,1,Li,30,Greske klassikere,Francois de Caussade,"Histoire littéraire ... grecque, 2nd ed. rev.",1882,Paris,2nd ed. rev.,Francois de Caussade,Paris,Paris,48.8566,2.3522
2848,Doc2109OCR.png,Doc2109OCR,1,PT,80,Hymnologi og kirkemusikk,John Keble,The Christian Year. Thoughts in verse for the sundays and holydays throughout the year.,1885,London,,John Keble,London,London,51.5074,-0.1278
2849,Doc2635OCR.png,Doc2635OCR,1,ST,,,August Messer,Geschichte der Philosophie im 19. Jahrhundert. 2. veränd. Aufl.,1917,Lpz.,2. veränd. Aufl.,August Messer,Lpz.,Leipzig,51.3397,12.3731
2850,Doc3432OCR.png,Doc3432OCR,1,PT,90,Prekener og andaktsbøker,Christian Scriver,"Chrysologia-catechetica eller Guldprædikener, hvor i den saliggørende Katechismus-Lære",1864,Bergen,,Christian Scriver,Bergen,Bergen,60.3913,5.3221
2851,Doc0360OCR.png,Doc0360OCR,1,NT,10,Tekstutgaver og oversettelser,,Bibelen. N.T. Lukas. Flamsk. Sinte Lucas evangelium.,,,,,,,,
2852,Doc0796OCR.png,Doc0796OCR,1,MV,20,"Misjon - konferanser, rapporter, oversikter",,The China Inland Mission. Map of China.,,London,,,London,London,51.5074,-0.1278
2853,Doc3460OCR.png,Doc3460OCR,1,Li,40,Latinske klassikere,"Seneca, Lucius Annäus",Werke des: Abhandlungen übersetzt von J. Moser. B.1-4.,,,,"Seneca, Lucius Annaeus",,,,
2854,Doc3460OCR.png,Doc3460OCR,2,Li,40,Latinske klassikere,,Briefe. Übersetzt von August Pauly. B.1-2.,1828,Stuttg.,6 b.,,Stuttg.,Stuttgart,48.7758,9.1829
2855,Doc1923OCR.png,Doc1923OCR,1,KH,50,Reformasjonstidens historie,"Hutten, Ulrich von",Epistolae obscurorum vivorum ad Dom. M. Ortvinum Gratium,1830,Hann.,,"Hutten, Ulrich von",Hann.,Hannover,52.3759,9.732
2856,Doc0655OCR.png,Doc0655OCR,1,ST,,,"Bröchner, H.",Problemet om Tro og Viden. En historisk-kritisk Afhandling.,1868,Kbh.,,"Brøchner, H.",Kbh.,Copenhagen,55.6761,12.5683
2857,Doc0655OCR.png,Doc0655OCR,2,ST,,,,Om det Religiøse i dets Enhed med det humane.,1869,Kbh.,,,Kbh.,Copenhagen,55.6761,12.5683
2858,Doc2392OCR.png,Doc2392OCR,1,Li,40,Latinske klassikere,"Livius, Titus","Historiae ab urbe condita. Libri qui supersunt omnes, ex rec.",1842,London,3 b.,"Livius, Titus",London,London,51.5074,-0.1278
2859,Doc2953OCR.png,Doc2953OCR,1,GT,,,"Orr, James",The problem of the Old Testament,1908,London,,"Orr, James",London,London,51.5074,-0.1278
2860,Doc2413OCR.png,Doc2413OCR,1,ST,10,Filosofi og idéhistorie,"Lucretius Carus, Titus","Of the nature of things, in six books, transl. into English verse; by Tho. Creech.",1714,London,2 vols,"Lucretius Carus, Titus",London,London,51.5074,-0.1278
2861,Doc0331OCR.png,Doc0331OCR,1,Bi;GT,,,,"Das Buch Hiob (1,1-38,10) in Hieronymus's Uebersetzung aus der alexandrinischen Version nach einer St. Gallener Handschrift saec. XIII",1893,Kra.,,,Kra.,Kristiana,59.9139,10.7522
2862,Doc1264OCR.png,Doc1264OCR,1,Ge,20,Enkelte lands geografi,"Fabricius, O.",Veiviser for og nyeste kart over Kristiania,1900,Kra.,,"Fabricius, O.",Kra.,Kristiana,59.9139,10.7522
2863,Doc3040OCR.png,Doc3040OCR,1,MV,90,Misjonærbiografier,"Petersen, N(i)els M(atthias)",Hans Egedes Levnet.,1839,Kbh.,,"Petersen, Niels Matthias",Kbh.,Copenhagen,55.6761,12.5683
2864,Doc3516OCR.png,Doc3516OCR,1,KH,,,"Skaar, J(ohannes) N(ilsson)",Den evangelisk-kristelige Salmebogs Historie i Kristiansands Stifts Bispedømme.,1897,Kra.,,"Skaar, Johannes Nilsson",Kra.,Kristiania (Oslo),59.9139,10.7522
2865,Doc1057OCR.png,Doc1057OCR,1,KH,50,Reformasjonstidens historie,Didache,Die neuentdeckte urchristliche Schrift 'Lehre der zwölf Apostel an die Völker' Deutsch hg. und in Kürze erklärt von Gustav Volkmar.,1885,Lpz.,,Didache,Lpz.,Leipzig,51.3397,12.3731
2866,Doc3046OCR.png,Doc3046OCR,1,Hi,10,Politisk historie og kulturhistorie,"Petersen, Siegwart",Verdenshistorie. Læse- og Lærebog ... 4. Udg.,1874,Kra.,4. Udg.,"Petersen, Siegwart",Kra.,Kristiania (Oslo),59.9139,10.7522
2867,Doc0877OCR.png,Doc0877OCR,1,KH,95,Sveriges kirkehistorie,"Cornelius, C(arl) A(lfred)",Handbok i svenska kyrkans historia. 2. öfversedda omarb. uppl.,1875,Ups.,2. öfversedda omarb. uppl.,"Cornelius, Carl Alfred",Ups.,Uppsala,59.8586,17.6389
2868,Doc3981OCR.png,Doc3981OCR,1,MV,135,Misjon og kirke i Sør-Afrika,"Vogt, Volrath",Indaba Jambuso ka Nkulunkulu.,1884,Kra.,,"Vogt, Volrath",Kra.,Kristiania (Oslo),59.9139,10.7522
2869,Doc0252OCR.png,Doc0252OCR,1,GT,70,Gammeltestamentlig bibelteologi og religionshistorie,"Bettex, Fr.",Det første Blad i Bibelen. Autor. Overs. ved M. Wolff.,1903,Kbh.,,"Bettex, Fr.",Kbh.,Copenhagen,55.6761,12.5683
2870,Doc1641OCR.png,Doc1641OCR,1,ST,,,"Hallesby, O(le)",Kirken og teologien. Foredrag ...,1919,Kra.,,"Hallesby, Ole",Kra.,Kristiania (Oslo),59.9139,10.7522
2871,Doc2663OCR.png,Doc2663OCR,1,MV,30,Misjonshistorie,"Mirbt, Carl",Die Evangelische Mission. Eine Einführung in ihrer Geschichte und Eigenart. 2. Aufl.,1917,Lpz.,,Carl Mirbt,Lpz.,Leipzig,51.3402,12.3731
2872,Doc2033OCR.png,Doc2033OCR,1,GT,64,Kommentar til profetbøkene,,"(Liber) Jezirah qui Abrahamao patriarchae adscribitur, una cum Commentario Rabi Abraham super 32 Semitis Sapientiae ... Transl. et notis ill. a Joanne Stephano Rittangelio",1642,Amst.,,,Amst.,Amsterdam,52.3676,4.9041
2873,Doc2033OCR.png,Doc2033OCR,2,GT,64,Kommentar til profetbøkene,"Pocock, Eduard",Commentarius in prophetiam Joelis.,1695,Lips.,,Eduard Pocock,Lips.,Leipzig,51.3402,12.3731
2874,Doc0624OCR.png,Doc0624OCR,1,ST,,,"Bruce, Alexander Balmain",Apologetics; or Christianity defensively stated. 3rd ed.,1895,Edinb.,3rd ed.,Alexander Balmain Bruce,Edinb.,Edinburgh,55.9533,-3.1883
2875,Doc2001OCR.png,Doc2001OCR,1,PT,92,Annen oppbyggelseslitteratur,"Jansen, J(ens) J(onas)",Plads for Jesus.,1908,Kra.,3. Opl.,Jens Jonas Jansen,Kra.,Kristiania,59.9139,10.7522
2876,Doc2867OCR.png,Doc2867OCR,1,MV,50,Norsk misjon - Det Norske Misjonsselskap,(Det Norske Misjonsselskap),Mesteren kalder. Program ved N.M.S.'s generalforsamling i Stavanger 25.-29. juni 1924.,1924,Stvg.,,Det Norske Misjonsselskap,Stvg.,Stavanger,58.9699756,5.7331073
2877,Doc1392OCR.png,Doc1392OCR,1,PT,,,"Friswell, J. Hain",Menneskets sande Værd. Overs.,1888,Horten,,J. Hain Friswell,Horten,Horten,59.4175,10.4825
2878,Doc4007OCR.png,Doc4007OCR,1,PT,92,Annen oppbyggelseslitteratur,"Værner, J(ohan)",Et opraab 'Glem ikke din daab!'. En præken.,1915,Aalesund,,Johan Værner,Aalesund,Ålesund,62.4722,6.1557
2879,Doc3517OCR.png,Doc3517OCR,1,PT,50,Liturgikk,"Skaar, J(ohannes) N(ilsson)",Forslag til Begravelses-Liturgi.,1874,Chra.,,Johannes Nilsson Skaar,Chra.,Kristiania,59.9139,10.7522
2880,Doc1810OCR.png,Doc1810OCR,1,GT,70,Gammeltestamentlig bibelteologi og religionshistorie,"Hiller, Philipp Friedrich",Neues System aller Vorbilder Jesu Christi durch das ganze Alte Testament,1858,Ludwigsburg,N.verb. Aufl.,"Hiller, Philipp Friedrich",Ludwigsburg,Ludwigsburg,48.89347,9.19161
2881,Doc2167OCR.png,Doc2167OCR,1,MV,138,Misjon og kirke på Madagaskar,"Klavenæs, Th(or)v(ald)",Fampianarana ny soratra masina,1901,Tanan,,"Klavenæs, Th(or)v(ald)",Tanan,Antananarivo,-18.8792,47.5079
2882,Doc1297OCR.png,Doc1297OCR,1,PT,92,Annen oppbyggelseslitteratur,"Fénélon, (Francois de Salignac de la Motte)",Christendom. Uddrag af hans aandelige Skrifter med en Fortale af Ernst Naville,1874,Kbh.,,"Fénélon, François de Salignac de la Motte",København,Copenhagen,55.6761,12.5683
2883,Doc3686OCR.png,Doc3686OCR,1,MV,138,Misjon og kirke på Madagaskar,"Stueland, L.",Ny amy ny hitondran' ny ray aman-dreny ny zanany,1892,Antanan,,"Stueland, L.",Antanan,Antananarivo,-18.8792,47.5079
2884,Doc2035OCR.png,Doc2035OCR,1,PT,92,Annen oppbyggelseslitteratur,"Johansen, P.P.",Friheden fra Loven,1906,Kbh.,,"Johansen, P.P.",København,Copenhagen,55.6761,12.5683
2885,Doc2358OCR.png,Doc2358OCR,1,SV,20,Indogermanske språk [-> Indoeuropeiske språk],,"Lessons in Spanish: Rev. by the editor of the ""Popular educator""",,London,u. å.,,London,London,51.5074,-0.1278
2886,Doc2369OCR.png,Doc2369OCR,1,NV,70,Medisin og helse,"Lewes, George Henry",Hverdagslivets Fysiologi,1861,Kbh.,,"Lewes, George Henry",København,Copenhagen,55.6761,12.5683
2887,Doc1248OCR.png,Doc1248OCR,1,Li,30,Greske klassikere,Euripides,(Værker) overs. af Christian Wilster,1857,Kbh.,2. Opl.,Euripides,København,Copenhagen,55.6761,12.5683
2888,Doc3959OCR.png,Doc3959OCR,1,ST,50,Apologetikk,"Vilmar, A. F. C.",Die Theologie der Thatsachen wider die Theologie der Rhetorik. 3. Aufl.,1864,Marb.,3. Aufl.,"Vilmar, August Friedrich Christian",Marb.,Marburg,50.8021728,8.7667933
2889,Doc3959OCR.png,Doc3959OCR,2,PT,50,Liturgikk,"Hennenhofer, Adolf",Prophet Elia,1866,Hermannsb.,,"Hennenhofer, Adolf",Hermannsb.,Hermannsbürg,,
2890,Doc3287OCR.png,Doc3287OCR,1,MV,70,Nordisk misjon - selskap utenfor Norge,"Rørdam, Thomas",Missionær Løventhals Missionssyn og hans Forhold til Santhalmissionen,1891,Odense,,"Rørdam, Thomas",Odense,Odense,55.40375599999999,10.40237
2891,Doc4135OCR.png,Doc4135OCR,1,PT,92,Annen oppbyggelseslitteratur,"Wood-Allen, Mary",Næsten en Mand og Ansvar i Ynglingealderen,1895,Kra.,,"Wood-Allen, Mary",Kra.,Kristiania,59.9138688,10.7522454
2892,Doc0503OCR.png,Doc0503OCR,1,ST,,,"Bismarck, (Otto von)",Kernworte 1847-1885. Festgabe zur Jubelfeier des Reichskanzlers,1885,Lpz.,,"Bismarck, Otto von",Lpz.,Leipzig,51.3396955,12.3730747
2893,Doc2042OCR.png,Doc2042OCR,1,ST,,,"Johnson, G(isle Christian)",Christelig Ethik i Forelæsninger,1851,Chra.,Håndskrevet,"Johnson, Gisle Christian",Chra.,Christiania,59.9138688,10.7522454
2894,Doc2648OCR.png,Doc2648OCR,1,MV,15,"Misjon - fortellinger, misjonsmotivering","Michelsen, Edv(ard) Johan",To Missionsprædikener,1894,Bergen,,"Michelsen, Edvard Johan",Bergen,Bergen,60.391263,5.322054
2895,Doc2332OCR.png,Doc2332OCR,1,Li,,,"Lebaigne, Ch.",Morceaux choisis d'auteurs latins,1883,Paris,,"Lebaigne, Ch.",Paris,Paris,48.856614,2.3522219
2896,Doc1838OCR.png,Doc1838OCR,1,Bi,20,"Bibelkunnskap, hermeneutikk","Hofmann, J(ohann) Ch(ristian) K(onrad) von","Encyclopädie der Theologie, nach Vorlesungen und Manuscripten hg. von H. J. Bestmann",1879,Nördlingen,,"Hofmann, Johann Christian Konrad von",Nördlingen,Nördlingen,48.8510589,10.4886374
2897,Doc0826OCR.png,Doc0826OCR,1,ST,,,"Cicero, M(arcus) Tullius",De finibus bonorum et malorum libri 5.,1869,Haunia,Ed.2.emend.,"Cicero, Marcus Tullius",Haunia,Copenhagen,55.6761,12.5683
2898,Doc0947OCR.png,Doc0947OCR,1,NV,60,Botanikk,"Dahle, L(ars)",Flora madagascariensis. Manuskript.,,,,"Dahle, Lars",,,,
2899,Doc0947OCR.png,Doc0947OCR,2,NV,60,Botanikk,"Cowan, Wm. Deans.",Madagascar. List of Ferns and other Cryptogamae. Shewing their relation to Mauritius and Bourbon.,1881,Mauritius,,"Cowan, William Deans",Mauritius,Mauritius,-20.348404,57.552152
2900,Doc0947OCR.png,Doc0947OCR,3,NV,60,Botanikk,"Wright, C.H.","Mosses of Madagascar. (From the ""Journal of Botany"" for Sept. 1888.)",1888,,,"Wright, Charles H.",,,,
2901,Doc2489OCR.png,Doc2489OCR,1,MV,70,Nordisk misjon - selskap utenfor Norge,"Løgstrup, T(heodor)",Det danske Missionsselskabs Historie. Ny Udg.,1907,Kbh.,,"Løgstrup, Theodor",Kbh.,Copenhagen,55.6761,12.5683
2902,Doc0936OCR.png,Doc0936OCR,1,MV,90,Misjonærbiografier,"Dahle, Lars",Birgitta-Ebbeli. (Itta.) Tal vid äldsta dotterns bår. 29.Jan.1897.,1897,Uppsala,,"Dahle, Lars",Uppsala,Uppsala,59.8586,17.6389
2903,Doc2688OCR.png,Doc2688OCR,1,NV,30,Fysikk,"Mohn, H(enrik)",Om Vind og Veir. Meteorologiens Hovedresultater.,1872,Chra.,,"Mohn, Henrik",Chra.,Oslo,59.9139,10.7522
2904,Doc2022OCR.png,Doc2022OCR,1,PT,92,Annen oppbyggelseslitteratur,"Jensen, Gustav",Visshed. Prædiken paa Universitetet ...,1907,Kra.,,"Jensen, Gustav",Kra.,Oslo,59.9139,10.7522
2905,Doc3068OCR.png,Doc3068OCR,1,Li,30,Greske klassikere,"Pierson, Alexis",Histoire de la littérature grecque 12 e éd.,1884,Paris,12 e éd.,"Pierson, Alexis",Paris,Paris,48.8566,2.3522
2906,Doc3091OCR.png,Doc3091OCR,1,SV,20,Indogermanske språk [-> Indoeuropeiske språk],"Platou, J.M.",Norsk grammatik og eksempelsamling ... til brug i folkeskolen.,1890,Kra.,,"Platou, J.M.",Kra.,Oslo,59.9139,10.7522
2907,Doc0628OCR.png,Doc0628OCR,1,KH,,,"Brun, Christen",Methodismens oprindelse og væsen.,1895,Kra.,,"Brun, Christen",Kra.,Oslo,59.9139,10.7522
2908,Doc2985OCR.png,Doc2985OCR,1,MV,80,Misjon i andre land (Europa og Nord-Amerika),"Pascoe, C.F.",Two hundred years of the S.P.G. 1701 - 1900,1901,London,,"Pascoe, C.F.",London,London,51.5074,-0.1278
2909,Doc2161OCR.png,Doc2161OCR,1,PT,,,P. Madsen,Indbydelsesskrift til Kjøbenhavns Universitets Aarsfest til Erindring om Kirken Reformation. Heri Embedets og Menighedens Samvirken i det kirkelige Arbejde.,1894,Kbh.,,"Madsen, P.",Kbh.,Copenhagen,55.6761,12.5683
2910,Doc0293OCR.png,Doc0293OCR,1,GT,10,Tekstutgaver og oversettelser,Ferdinandus Muehlau et Aemilius Kautzsch,Liber Geneseos sine punctis exscriptus,1868,Lips.,,"Muehlau, Ferdinandus and Kautzsch, Emil",Lips.,Leipzig,51.3397,12.3731
2911,Doc1554OCR.png,Doc1554OCR,1,PT,90,Prekener og andaktsbøker,"Gundersen, A. utg.",Fra Norges kirke i 1914. Vidnesbyrd og rundskue. Med bidrag fra norske gejstlige og lægmænd.,1914,Kra.,,"Gundersen, A.",Kra.,Oslo,59.9139,10.7522
2912,Doc3785OCR.png,Doc3785OCR,1,PT,92,Annen oppbyggelseslitteratur,"Tauler, Johan(n)",Betragtninger over Vor Frelser Jesu Christi Liv og Lidelse.,1860,Kbh.,,"Tauler, Johann",Kbh.,Copenhagen,55.6761,12.5683
2913,Doc2746OCR.png,Doc2746OCR,1,MV,10,Misjonsteori – allment,"Munck, Ferdinand",Skolen og ydre Mission. Et Foredrag,1917,Kbh.,,"Munck, Ferdinand",Kbh.,Copenhagen,55.6761,12.5683
2914,Doc3868OCR.png,Doc3868OCR,1,NT,,,"Trench, Richard Chenevix",Notes on the miracles of Our Lord. 9th Ed. rev.,1870,London,,"Trench, Richard Chenevix",London,London,51.5074,-0.1278
2915,Doc1869OCR.png,Doc1869OCR,1,Li,30,Greske klassikere,Homeros,Odysseia. Böckerna 1-8. Med ... anm. och ordbok. Af Henrik Aminson. 3.öfversedda uppl.,1870,Sth.,3.öfversedda uppl.,Homer,Sth.,Stockholm,59.3293,18.0686
2916,Doc4013OCR.png,Doc4013OCR,1,ST,,,"Wagner, Rudolph",Menschenschöpfung und Seelensubstanz. Ein anthropologischer Vortrag,1854,Gött.,,Rudolph Wagner,Gött.,Göttingen,51.5465,9.9346
2917,Doc4013OCR.png,Doc4013OCR,2,ST,,,,Über Wissen und Glauben mit besonderer Beziehung zur Zukunft der Seelen,1854,Gött.,,,Gött.,Göttingen,51.5465,9.9346
2918,Doc3377OCR.png,Doc3377OCR,1,NV,70,Medisin og helse,"Schmidt, Th(eodor)",Compendium der Chirurgie,1864,Lpz.,,Theodor Schmidt,Lpz.,Leipzig,51.3397,12.3731
2919,Doc3377OCR.png,Doc3377OCR,2,NV,70,Medisin og helse,,Compendium der Arzneimittellehre. 2. verm. Aufl.,,Lpz. u.å.,2. verm. Aufl.,,Lpz. u.a.,various places,,
2920,Doc3656OCR.png,Doc3656OCR,1,Te,10,Matematikk,"Storm, Fredrik",Lærebog i praktisk regning,1904,Stvg.,,Fredrik Storm,Stvg.,Stavanger,58.969975,5.733107
2921,Doc2157OCR.png,Doc2157OCR,1,PT,90,Prekener og andaktsbøker,,Kjæmp for Kronen. Betragtninger over Kirkeaaarets Evangelietekster væsentlig efter 2.nye Række af Lægmaend i den lutherske Kirke,1889,Kra.,,,Kra.,Christiania (Oslo),59.9139,10.7522
2922,Doc4121OCR.png,Doc4121OCR,1,NT,,,"Winer, Georg Benedict",Grammatik des neutestamentlichen Sprachidioms ... 6. verb. verm.Aufl.,1855,Lpz.,6. verb. verm. Aufl.,Georg Benedict Winer,Lpz.,Leipzig,51.3397,12.3731
2923,Doc3918OCR.png,Doc3918OCR,1,Et,30,Norsk etnologi,,Fortegnelse over de akademiske Borgere ... 1813-1862,1867,Kra.,,,Kra.,Christiania (Oslo),59.9139,10.7522
2924,Doc1687OCR.png,Doc1687OCR,1,PT,80,Hymnologi og kirkemusikk,"Harboe, L(udvig)","Psalmebog ... tilligemed Collecter, Epistler og Evangelier, Lidelses-Historien ... Af L.Harboe og Høegh Guldberg",1864,Stvg.,,Ludvig Harboe,Stvg.,Stavanger,58.969975,5.733107
2925,Doc1444OCR.png,Doc1444OCR,1,ST,,,"Gaussen, L(ouis)",Theopneustia: the Plenary inspiration of the holy scriptures,1850,Edinburgh,,"Gaussen, Louis",Edinburgh,Edinburgh,55.9533,-3.1883
2926,Doc1207OCR.png,Doc1207OCR,1,KH,30,"Oldkirkens kirkehistorie, patristikk",Ephraem Syrus,Select metrical hymnus and homilies,1853,London,,Ephraem Syrus,London,London,51.5074,-0.1278
2927,Doc3702OCR.png,Doc3702OCR,1,Ge,,,"(Sutherland, P.C.)",Map of Natal,,London,,"Sutherland, P.C.",London,London,51.5074,-0.1278
2928,Doc2419OCR.png,Doc2419OCR,1,GT,,,"Lund, H.M.",Kjønslivet omtalt i Bibelen,1907,Kra.,,"Lund, H.M.",Kra.,Oslo,59.9139,10.7522
2929,Doc1042OCR.png,Doc1042OCR,1,ST,,,"Dennert, E.",Bibel und Naturwissenschaft. Gedanken und Bekenntnisse eines Naturforschers. 6. Aufl.,1906,Stuttgart,6th edition,"Dennert, E.",Stuttgart,Stuttgart,48.7758,9.1829
2930,Doc3901OCR.png,Doc3901OCR,1,NV,70,Medisin og helse,Uhle,Handbuch der allgemeinen Pathologie von Uhle und Wagner. 6. verm. Aufl.,1874,Leipzig,6th expanded edition,Uhle,Leipzig,Leipzig,51.3397,12.3731
2931,Doc2855OCR.png,Doc2855OCR,1,Le,30,Teologiske leksika og encyclopedier,"Nork, F.","Etymologisch-symbolisch-mythologisches Real-Wörterbuch ... für Bibelforscher, Archäologen und bildende Künstler",1843,Stuttgart,,"Nork, F.",Stuttgart,Stuttgart,48.7758,9.1829
2932,Doc2059OCR.png,Doc2059OCR,1,KH,80,Norges kirkehistorie,"Josephines Stiftelse, Stavanger",74de Aarsberetning for 1907,1908,Stavanger,,"Josephines Stiftelse, Stavanger",Stavanger,Stavanger,58.969975,5.733107
2933,Doc2202OCR.png,Doc2202OCR,1,PT,,,"Kolderup-Rosenvinge, J(ohan) L(udvig) A(ndreas)",Grundrids af den danske Kirkeret.,1838,Kbh.,D. 1-2.,"Kolderup-Rosenvinge, Johan Ludvig Andreas",Kbh.,Copenhagen,55.6761,12.5683
2934,Doc0409OCR.png,Doc0409OCR,1,NT,10,Tekstutgaver og oversettelser,,Bibelen. N.T. Kinesisk.,1906,U.s.,,,U.s.,United States,,
2935,Doc3209OCR.png,Doc3209OCR,1,Li,80,Norrøn og nordisk litteratur,"Reuter, Fritz",Onkel Bräsig's reiseeventyr.,,Fagerstrand pr.Høvik,,"Reuter, Fritz",Fagerstrand pr.Høvik,"Fagerstrand, near Høvik",59.7799,10.4638
2936,Doc3113OCR.png,Doc3113OCR,1,MV,138,Misjon og kirke på Madagaskar,"Pontoppidan, E(rik)",Fotopianarana. Fizarana I (toko I.-III.),1877,Antan.,2 ekspl.,"Pontoppidan, Erik",Antan.,Antananarivo,,
2937,Doc3113OCR.png,Doc3113OCR,2,MV,138,Misjon og kirke på Madagaskar,"Pontoppidan, E(rik)",Fotopianarana.,1902,Tanan.,,"Pontoppidan, Erik",Tanan.,Antananarivo,,
2938,Doc0727OCR.png,Doc0727OCR,1,GT,70,Gammeltestamentlig bibelteologi og religionshistorie,"Böttchen, Friedrich",Collectanea Hebraica ad grammatici studii repetitionem moderationemque.,1844,Dresda,,"Böttchen, Friedrich",Dresda,Dresden,51.0504,13.7373
2939,Doc0727OCR.png,Doc0727OCR,2,GT,70,Gammeltestamentlig bibelteologi og religionshistorie,"Böttchen, Friedrich",De inferis... Liber I.vol.1.,1846,Dresda,,"Böttchen, Friedrich",Dresda,Dresden,51.0504,13.7373
2940,Doc2698OCR.png,Doc2698OCR,1,ST,50,Apologetikk,"Monrad, M(arcus) J(acob)",Christendommens Mysterier betragtede fra Fornuftens Standpunkt. En Studie.,1895,Chra.,,"Monrad, Marcus Jacob",Chra.,Oslo,59.9139,10.7522
2941,Doc3582OCR.png,Doc3582OCR,1,PT,92,Annen oppbyggelseslitteratur,"Stalker, James",De fire slags mennesker. Fra det engelske.,1894,Kra.,,"Stalker, James",Kra.,Oslo,59.9139,10.7522
2942,Doc3138OCR.png,Doc3138OCR,1,NV,50,Zoologi,"Prosch, B.",Dyrerigets Naturhistorie.,1851,Kbh.,,"Prosch, B.",Kbh.,Copenhagen,55.6761,12.5683
2943,Doc0099OCR.png,Doc0099OCR,1,ST,,,Aristoteles,Ethica nicomachea,1872,Oxonium (Oxf.),,Aristotle,Oxonium,Oxford,51.7519,-1.2578
2944,Doc0589OCR.png,Doc0589OCR,1,SV,20,Indogermanske språk [-> Indoeuropeiske språk],"Braune, Wilhelm",Abriss der althochdeutschen Grammatik. Nebst ... gotischen Paradigmen.,1891,Halle a. S.,,"Braune, Wilhelm",Halle a. S.,Halle (Saale),51.4829,11.9691
2945,Doc0479OCR.png,Doc0479OCR,1,NT,,,,Bibelen. N.T. Xhosa. Itestamente Entsha.,1864,S.l.,,,S.l.,,,
2946,Doc1443OCR.png,Doc1443OCR,1,PT,94,Lærebøker i kristendomskunnskap,"Gaume, J.",Abrégé du catéchisme de persévérance,1866,Paris,23 e éd.,"Gaume, J.",Paris,Paris,48.8566,2.3522
2947,Doc2824OCR.png,Doc2824OCR,1,ST,10,Filosofi og idéhistorie,"Nielsen, R(asmus)",Almindelig Videnskabslære i Grundtræk,1880,Kbh.,,"Nielsen, Rasmus",Kbh.,Copenhagen,55.6761,12.5683
2948,Doc2824OCR.png,Doc2824OCR,2,ST,10,Filosofi og idéhistorie,"Lotze, Hermann",Grundtræk af Religionsfilosofien. På Dansk ved Edv. Lehmann.,1886,Kbh.,,"Lotze, Hermann",Kbh.,Copenhagen,55.6761,12.5683
2949,Doc1995OCR.png,Doc1995OCR,1,MV,122,Misjon og kirke i India,,Jamunabai's Wanderungen oder Blicke in indisches Witwenleben,1880,Basel,,,Basel,Basel,47.5596,7.5886
2950,Doc3796OCR.png,Doc3796OCR,1,KH,50,Reformasjonstidens historie,"Ter Haar, B.",Skildringer af Reformationens Historie,1865,Kbh.,Efter 5. forøg. Udg.,"Ter Haar, B.",Kbh.,Copenhagen,55.6761,12.5683
2951,Doc1550OCR.png,Doc1550OCR,1,Li,80,Norrøn og nordisk litteratur,"Guldberg, F(redrik) O(skar)",Kringom peisen. Jagtminder,1891,Kra.,,"Guldberg, Fredrik Oskar",Kra.,Oslo,59.9139,10.7522
2952,Doc1279OCR.png,Doc1279OCR,1,SV,20,Indogermanske språk [-> Indoeuropeiske språk],"Farrar, Frederic W(illiam)",A brief Greek syntax,1870,London,3rd ed. rev.,"Farrar, Frederic William",London,London,51.5074,-0.1278
2953,Doc2650OCR.png,Doc2650OCR,1,Le,20,Ordbøker – moderne språk og latin,"Mieg, J.",Neues vollständiges Holländisch-Deutsches und Deutsch-Holländisches Taschen-Wörterbuch,1887,Bielefeld u. Lpz.,4. Aufl.,"Mieg, J.",Bielefeld und Leipzig,Bielefeld and Leipzig,,
2954,Doc3817OCR.png,Doc3817OCR,1,PT,92,Annen oppbyggelseslitteratur,,Things that shall come to pass,1886,London,,,London,London,51.5074,-0.1278
2955,Doc2040OCR.png,Doc2040OCR,1,ST,35,Systematisk teologi – monografier,"Johansson, Frans August",Om inspirationen,1889,Lund,,"Johansson, Frans August",Lund,Lund,55.7047,13.191
2956,Doc0830OCR.png,Doc0830OCR,1,Li,40,Latinske klassikere,"Cicero, (Marcus Tullius)",Lettres a Atticus,1773,Liege,Nouvelle éd. rev. T.1-4,"Cicero, Marcus Tullius",Liège,Liège,50.6326,5.5797
2957,Doc2513OCR.png,Doc2513OCR,1,MV,70,Nordisk misjon - selskap utenfor Norge,"Løventhal, Edv.",Til den danske Menighed af Folkekirken. Mit Missionssyn.,1871,Kbh.,2. Opl.,"Løventhal, Edvard",København,Copenhagen,55.6761,12.5683
2958,Doc2638OCR.png,Doc2638OCR,1,Hi,10,Politisk historie og kulturhistorie,,Mexikos Erobring. Efter Prescott og andre historiske kilder.,1881,Kra.,,,Kraków,Kraków,50.0647,19.945
2959,Doc2512OCR.png,Doc2512OCR,1,MV,122,Misjon og kirke i India,"Løventhal, Eduard",Efter 16 Aar i Indien. Et Ord til den danske Menighed.,1890,Kbh.,,"Løventhal, Eduard",København,Copenhagen,55.6761,12.5683
2960,Doc0933OCR.png,Doc0933OCR,1,KH,,,"Dahl, T.H.",Den Forende Kirke. Fred og Strid eller Lidt Foreningshistorie.,1894,"Stoughton, Wisconsin",,"Dahl, T.H.","Stoughton, Wisconsin","Stoughton, Wisconsin",42.9161,-89.2173
2961,Doc4083OCR.png,Doc4083OCR,1,PT,80,Hymnologi og kirkemusikk,"Wexels, W(ilhelm) A(ndreas)",Religiøse Digte.,1858,Chra.,"3., forøg. Udg.","Wexels, Wilhelm Andreas",Chra.,"Oslo, Norway",59.9139,10.7522
2962,Doc2446OCR.png,Doc2446OCR,1,PT,94,Lærebøker i kristendomskunnskap,"Luther, (Martin)",(Den) lille katekisme udlagt af Luthers værker. 4. og 5. part. (Av) A.Nebe. Autor. overs. ved Georg Harbitz.,1904,Kra.,,"Luther, Martin",Kra.,"Oslo, Norway",59.9139,10.7522
2963,Doc3927OCR.png,Doc3927OCR,1,ST,50,Apologetikk,"Ussing, H(enry)",Hvad er Christendom ?. Foredrag.,1892,Kra.,,"Ussing, Henry",Kra.,"Oslo, Norway",59.9139,10.7522
2964,Doc2357OCR.png,Doc2357OCR,1,Li,70,Tysk litteratur,"Lessing, (Gotthold Ephraim)","Sämtliche lyrische, epische und dramatische Werke und seine vorzüglichen Prosaschriften.",,Lpz. u.å.,,"Lessing, Gotthold Ephraim",Lpz.,"Leipzig, Germany",51.3397,12.3731
2965,Doc4104OCR.png,Doc4104OCR,1,MV,122,Misjon og kirke i India,"Wilder, Robert P.",Bland Indiens studenter. Ofvers.,1899,Upps.,,"Wilder, Robert P.",Upps.,"Uppsala, Sweden",59.8586,17.6389
2966,Doc4169OCR.png,Doc4169OCR,1,KH,,,"Øverland, O(le) A(ndreas)",Grue Kirkes Brand Pintsedag 26. Mai 1822. Historisk Skisse.,1896,Kra.,,"Øverland, Ole Andreas",Kra.,"Oslo, Norway",59.9139,10.7522
2967,Doc0608OCR.png,Doc0608OCR,1,SV,20,Indogermanske språk [-> Indoeuropeiske språk],"Brinchmann, Christopher",Gloser til Homers Iliade. 1 ste bog.,1886,Kra.,,"Brinchmann, Christopher",Kra.,"Oslo, Norway",59.9139,10.7522
2968,Doc2434OCR.png,Doc2434OCR,1,PT,92,Annen oppbyggelseslitteratur,"Luther, Martin","Alvorlig Formaning til den hellige Nadvere, samt et Udtog af en Tale om Sakramentets værdige Annamelse; tilligemed en Fortale af Johann Jacob Rambach.",1864,Stvg.,,Martin Luther,Stvg.,Stavanger,,
2969,Doc0054OCR.png,Doc0054OCR,1,Et,30,Norsk etnologi,"Almquist, Olaf",Johannes Brun. En skildring af hans liv og hans samtidige med kunstnerens dagbog i uddrag.,1898,Kra.,,Olaf Almquist,Kra.,Oslo,59.9139,10.7522
2970,Doc3910OCR.png,Doc3910OCR,1,SV,20,Indogermanske språk [-> Indoeuropeiske språk],"Ukert, Fr. Aug.",Italienische Chrestomathie mit einem Wörterbuche.,1823,Gotha,,Fr. August Ukert,Gotha,Gotha,50.9481,10.7017
2971,Doc1651OCR.png,Doc1651OCR,1,PT,92,Annen oppbyggelseslitteratur,"Halvorsen, H.",Duen i den gamle pagt. Minneap. Minn. 1914. En utleggelse av Jonas.,1914,Minneap. Minn.,,H. Halvorsen,"Minneapolis, Minnesota","Minneapolis, Minnesota",44.9778,-93.265
2972,Doc1209OCR.png,Doc1209OCR,1,MV,138,Misjon og kirke på Madagaskar,,Epitra sy evanjily ... Antan. 1870. 2 ekspl. Ny Misionary katolika.,1870,Antan.,,,Antan.,Antananarivo,-18.8792,47.5079
2973,Doc1524OCR.png,Doc1524OCR,1,RV,130,Kristendommen og andre religioner,"Grant, G. M.",Religions of the World in Relation to Christianity. Lond. 1894. (Guild text-books.),1894,Lond.,,G. M. Grant,London,London,51.5074,-0.1278
2974,Doc2922OCR.png,Doc2922OCR,1,MV,90,Misjonærbiografier,"Olsen, A(nders)",M.biskop Hans Paludan Smith Schreuder. Kbh. 1917. (Missions-Biblioteket.),1917,Kbh.,,Anders Olsen,Copenhagen,Copenhagen,55.6761,12.5683
2975,Doc2394OCR.png,Doc2394OCR,1,Va,20,?,"Lochmann, (Ernst Ferdinand)",Alkohol. Kra. 1884. 1. Tillægsh. til 'Folkevennen'.,1884,Kra.,,Ernst Ferdinand Lochmann,Kra.,Oslo,59.9139,10.7522
2976,Doc3736OCR.png,Doc3736OCR,1,NV,60,Botanikk,"Sørensen, H(enrik) L(auritz)",Planterigets Naturhistorie for Middelskolen,1877,Chra.,3. omarb. Opl.,,Chra.,Oslo,59.9139,10.7522
2977,Doc3736OCR.png,Doc3736OCR,2,NV,60,Botanikk,,,1886,Chra.,5. udg.,,Chra.,Oslo,59.9139,10.7522
2978,Doc0929OCR.png,Doc0929OCR,1,PT,92,Annen oppbyggelseslitteratur,"Dahl, Niels A(lstrup)",Mit Liv,1879,Kra.,,,Kra.,Oslo,59.9139,10.7522
2979,Doc2460OCR.png,Doc2460OCR,1,PT,92,Annen oppbyggelseslitteratur,,,1910,,,,,,,
2980,Doc3253OCR.png,Doc3253OCR,1,NV,40,Kjemi,"Roscoe, H(enry) E(enfield)",Kemi,1875,Sth.,,,Sth.,Stockholm,59.3293,18.0686
2981,Doc3440OCR.png,Doc3440OCR,1,Hi,10,Politisk historie og kulturhistorie,"Seeley, J(ohn) R(obert)",The expansion of England,1884,Lpz.,Rev. cop. ed.,,Lpz.,Leipzig,51.3397,12.3731
2982,Doc1361OCR.png,Doc1361OCR,1,SV,20,Indogermanske språk [-> Indoeuropeiske språk],"Fossum, L.O.",A practical Kurdish grammar and vocabulary,1919,"Minneap., Minn.",,,"Minneap., Minn.","Minneapolis, Minnesota",44.9778,-93.265
2983,Doc0029OCR.png,Doc0029OCR,1,KH,,,"Abaelard, Petrus",Sic et non. Primum integrum,1851,Marb. Cattorum,,,Marb. Cattorum,Marburg,50.8022,8.7668
2984,Doc0553OCR.png,Doc0553OCR,1,Te,10,Matematikk,"Bonnevie, J(akob) A(all)",Kortfattet Lærebog i Aritmetik og Algebra med Exempelsamling,1873,Kra.,2. Opl.,,Kra.,Oslo,59.9139,10.7522
2985,Doc0553OCR.png,Doc0553OCR,2,Te,10,Matematikk,,Facitbog,1871,Chra.,,,Chra.,Oslo,59.9139,10.7522
2986,Doc4145OCR.png,Doc4145OCR,1,GT,64,Kommentar til profetbøkene,"Wünsche, August",Der Prophet Hosea übers. und erklärt mit Benutzung der Targumim,1868,Lpz.,,"Wünsche, August",Lpz.,Leipzig,51.3397,12.3731
2987,Doc2898OCR.png,Doc2898OCR,1,SV,30,Semittiske språk,"Oberleitner, Andreas",Chrestimathia Arabica una cum glossario Arabico-Latino,1823,Vienna,P.1-2. 2 p. i. 1 vol.,"Oberleitner, Andreas",Vienna,Vienna,48.2082,16.3738
2988,Doc1112OCR.png,Doc1112OCR,1,Hi,10,Politisk historie og kulturhistorie,"Duruy, Victor",Histoire romaine,1884,Paris,Nouv. éd. refondue,"Duruy, Victor",Paris,Paris,48.8566,2.3522
2989,Doc2186OCR.png,Doc2186OCR,1,NV,70,Medisin og helse,"Kneipp, Sebastian","Min Vand-Kur, Overs. efter Orig.48.Opl. af E.M.",1890,Chra.,10.tus.,"Kneipp, Sebastian",Chra.,Oslo,59.9139,10.7522
2990,Doc0862OCR.png,Doc0862OCR,1,KH,,,"Coleman, Lyman",The Antiquities of the Christian Church,1841,London,Skr.,"Coleman, Lyman",London,London,51.5074,-0.1278
2991,Doc0410OCR.png,Doc0410OCR,1,NT,10,Tekstutgaver og oversettelser,,Bibelen. N.T. Kinesisk,,,,,,,,
2992,Doc3770OCR.png,Doc3770OCR,1,PT,,,"Tananger, T.",Vor barnelærdom efter Luthers lille katekisme,1904,Kra.,H.l.,"Tananger, T.",Kra.,Oslo,59.9139,10.7522
2993,Doc1874OCR.png,Doc1874OCR,1,GT,50,Den nære orients arkeologi,"Hommel, Fritz",Die altisraelitische Überlieferung in inschriftlicher Beleuchtung,1897,Münch.,,"Hommel, Fritz",Münch.,Munich,48.1351,11.582
2994,Doc3155OCR.png,Doc3155OCR,1,KH,,,"Qvisling, J(on) l(auritz)",Konfirmationen. En kort oversigt over dens historiske udvikling,1906,Porsgrund,,"Qvisling, Jon Lauritz",Porsgrund,Porsgrunn,59.1333,9.6563
2995,Doc3787OCR.png,Doc3787OCR,1,ST,,,"Taylor, Isaac",Natural history of enthusiasm,1845,London,"10th ed., rev.","Taylor, Isaac",London,London,51.5074,-0.1278
2996,Doc2068OCR.png,Doc2068OCR,1,Li,40,Latinske klassikere,"Juvenalis, D(ecimus) Junius",Saturae,1873,Lpz.,,"Juvenalis, Decimus Junius",Lpz.,Leipzig,51.3397,12.3731
2997,Doc0839OCR.png,Doc0839OCR,1,Li,40,Latinske klassikere,"Cicero, M(arcus) Tullius",The Tusculan disputations,1841,London,,"Cicero, Marcus Tullius",London,London,51.5074,-0.1278
2998,Doc1413OCR.png,Doc1413OCR,1,KH,,,,The fundamentals. A testimony to the truth,1915,"Chicago, Ill.","Vol.1-12,+ vol 2.5",,"Chicago, Ill.",Chicago,41.8781,-87.6298
2999,Doc1386OCR.png,Doc1386OCR,1,NT,30,"Innledning, nytestamentlig tidshistorie","Fridrichsen, Anton",Den nytestamentlige skriftsamling historie,1918,Kra.,,"Fridrichsen, Anton",Kra.,Oslo,59.9139,10.7522
3000,Doc3786OCR.png,Doc3786OCR,1,MV,90,Misjonærbiografier,"Taylor, Garaldin",Pastor Hsi,1904,Kbh.,l.h.,"Taylor, Garaldin",Kbh.,Copenhagen,55.6761,12.5683
3001,Doc2297OCR.png,Doc2297OCR,1,ST,,,"Landmark, L(ars) R(asch)",Nogle Ord om Bibelkritiken,1903,Kra.,,"Landmark, Lars Rasch",Kra.,Oslo,59.9139,10.7522
3002,Doc1185OCR.png,Doc1185OCR,1,ST,,,"Elliott, Charles","Delineation of Roman catholicism, 4th ed.",1844,London,4th ed.,Charles Elliott,London,London,51.5074,-0.1278
3003,Doc1185OCR.png,Doc1185OCR,2,ST,,,"Ryle, William Harris",Supplement to the Delineation of Roman catholicism,1877,London,,William Harris Ryle,London,London,51.5074,-0.1278
3004,Doc1010OCR.png,Doc1010OCR,1,MV,122,Misjon og kirke i India,"Datta, Surendra Kumar",Indien kalder,1911,Kbh.,,Surendra Kumar Datta,Kbh.,Copenhagen,55.6761,12.5683
3005,Doc1699OCR.png,Doc1699OCR,1,,3,,"Harnack, Adolf",Das Wesen des Christentums. 16 Vorlesungen,1900,Lpz.,2. Aufl.,Adolf Harnack,Lpz.,Leipzig,51.3397,12.3731
3006,Doc2588OCR.png,Doc2588OCR,1,NV,50,Zoologi,"Martin, Philipp Leopold","Illustrierte Naturgeschichte der Thiere B. I.:1-2.,II:1-2.",1882,Lpz.,,Philipp Leopold Martin,Lpz.,Leipzig,51.3397,12.3731
3007,Doc2588OCR.png,Doc2588OCR,2,NV,50,Zoologi,"Martin, Philipp Leopold","Illustrierte Naturgeschichte der Thiere B. I.:1-2.,II:1-2.",1884,Lpz.,4 b.,Philipp Leopold Martin,Lpz.,Leipzig,51.3397,12.3731
3008,Doc3177OCR.png,Doc3177OCR,1,NV,50,Zoologi,"Rasch, H(alvor)",Iagttageåser og Undersøgelser især angaaende Østersavlen,1880,Kra.,"2. Tillægsh. til ""Folkevennen"".",Halvor Rasch,Kra.,Kristiania (Oslo),59.9139,10.7522
3009,Doc3541OCR.png,Doc3541OCR,1,KH,,,"Sohm, Rudolf",Kirkehistorie i Grundrids,1891,Kra.,5. forøg. Opl.,Rudolf Sohm,Kra.,Kristiania (Oslo),59.9139,10.7522
3010,Doc0787OCR.png,Doc0787OCR,1,ST,35,Systematisk teologi – monografier,"Chalmers, Thomas","On the power, wisdom and goodness of God as manifested in the adaption of external nature to the constitution of man",1853,London,,Thomas Chalmers,London,London,51.5074,-0.1278
3011,Doc2328OCR.png,Doc2328OCR,1,Li,75,Amerikansk litteratur,"Lawrence, Eugene",A primer of American literature,1880,N.Y.,,Eugene Lawrence,N.Y.,New York,40.7128,-74.006
3012,Doc3678OCR.png,Doc3678OCR,1,PT,,,A. Stricker,Hyrdesind og Hyrdeøje,1906,Kbh.,,A. Stricker,Kbh.,Copenhagen,55.6761,12.5683
3013,Doc0224OCR.png,Doc0224OCR,1,Bi,30,"Bibelsk geografi, arkeologi, kulturhistorie",Jo. Albert Bengel,Ordo temporum ex scriptura V. & N.T.,1741,Stutg.,,Johann Albert Bengel,Stutg.,Stuttgart,48.7758,9.1829
3014,Doc0869OCR.png,Doc0869OCR,1,PT,92,Annen oppbyggelseslitteratur,Joseph Alfred Conwell,Manddoms Morgen. En bog for unge mænd ...,1914,Kra.,,Joseph Alfred Conwell,Kra.,Kristiania,59.9139,10.7522
3015,Doc0934OCR.png,Doc0934OCR,1,MS,,,Lars Dahle,Anarana geografikaly ...,,,,Lars Dahle,,,,
3016,Doc4088OCR.png,Doc4088OCR,1,ST,35,Systematisk teologi – monografier,Richard Whately,Essays (1. ser.) on some of the peculiarities of the Christian religion.,1856,London,7th ed. rev,Richard Whately,London,London,51.5074,-0.1278
3017,Doc1642OCR.png,Doc1642OCR,1,ST,,,O. Hallesby,Den kristelige lære om synden ... Populære foredrag.,1911,Kra.,,Ole Hallesby,Kra.,Kristiania,59.9139,10.7522
3018,Doc3680OCR.png,Doc3680OCR,1,MV,130,Misjon og kirke i Afrika,C. Strømberg,Minnen och bilder från Guldkusten,1890,Lund,,C. Strømberg,Lund,Lund,55.7047,13.191
3019,Doc3310OCR.png,Doc3310OCR,1,PT,80,Hymnologi og kirkemusikk,en Præst,Salmers til de 2 nye Rækker Evangelietexter ...,1895,Chra.,,en Præst,Chra.,Christiania,59.9139,10.7522
3020,Doc2179OCR.png,Doc2179OCR,1,PT,,,"Klæboe, H.B.","Hvad der kan gjøres for at vækkelsen paa bedste maade kan komme kristenlivet og menighedslivet tilgode. Tanker, fremholdt paa det kirkelige stiftsmøde i Kr.ania april 1906.",1906,,,"Klæboe, H.B.",,,,
3021,Doc3303OCR.png,Doc3303OCR,1,ST,,,"Saint-Projet, Duilhé de",Apologie scientifique de la foi chrétienne. 4 cme éd.,1897,Paris,4 cme éd.,"Saint-Projet, Duilhé de",Paris,Paris,48.8566,2.3522
3022,Doc0248OCR.png,Doc0248OCR,1,NT,,,"Besser, W.F.","Johannes's Evangelium, forklaret i Bibellæsninger.",1862,Chra.,,"Besser, W.F.",Chra.,Oslo,59.9139,10.7522
3023,Doc1985OCR.png,Doc1985OCR,1,PT,92,Annen oppbyggelseslitteratur,"Iversen, Ole C(hristiansen)",Livsklarhet. Nogen taler særlig til unge.,1914,Kra.,,"Iversen, Ole C(hristiansen)",Kra.,Oslo,59.9139,10.7522
3024,Doc1253OCR.png,Doc1253OCR,1,KH,,,"Den evangelisk-lutherske Synodal-Konference i Nord-Amerika, l.","Om Retfærdiggjørelsen. Overs. fra ""Forhandlingen i det l.Møde af ... 1872. 2. Opl.",1873,"Decorah, Iowa",2. Opl.,"Den evangelisk-lutherske Synodal-Konference i Nord-Amerika, l.","Decorah, Iowa","Decorah, Iowa",43.3033,-91.7855
3025,Doc0704OCR.png,Doc0704OCR,1,Jød,40,Rabbinismen,"Buxtorf, Johannes (1564-1629)",De abbreviaturis Hebraicis ... Cui accesserunt Operis Talmudici brevis recensio ... item Bibliotheca rabbinica ... Ed. ultima.,1696,Franquera,Ed. ultima.,"Buxtorf, Johannes (1564-1629)",Franquera,"Franeker, Netherlands",53.1875,5.5347
3026,Doc3781OCR.png,Doc3781OCR,1,ST,,,"Taranger, Absalon","Kristus eller Luther? Utklipp av ""Dagen"" 21.-22./1. 1921. Til Lars Dahle om ekteskap og skilsmisse.",1921,,,"Taranger, Absalon",,,,
3027,Doc3578OCR.png,Doc3578OCR,1,Li,70,Tysk litteratur,"Spörlin, Margaretha",Livsbilleder fra Elsass. Efter det tydske. D.1-2.,1879,Kra.,B.2. mgl. titbl. og bl.l.,"Spörlin, Margaretha",Kra.,Oslo,59.9139,10.7522
3028,Doc2267OCR.png,Doc2267OCR,1,KH,,,"Kvam, Jak(ob) Vilh(elm)",Den norske Kirkes Biskoper efter Reformationen.,1909,Kra.,,"Kvam, Jakob Vilhelm",Kra.,Oslo,59.9139,10.7522
3029,Doc3529OCR.png,Doc3529OCR,1,SV,20,Indogermanske språk [-> Indoeuropeiske språk],"Smith, William","Principia Latina P.l., 4. 7th - 5th ed.",1865,London,,"Smith, William",London,London,51.5074,-0.1278
3030,Doc3529OCR.png,Doc3529OCR,2,SV,20,Indogermanske språk [-> Indoeuropeiske språk],"Smith, William","Principia Latina P.l., 4. 7th - 5th ed.",1868,London,,"Smith, William",London,London,51.5074,-0.1278
3031,Doc4086OCR.png,Doc4086OCR,1,ST,10,Filosofi og idéhistorie,"Whately, Richard",Elements of logic. Reprint from the 9th ed.,1867,London,,"Whately, Richard",London,London,51.5074,-0.1278
3032,Doc0513OCR.png,Doc0513OCR,1,NT,,,"Bleek, Friedrich",Synoptische Erklärung der 3 ersten Evangelien. Hg. von Heinrich Hlotzmann. B.1-2,1862,Lpz.,2 b.,"Bleek, Friedrich",Lpz.,Leipzig,51.3397,12.3731
3033,Doc2091OCR.png,Doc2091OCR,1,Li,20,Arabisk og orientalsk litteratur,Kalidasa,Kongen og Danserinden. Lystspil i fem Akter. Overs. af Edvard Brandes.,1874,Kbh.,,Kalidasa,Kbh.,Copenhagen,55.6761,12.5683
3034,Doc3270OCR.png,Doc3270OCR,1,SV,20,Indogermanske språk [-> Indoeuropeiske språk],,The royal readers.,1876,London,2 b.,,London,London,51.5074,-0.1278
3035,Doc3270OCR.png,Doc3270OCR,2,SV,20,Indogermanske språk [-> Indoeuropeiske språk],,The royal readers.,1881,London,2 b.,,London,London,51.5074,-0.1278
3036,Doc4189OCR.png,Doc4189OCR,1,Li,20,Arabisk og orientalsk litteratur,"Østrup, J.",Arabiske Sange og Eventyr efterlignede og overs.,1889,Kbh.,,"Østrup, J.",Kbh.,Copenhagen,55.6761,12.5683
3037,Doc2575OCR.png,Doc2575OCR,1,ST,,,"Martensen, H(ans)",Den christelige Dogmatik. 2. Opl.,1850,Kbh.,2. Opl.,"Martensen, Hans",Kbh.,Copenhagen,55.6761,12.5683
3038,Doc0135OCR.png,Doc0135OCR,1,KH,30,"Oldkirkens kirkehistorie, patristikk","Augustinus, Aurelius","Meditationes, Soliloquia et Manuale.",1649,Coloniae Agrippinae,,"Augustinus, Aurelius",Coloniae Agrippinae,Cologne,50.9364,6.9528
3039,Doc3372OCR.png,Doc3372OCR,1,MV,90,Misjonærbiografier,"Schlunk, M.",Johannes Schrøder.,1917,Bremen,,"Schlunk, M.",Bremen,Bremen,53.0793,8.8017
3040,Doc2793OCR.png,Doc2793OCR,1,KH,,,"Neander, August",Allgemeine Geschichte der christlichen Religion und Kirche. B.1-2.,1856,Gotha,B.1-2.,"Neander, August",Gotha,Gotha,50.9482,10.6991
3041,Doc0421OCR.png,Doc0421OCR,1,NT,10,Tekstutgaver og oversettelser,,Bibelen. N.T. Acta. Latin Acta apostolorum ante Hieronymum latine translata ex codice latino-graeco Laudiano Oxaniensi denuo edidit J. Belsheim,1893,Kra.,,,Kra.,Kristiania,59.9139,10.7522
3042,Doc4191OCR.png,Doc4191OCR,1,ST,,,"Åberg, L.H.",Den Boströmska världsåsigten i sina grunddrag framstäld.,1882,Sth.,6.,"Åberg, L.H.",Sth.,Stockholm,59.3293,18.0686
3043,Doc0139OCR.png,Doc0139OCR,1,SV,20,Indogermanske språk [-> Indoeuropeiske språk],"Autenrieth, A(lbert)","The English reader, ...",1859,Chra.,3 rd: rev.,"Autenrieth, Albert",Chra.,Christiania,59.9139,10.7522
3044,Doc1226OCR.png,Doc1226OCR,1,MV,138,Misjon og kirke på Madagaskar,"Erslev, Ed(uard)",Geografy. Nadikany C.B.,1882,Antan.,N.M.S.,"Erslev, Eduard",Antan.,Antananarivo,-18.8792,47.5079
3045,Doc1932OCR.png,Doc1932OCR,1,NV,50,Zoologi,"Haeckel, Ernst",Skabelseshistorien fra et naturvidenskabeligt Standpunkt. Efter Orig. 6. Opl.,1877,Kbh.,6. Opl.,"Haeckel, Ernst",Kbh.,Copenhagen,55.6761,12.5683
3046,Doc1932OCR.png,Doc1932OCR,2,NV,50,Zoologi,"Frohschammer, J.",Om Darwinismen. Overs. af H. Steen.,1873,Kbh.,,"Frohschammer, J.",Kbh.,Copenhagen,55.6761,12.5683
3047,Doc1932OCR.png,Doc1932OCR,3,NV,50,Zoologi,"Guldberg, Gustav",Om Darwinismen og dens rækkevidde.,1890,Kra.,,"Guldberg, Gustav",Kra.,Kristiania,59.9139,10.7522
3048,Doc4072OCR.png,Doc4072OCR,1,SV,20,Indogermanske språk [-> Indoeuropeiske språk],"Westergaard, N(iels) L(udvig)",Kortfattet Sanskrit Formlære,1846,Kbh.,,"Westergaard, Niels Ludvig",Kbh.,Copenhagen,55.6761,12.5683
3049,Doc1366OCR.png,Doc1366OCR,1,ST,,,"Frank, Fr. H.R.",System of the Christian certainty,1886,Edinb.,2 nd ed. red.,"Frank, Franz Hermann Reinhold",Edinb.,Edinburgh,55.9533,-3.1883
3050,Doc0547OCR.png,Doc0547OCR,1,SV,20,Indogermanske språk [-> Indoeuropeiske språk],"Boltz, August",Neuer Lehrgang der Russischen Sprache,1859,Berlin,T.1.,"Boltz, August",Berlin,Berlin,52.52,13.405
3051,Doc0770OCR.png,Doc0770OCR,1,KH,30,"Oldkirkens kirkehistorie, patristikk","Caspari, C(arl) P(aul)",Kirchenhistorische Anecdota. Nebst neuen Ausgaben patristischer und kirchlich-mittelalterlicher Schriften. 1. Lateinische Schriften.,1883,Chra.,Univ. progr.,"Caspari, Carl Paul",Chra.,Oslo,59.9139,10.7522
3052,Doc1162OCR.png,Doc1162OCR,1,GT,30,Innledningsvitenskap,"Eichhorn, Johann Gottfried",Einleitung in die apokryphischen Schriften des Alten Testaments,1795,Lpz.,B.4.,"Eichhorn, Johann Gottfried",Lpz.,Leipzig,51.3397,12.3731
3053,Doc1055OCR.png,Doc1055OCR,1,KH,30,"Oldkirkens kirkehistorie, patristikk",Didaké,Den ældste Kirkeordning. Overs. af C.P. Caspari. Chra. 1894. Sm.m.: Aristides’ Forsvarsskrift for de Kristne. Overs. af J. Belsheim.,1894,Chra.,Skr.,Didaké,Chra.,Oslo,59.9139,10.7522
3054,Doc2709OCR.png,Doc2709OCR,1,KH,141,Luther-studier,"Monrad, O.P.",En liden Krands til Luthers Minde,1884,Kra.,,"Monrad, Ole Peter",Kra.,Kristiania,59.9139,10.7522
3055,Doc3411OCR.png,Doc3411OCR,1,GT,63,Kommentar til Josva-2. Kongebok,"Schulteus, Albert",Animadversiones philologicae in Jobum,1708,Trajectum Bat.,I sm. b.,"Schulteus, Albert",Trajectum Bat.,Utrecht,52.0907,5.1214
3056,Doc3411OCR.png,Doc3411OCR,2,GT,63,Kommentar til Josva-2. Kongebok,"Schulteus, Albert",Animadversiones philologicae et criticae ad varia loca Veteris Testamenti,1709,Amst.,,"Schulteus, Albert",Amst.,Amsterdam,52.3676,4.9041
3057,Doc1770OCR.png,Doc1770OCR,1,Li,30,Greske klassikere,Herodot(os),Geschichte Herodot's von Halikarnassus übers. von Adolf Schöll ... durchges. von Reinhold Köhler. 2.-4. Aufl. B.1-11.,,Stuttg.,,Herodotus,Stuttg.,Stuttgart,48.7758,9.1829
3058,Doc1770OCR.png,Doc1770OCR,2,Li,30,Greske klassikere,"Caesar, Gaius, Julius",Denkwürdigkeiten des Gallischen Kriegs. Uebers. von Anton Baumstark. 3.-4. Aufl. B.1-4.,,Stuttg.,,Julius Caesar,Stuttg.,Stuttgart,48.7758,9.1829
3059,Doc3031OCR.png,Doc3031OCR,1,Le,50,,"Petersen, Fredrik",Hvorfor studerer vi theologi? Forelæsning.,1899,Kra.,,Fredrik Petersen,Kra.,Oslo,59.9139,10.7522
3060,Doc0656OCR.png,Doc0656OCR,1,PT,92,Annen oppbyggelseslitteratur,"Brødremenigheten, utg.",Paroles & textes tirés de l'Écriture-sainte pour chaque jour de l'année 1904 et publiés par l'Église des freres (Moraves). 174. année.,1903,Neuchatel,,Brødremenigheten,Neuchatel,Neuchâtel,46.9913,6.931
3061,Doc1396OCR.png,Doc1396OCR,1,KH,80,Norges kirkehistorie,,Frivillig kirkelig Landsmøde 1885. Forhandlinger.,1886,Kra.,,,Kra.,Oslo,59.9139,10.7522
3062,Doc2138OCR.png,Doc2138OCR,1,Li,60,Engelsk litteratur,"Kingsley, Charles","Westward-ho! or, The voyages and adventures of Sir Amyas Leigh... 6 th ed.",1869,London,,Charles Kingsley,London,London,51.5074,-0.1278
3063,Doc1153OCR.png,Doc1153OCR,1,ST,,,,Efter Døden; Betragtet i Skriftens Lys.,,U.s.u.å.,,,U.s.u.å.,Unknown,,
3064,Doc1076OCR.png,Doc1076OCR,1,MV,138,Misjon og kirke på Madagaskar,"Disselhoff, J(ulius)",Ny tantarany Dr.Martin Lothera. Nadikany Th.Selmer.,1894,Antan.,,Julius Disselhoff,Antan.,Antananarivo,-18.8792,47.5079
3065,Doc0257OCR.png,Doc0257OCR,1,ST,50,Apologetikk,"Bettex, F(rederic)",Underet. Autor. Overs. efter Orig. 6. Opl. ved M.Wolff.,1907,Kbh.,,Frederic Bettex,Kbh.,Copenhagen,55.6761,12.5683
3066,Doc2296OCR.png,Doc2296OCR,1,KH,,,"Lampe, Johan Fredrik",Bergens Stifts Biskoper og Præster efter Reformationen. Biografiske Efterretninger. Efter (forf.) død udg af D. Thrap B.1-2.,1895,Kra,2 b i 1,Johan Fredrik Lampe,Kra,Oslo,59.9139,10.7522
3067,Doc3958OCR.png,Doc3958OCR,1,Li,70,Tysk litteratur,"Vilmar, A(ugust) F(riedrich) C(hristian)",Geschichte der deutschen National-Literatur. 6. verm. Aufl.,1856,Marb,,August Friedrich Christian Vilmar,Marb,Marburg,50.8022,8.7665
3068,Doc0831OCR.png,Doc0831OCR,1,Li,40,Latinske klassikere,"Cicero, M(arcus) T(ullius)",Lettres de M.T. Ciceron ans de Rome 704 a 708. Trad. ... par Legouéz (et) Heguin de Guerle.,1872,Paris,,Marcus Tullius Cicero,Paris,Paris,48.8566,2.3522
3069,Doc0398OCR.png,Doc0398OCR,1,NT,10,Tekstutgaver og oversettelser,,"Bibelen. N.T. Gresk - Norsk. Det Nye Testamente græsk og norsk. Den græske Tekst ... ved Eberhard Nestle, den norske i ny Overs udg. af Det norske Bibelselskab.",1905,Kra,,,Kra,Oslo,59.9139,10.7522
3070,Doc2448OCR.png,Doc2448OCR,1,PT,,,"Luther, (Martin)",Le petit catéchisme.,1893,Paris,,Martin Luther,Paris,Paris,48.8566,2.3522
3071,Doc1368OCR.png,Doc1368OCR,1,GT,20,"Ordbøker, konkordanser og grammatikker","Frankel, Z.",Vorstudien zu der Septuaginta. (Historisch-kritische Studien zu der Septuaginta. B.1.Abt.1.),1841,Lpz,,Z. Frankel,Lpz,Leipzig,51.3397,12.3731
3072,Doc3871OCR.png,Doc3871OCR,1,NT,,,"Trench, Richard Chenevix",Synonyms of the New Testament. 7 th ed. rev. enl.,1871,London,,Richard Chenevix Trench,London,London,51.5074,-0.1278
3073,Doc0456OCR.png,Doc0456OCR,1,NT,10,Tekstutgaver og oversettelser,,"Bibelen. N.T. 2.Kor. Norsk. Andet Korinthierbrev overs. og fortolket af P.O. Schjött. = Videnskabsselskabet i Kristiania, Skrifter II 1923. No.6.",1923,Kra,,,Kra,Oslo,59.9139,10.7522
3074,Doc0972OCR.png,Doc0972OCR,1,MS,,,"Dahle, Lars",Notisbok,,,,Lars Dahle,,,,
3075,Doc0321OCR.png,Doc0321OCR,1,GT,,,,Bibelen. G.T. Salm. Persisk,1835,,,,,,,
3076,Doc0434OCR.png,Doc0434OCR,1,NT,10,Tekstutgaver og oversettelser,,Bibelen. N.T. Norsk. Det nye Testamente. I ny Oversættelse.,1904,Kra.,,,Kra.,Oslo,59.9139,10.7522
3077,Doc3644OCR.png,Doc3644OCR,1,ST,,,"Stirm, C.H.",Apologie des Christenthums,1856,Stuttg.,2. verb. verm. Aufl.,C.H. Stirm,Stuttg.,Stuttgart,48.7758,9.1829
3078,Doc3348OCR.png,Doc3348OCR,1,ST,,,"Schelling, Friedr(ich) Wilh(elm) Joseph",System des transscendentalen Idealismus,1800,Tüͤb.,,Friedrich Wilhelm Joseph Schelling,Tüͤb.,Tübingen,48.5216,9.0576
3079,Doc3755OCR.png,Doc3755OCR,1,Li,50,Fransk litteratur,"Taine, H.",Notes on England,1872,London,4th ed.,Hippolyte Taine,London,London,51.5074,-0.1278
3080,Doc1787OCR.png,Doc1787OCR,1,MV,122,Misjon og kirke i India,"Hesse, J(ohannes)",Die Heidenpredigt im Indien,1883,Basel,,Johannes Hesse,Basel,Basel,47.5596,7.5886
3081,Doc0527OCR.png,Doc0527OCR,1,Bi,20,"Bibelkunnskap, hermeneutikk","Blunt, J.J.","Undesigned coincidences in ... the Old and New Testament, an argument of their veracity",1873,London,12th ed.,John James Blunt,London,London,51.5074,-0.1278
3082,Doc3606OCR.png,Doc3606OCR,1,GT,70,Gammeltestamentlig bibelteologi og religionshistorie,"Stavem, O.","Paa glidende Grund. Bibelkritikens ""Kilder"" i Første Mosebog.",1905,Kra.,,"Stavem, O.",Kra.,Oslo,59.9139,10.7522
3083,Doc4108OCR.png,Doc4108OCR,1,ST,,,"Wilkens, Cl(audius)",Æsthetik i Omrids,1888,Kbh.,,"Wilkens, Claudius",Kbh.,Copenhagen,55.6761,12.5683
3084,Doc0453OCR.png,Doc0453OCR,1,NT,,,Bibelen. N.T. 1.Kor. Norsk.,Første Korintherbrev af P.O. Schjøtt,1922,Kra.,,Bibelen. N.T. 1.Kor. Norsk.,Kra.,Oslo,59.9139,10.7522
3085,Doc2187OCR.png,Doc2187OCR,1,SV,20,Indogermanske språk [-> Indoeuropeiske språk],"Knudsen, D(avid) F(aye)",Engelske præpositioner og synonymer,1899,Chra.,2. opl.,"Knudsen, David Faye",Chra.,Oslo,59.9139,10.7522
3086,Doc2649OCR.png,Doc2649OCR,1,Jød,40,Rabbinismen,(Midrascim) von Aug. Wünsche,Eine Sammlung alter Midraschim zum ersten Male ins Deutsch übertr.,1880,Lpz.,8 b.,"Wünsche, August",Lpz.,Leipzig,51.3396,12.3731
3087,Doc1948OCR.png,Doc1948OCR,1,NT,,,,En Haandbog for Granskning af Profetiens Ord,1895,Kra.,,,Kra.,Oslo,59.9139,10.7522
3088,Doc3969OCR.png,Doc3969OCR,1,Li,40,Latinske klassikere,"Virgilius Maro, P(ublius)",Aeneis,1856,Kbh.,,"Virgilius Maro, Publius",Kbh.,Copenhagen,55.6761,12.5683
3089,Doc1617OCR.png,Doc1617OCR,1,NV,70,Medisin og helse,"Hagen, Richard",Anleitung zur klinischen Untersuchung und Diagnose,1874,Lpz.,2. umgearb. Aufl.,"Hagen, Richard",Lpz.,Leipzig,51.3396,12.3731
3090,Doc0691OCR.png,Doc0691OCR,1,PT,92,Annen oppbyggelseslitteratur,"Bullock, Charles","Det Besynderligste i Verden. Et Evangelium, hvori Evangeliet er udeladt ... Overs. af Benedicte Flood.",1892,Kra.,,"Bullock, Charles",Kra.,Oslo,,
3091,Doc1591OCR.png,Doc1591OCR,1,KH,,,"Grove-Rasmussen, A.C.L.",Kristelig Levnetsløb i det 19. Aarhundrede. R.1-4.,1887,Odense,1 b.,"Grove-Rasmussen, A.C.L.",Odense,Odense,55.4038,10.4024
3092,Doc2690OCR.png,Doc2690OCR,1,MV,10,Misjonsteori – allment,"Moltke, J.",Indvendinger mod ydre Mission.,1914,Kbh.,,"Moltke, J.",Kbh.,Copenhagen,55.6761,12.5683
3093,Doc1645OCR.png,Doc1645OCR,1,PT,92,Annen oppbyggelseslitteratur,"Hallesby, O.",En aandsfylt kristen. 2. opl.,1919,Kra.,,"Hallesby, Ole",Kra.,Oslo,,
3094,Doc3483OCR.png,Doc3483OCR,1,PT,92,Annen oppbyggelseslitteratur,"Sienkiewicz, Henryk",Synet. Fortælling fra Kristi Tid. Overs. af Wladimir Moe.,1901,Kra.,,"Sienkiewicz, Henryk",Kra.,Oslo,,
3095,Doc1006OCR.png,Doc1006OCR,1,SV,20,Indogermanske språk [-> Indoeuropeiske språk],,"Danskeren i Frankrig. Methode at tale det Franske ... Polyglott Kuntze, Udg. Le Francais en Italie, Méthode Polyglotte-Kuntzé. Le Francais en Russie, Méthode Polyglotte Kuntzé.",,Bonn u.å.,,,Bonn,Bonn,50.7374,7.0982
3096,Doc0491OCR.png,Doc0491OCR,1,Bi,,,Hans Julius Knudsen,Bibelisk Geographie ... Ved Hans Julius Knudsen. Efter 7. Opl. af Calwer-Forlags-foreningens Biblische Geographie,1858,Chra.,,Hans Julius Knudsen,Chra.,Oslo,,
3097,Doc1088OCR.png,Doc1088OCR,1,PT,92,Annen oppbyggelseslitteratur,"Dowie, John Alex.","""Om det er din Vilie"". Fra Engelsk ved M. Johnson.",,"Chicago, Ill.",u.å.,"Dowie, John Alex.",Chicago,Chicago,41.8781,-87.6298
3098,Doc3447OCR.png,Doc3447OCR,1,NV,50,Zoologi,"Seidlitz, Georg",Die Darwin'sche Theorie. 11 Vorlesungen. 2.verm.Aufl.,1875,Lpz.,,Georg Seidlitz,Lpz.,Leipzig,51.3397,12.3731
3099,Doc3079OCR.png,Doc3079OCR,1,ST,10,Filosofi og idéhistorie,Platon,La république. 6. livre. Texte grec et trad. francaise ... préc. d'une introduction ... par L.Carrau,1886,Paris,,Plato,Paris,Paris,48.8566,2.3522
3100,Doc4167OCR.png,Doc4167OCR,1,NT,30,"Innledning, nytestamentlig tidshistorie","Zezschwitz, Gerhard von",Profangraecitaet und biblischer Sprachgeist.,1859,Lpz.,,Gerhard von Zezschwitz,Lpz.,Leipzig,51.3397,12.3731
3101,Doc0720OCR.png,Doc0720OCR,1,GT,66,Kommentar til Salmene,"Bythner, Victorinus",Brevis institutio linguæ Hebrææ & Chaldaeæ,1664,Londini,,Victorinus Bythner,Londini,London,51.5074,-0.1278
3102,Doc0720OCR.png,Doc0720OCR,2,GT,66,Kommentar til Salmene,"Bythner, Victorinus",Lyra propheticæ Davidis regis.,,,,Victorinus Bythner,,,,
3103,Doc0102OCR.png,Doc0102OCR,1,KH,,,"Armistead, J.J.",Lommetestament-foreningens historie.,,Kra.,,J.J. Armistead,Kra.,Oslo,59.9139,10.7522
3104,Doc0873OCR.png,Doc0873OCR,1,MV,135,Misjon og kirke i Sør-Afrika,Co-operating Lutheran Mission,Annual Report 1916.,1917,Maritzb.,,Co-operating Lutheran Mission,Maritzb.,Maritzburg,-29.6006,30.3794
3105,Doc2106OCR.png,Doc2106OCR,1,MV,138,Misjon og kirke på Madagaskar,Misjonslitt. Gassisk.,Katesizy na fampianarana kristiana ... A.M.D. G.,1868,Clermont-Ferrand,,,Clermont-Ferrand,Clermont-Ferrand,45.7772,3.087
3106,Doc3727OCR.png,Doc3727OCR,1,KH,80,Norges kirkehistorie,"Søfrensson, Søfren",Memorialbog 1564-1599. Udg. for Det Norske Historiske Kildeskriftfond ved A.E.Erichsen.,1898,Kra.,,Søfren Søfrensson,Kra.,Oslo,59.9139,10.7522
3107,Doc1011OCR.png,Doc1011OCR,1,RV,90,Kinesiske religioner/filosofi,"Davids, T.W.Rhys","Buddhism: being a sketch of the life and teachings of Gautama, the Buddha",1880,London,8th thous.,"Davids, T.W. Rhys",London,London,51.5074,-0.1278
3108,Doc0027OCR.png,Doc0027OCR,1,Li,20,Arabisk og orientalsk litteratur,Abu Temmam,Hamasa oder Die ältesten arabischen Volkslieder gesammelt. Übers. und erl. von Friedrich Rückert,1846,Stuttg.,,Abu Tammam,Stuttgart,Stuttgart,48.7758,9.1829
3109,Doc3392OCR.png,Doc3392OCR,1,MV,170,Israelsmisjon,"Schneller, Ludwig",Wünschet Jerusalem Glück. Festschrift zum 50 jährigen Jubiläum des Syrischen Waisenhauses in Jerusalem,1911,Münster,,"Schneller, Ludwig",Münster,Münster,51.9607,7.6261
3110,Doc1383OCR.png,Doc1383OCR,1,SV,30,Semittiske språk,"Freytag, G(eorg) W(ilhelm)",Lexicon Arabico-Latinum ex opere suo maiore ... excerptum,1837,Hale Saxonum,,"Freytag, Georg Wilhelm",Halle (Saale),Halle (Saale),51.4823,11.9688
3111,Doc4043OCR.png,Doc4043OCR,1,ST,,,"Wayland, Francis","The elements of moral science ... With notes and analysis, by Joseph Angus",,London,,"Wayland, Francis",London,London,51.5074,-0.1278
3112,Doc3014OCR.png,Doc3014OCR,1,Li,80,Norrøn og nordisk litteratur,"P(edersen, J.L.)","""Syvstjernerne"" eller Syv nye Viser",1903,Bodø,,"Pedersen, J.L.",Bodø,Bodø,67.2804,14.4049
3113,Doc1574OCR.png,Doc1574OCR,1,Hi,10,Politisk historie og kulturhistorie,"Green, John Richard",A short history of the English people,1884,London,,"Green, John Richard",London,London,51.5074,-0.1278
3114,Doc3872OCR.png,Doc3872OCR,1,MV,122,Misjon og kirke i India,"Trevarr, George",India. An historical sketch,1858,London,fort.,"Trevarr, George",London,London,51.5074,-0.1278
3115,Doc1203OCR.png,Doc1203OCR,1,KH,30,"Oldkirkens kirkehistorie, patristikk",Ephræm Syrus,Aandelige Digte af Afrem Syrer. Overs. af T. Skat Rørdam.,1879,Kbh.,,Ephraem Syrus,København,Copenhagen,55.6759,12.5655
3116,Doc2572OCR.png,Doc2572OCR,1,,20,,"Marston, E.",Hvorledes Stanley udarbeidede 'I det mørkeste Afrika'. En Sviptur til Ægypten. Overs. fra Engelsk af Olaf Torp.,1891,Kra.,,"Marston, E.",Kristiana,Oslo,59.9139,10.7522
3117,Doc2720OCR.png,Doc2720OCR,1,SV,50,"Malayiske språk, gassisk språk","Mosblech, Boniface","Vocabulaire océanién-francais et francais-océanién des dialectes parlés aux iles Marquises, Sandwich, Gambier, etc...",1843,Paris,,"Mosblech, Boniface",Paris,Paris,48.8566,2.3522
3118,Doc2076OCR.png,Doc2076OCR,1,MV,10,Misjonsteori – allment,"Jørgensen, S(imom) E(manuel)",Missionslære.,1899,Chra.,,"Jørgensen, Simon Emanuel",Christiana,Oslo,59.9139,10.7522
3119,Doc1489OCR.png,Doc1489OCR,1,ST,50,Apologetikk,"Gjesdahl, J(ohan) F(redrik)",Hvis Jesus ikke var opstanden ! Præken...,1915,Bergen,,"Gjesdahl, Johan Fredrik",Bergen,Bergen,60.3928,5.3239
3120,Doc4085OCR.png,Doc4085OCR,1,KH,80,Norges kirkehistorie,"Wexels, W. A.",Aaben Erklæring til mine Medchristne om min Anskuelse... angaaende Christi Nedfart til Helvede og Muligheden af en Omvendelse efter Døden.,1845,Chra.,,"Wexels, W. A.",Christiana,Oslo,59.9139,10.7522
3121,Doc0501OCR.png,Doc0501OCR,1,MV,90,Misjonærbiografier,"Birmele, G.",Karl Friedrich Aldinger,1886,Basel,,"Birmele, G.",Basel,Basel,47.5596,7.5886
3122,Doc3340OCR.png,Doc3340OCR,1,NT,90,Nytestamentlig teologi. Urkirkens historie,"Scharling, Carl Emil","Hvad er Hensigten, Betydningen og Resultaterne af Theologernes videnskabelige Undresøgelser om det Nye Testamentes Skrifter ?",1833,Kbh.,,"Scharling, Carl Emil",København,Copenhagen,55.6759,12.5655
3123,Doc3446OCR.png,Doc3446OCR,1,NV,60,Botanikk,"Seidlitz, Georg",Die Darwin'sche Theorie. 11 Vorlesungen. 2. verm. Aufl.,1875,Lpz.,,"Seidlitz, Georg",Lpz.,Leipzig,51.3397,12.3731
3124,Doc3446OCR.png,Doc3446OCR,2,NV,60,Botanikk,"Seidlitz, Georg",Die Darwin'sche Theorie. 11 Vorlesungen. 2. verm. Aufl.,1875,Lpz.,,"Seidlitz, Georg",Lpz.,Leipzig,51.3397,12.3731
3125,Doc4192OCR.png,Doc4192OCR,1,SV,20,Indogermanske språk [-> Indoeuropeiske språk],"Aalholm, N(iels) M(atthias)",Fransk Læsebog,1857,Chra.,3. forøg. Udg.,"Aalholm, Niels Matthias",Chra.,Oslo,59.9139,10.7522
3126,Doc3878OCR.png,Doc3878OCR,1,NV,20,Astronomi,"Tromholt, Sophus",Omrids af Astronomien,1887,Kra.,,"Tromholt, Sophus",Kra.,Oslo,59.9139,10.7522
3127,Doc1599OCR.png,Doc1599OCR,1,MV,20,"Misjon - konferanser, rapporter, oversikter","Grundemann, R(einhold)",Kleiner Missions-Atlas,1884,Calw,,"Grundemann, Reinhold",Calw,Calw,48.7156,8.7393
3128,Doc3568OCR.png,Doc3568OCR,1,ST,,,"Splittgerber, Franz",Schlaf und Tod. Eine psychologisch apologetische Erörterung 2. verm. verb. Aufl.,1881,Halle,,"Splittgerber, Franz",Halle,Halle (Saale),51.4818,11.9797
3129,Doc0783OCR.png,Doc0783OCR,1,MV,20,"Misjon - konferanser, rapporter, oversikter",,The Centenary Conference Report of ... held in London 1888. Vols. I.-II.,1888,London,,,London,London,51.5074,-0.1278
3130,Doc3544OCR.png,Doc3544OCR,1,KH,50,Reformasjonstidens historie,"Sommerfelt, Vilhelm","Girolamo Savonarola Hans Liv, Gjerning og Vidnedød. Lutherstiftelsens Boghandels Forlag",1893,Kra.,,"Sommerfelt, Vilhelm",Kra.,Oslo,59.9139,10.7522
3131,Doc4008OCR.png,Doc4008OCR,1,SV,20,Indogermanske språk [-> Indoeuropeiske språk],"Vaagd, W. van",Der perfekte Holländer. Eine Anleitung ... Holländisch ... zu lernen ... 2. Aufl.,,Berlin u.å.,,"Vaagd, W. van",Berlin,Berlin,52.52,13.405
3132,Doc1347OCR.png,Doc1347OCR,1,SV,30,Semittiske språk,"Forbes, Duncan",A grammar of the Arabic language,1868,London,,,London,London,51.5074,-0.1278
3133,Doc2801OCR.png,Doc2801OCR,1,PT,,,"Nebe, August",Die evangelischen und epistolischen Perikopen des Kirchenjahres wissenschaftlich und erbaulich ausgelegt,1871,Wiesbaden,B. 1-6,,Wiesbaden,Wiesbaden,50.0782,8.2398
3134,Doc1341OCR.png,Doc1341OCR,1,Ku,138,,,Folk-lore and folk-tales of Madagascar: selections from the traditionary lore of the Malagasy people (in the native language),1887,Antananarivo,Vol. 1,,Antananarivo,Antananarivo,-18.8792,47.5079
3135,Doc2590OCR.png,Doc2590OCR,1,Et,,,"Maspero, Gaston","Lectures historiques... Pour la classe de sixieme. Histoire ancienne Egypte, Assyrie",1890,Paris,,,Paris,Paris,48.8566,2.3522
3136,Doc2804OCR.png,Doc2804OCR,1,MV,10,Misjonsteori – allment,"Nesdal, Sivert",Vor Tids forkede missionskrav til den enkelte,1909,Minneap. Minn.,,,"Minneapolis, Minnesota","Minneapolis, Minnesota",44.9778,-93.265
3137,Doc2504OCR.png,Doc2504OCR,1,Li,60,Engelsk litteratur,"Løkke, Jakob",Engelske Forfattere i Udvalg,1875,Kbh.,,,Kbh.,Copenhagen,55.6761,12.5683
3138,Doc1407OCR.png,Doc1407OCR,1,PT,92,Annen oppbyggelseslitteratur,,Frohe Botschaft,,,,,,,,
3139,Doc1250OCR.png,Doc1250OCR,1,NT,,,Eusebius Pamphili,Praeparationis evangelicae libri 15,1842,Lips.,,,Lips.,Leipzig,51.3397,12.3731
3140,Doc2574OCR.png,Doc2574OCR,1,KH,,,"Martensen, H(ans)",Af mit Levnet. Meddelelser.,1883,Kbh.,,"Martensen, Hans",København,Copenhagen,55.6761,12.5683
3141,Doc0949OCR.png,Doc0949OCR,1,MS,,,"(Dahle, Lars)",Forskjellige sproglige notater.,,,,"Dahle, Lars",,,,
3142,Doc0458OCR.png,Doc0458OCR,1,NT,10,Tekstutgaver og oversettelser,Bibelen. N.T. Gal. Norsk. Brevet til Galaterne omsatt og fortolket av P.O.Schjøtt.,,1916,Kra.,,,Kristiania,Oslo,59.9139,10.7522
3143,Doc3229OCR.png,Doc3229OCR,1,PT,50,Liturgikk,,Rituale Romanum,1834,Bassani,,,Bassani,,45.6345,11.6417
3144,Doc0855OCR.png,Doc0855OCR,1,PT,,,"Clausen, Johannes",Er en Reform ved Uddannelsen af Præster ikke ønskelig?,1899,Kbh.,,"Clausen, Johannes",København,Copenhagen,55.6761,12.5683
3145,Doc0178OCR.png,Doc0178OCR,1,Ge,20,Enkelte lands geografi,"Bartholomew, J. G.",The pocket atlas and guide to London.,1893,London,,"Bartholomew, J. G.",London,London,51.5074,-0.1278
3146,Doc3729OCR.png,Doc3729OCR,1,ST,50,Apologetikk,,Søndagslovenes Oprindelse,,Kra.,,,Kristiania,Oslo,59.9139,10.7522
3147,Doc0857OCR.png,Doc0857OCR,1,MV,138,Misjon og kirke på Madagaskar,"Clemes, Samuel",Ny tantaran'ny fiangonana kristiana.,1876,Antan.,,"Clemes, Samuel",Antananarivo,Antananarivo,-18.8792,47.5079
3148,Doc3980OCR.png,Doc3980OCR,1,Bi,30,"Bibelsk geografi, arkeologi, kulturhistorie","Vogt, Volrath",Det Hellige Land,1889,Kra.,2det Oplag,"Vogt, Volrath",Kra.,Kraków,50.0647,19.945
3149,Doc1129OCR.png,Doc1129OCR,1,Hi,10,Politisk historie og kulturhistorie,"Daa, Ludvig Kr(istensen)","Lærebog i den Nyere Historie, en Fortsættelse af Middelalderens.",1865,Kra.,,"Daa, Ludvig Kristensen",Kra.,Kraków,50.0647,19.945
3150,Doc1130OCR.png,Doc1130OCR,1,Ge,30,Norsk geografi,"Daa, Ludvig Kr(istensen)","Skisser fra Lapland, Karelstranden og Finland",1870,Kra.,,"Daa, Ludvig Kristensen",Kra.,Kraków,50.0647,19.945
3151,Doc0759OCR.png,Doc0759OCR,1,PT,92,Annen oppbyggelseslitteratur,"Carter, T.T.","Simple lessons, or Words easy to be understood. A manual for teaching.",1867,London,2nd ed. rev.,"Carter, T.T.",London,London,51.5074,-0.1278
3152,Doc1544OCR.png,Doc1544OCR,1,Et,10,Etnologi – allment,"Guizot, Fr(ancois) P(ierre) G(uillaume)",Allgemeine Geschichte der europäischen Civilisation in ... Vorlesungen,1844,Stuttg.,,"Guizot, François Pierre Guillaume",Stuttg.,Stuttgart,48.7758,9.1829
3153,Doc3345OCR.png,Doc3345OCR,1,SV,20,Indogermanske språk [-> Indoeuropeiske språk],"Schauffler, Th.",Althochdeutsche Litteratur mit Grammatik,1900,Lpz.,2. Aufl. 2. Abdr.,"Schauffler, Th.",Lpz.,Leipzig,51.3397,12.3731
3154,Doc1962OCR.png,Doc1962OCR,1,MV,135,Misjon og kirke i Sør-Afrika,,Misjonslitt. Zuluspråket Inewadi ycalitare.,1905,Eshowe,,,Eshowe,Eshowe,-28.8872,31.4689
3155,Doc1984OCR.png,Doc1984OCR,1,PT,92,Annen oppbyggelseslitteratur,"Iversen, Ole C(hristiansen)",Gjennem vanskeligheter. Et forsø¿k til veiledning.,,Kra.,,"Iversen, Ole Christiansen",Kra.,Kraków,50.0647,19.945
3156,Doc0896OCR.png,Doc0896OCR,1,ST,,,"Cremer, Hermann",Über den Zustand nach dem Tode. Nebst einigen Andeutungen über das Kindersterben und über den Spiritismus.,1883,Gütersl.,,"Cremer, Hermann",Gütersloh,Gütersloh,51.9069,8.3856
3157,Doc1560OCR.png,Doc1560OCR,1,GT,70,Gammeltestamentlig bibelteologi og religionshistorie,"Gunkel, Hermann",Hvad har det Gamle testamente at si for nutiden ?. Overs: av Sigmund Mowinckel.,1916,Kra.,,"Gunkel, Hermann",Kristiania,Oslo,59.9139,10.7522
3158,Doc3357OCR.png,Doc3357OCR,1,Hi,10,Politisk historie og kulturhistorie,"Schjøth, Hans",Lærebog i verdenshistorien for middelskolen En omarb. af Nissen's og Daae's verdenshistorie. 3. Den nyere tid.,1885,Kra.,,"Schjøth, Hans",Kristiania,Oslo,59.9139,10.7522
3159,Doc0913OCR.png,Doc0913OCR,1,SV,20,Indogermanske språk [-> Indoeuropeiske språk],"Curtius, Georg",Grundzüge der griechischen Etymologie. T. 1-2.,1858,Lpz.,2 T i 1 B.,"Curtius, Georg",Leipzig,Leipzig,51.3397,12.3731
3160,Doc2546OCR.png,Doc2546OCR,1,ST,,,"Madsen, P(eder)",Den kristelige Troslære. Efter Forf. Død udg. af L. Bergmann.,1912,Kbh.,1912-13,"Madsen, Peder",København,Copenhagen,55.6761,12.5683
3161,Doc4096OCR.png,Doc4096OCR,1,SV,10,Språkvitenskap – allment,"Whitney, W.D.","Språket, dess lif och utveckling. Ofvers. och bearb. af Gustaf Stjernström.",1889,Sth.,,"Whitney, William Dwight",Stockholm,Stockholm,59.3293,18.0686
3162,Doc2509OCR.png,Doc2509OCR,1,SV,20,Indogermanske språk [-> Indoeuropeiske språk],"Løkke, Jakob",Modersmaalets Grammatik til Skolebrug.,1865,Kra.,,"Løkke, Jakob",Kristiania,Oslo,59.9139,10.7522
3163,Doc2873OCR.png,Doc2873OCR,1,PT,80,Hymnologi og kirkemusikk,Det norske Missionsselskab,Salmer og sange ved (dets) generalforsamling paa Hamar 3.-6. juli 1913.,1913,Stvg.,,Det norske Missionsselskab,Stavanger,Stavanger,58.9703,5.7331
3164,Doc2107OCR.png,Doc2107OCR,1,MV,10,Misjonsteori – allment,"Katsch, F.",Wünsche der Presse an die Mission. Vortrag,1917,Berlin,,"Katsch, F.",Berlin,Berlin,52.52,13.405
3165,Doc2165OCR.png,Doc2165OCR,1,PT,94,Lærebøker i kristendomskunnskap,"Klaveness, Th(or)v(ald)",Bibelhistorie for middelskolen.,1900,Kra.,2. udg.,"Klaveness, Torvald",Kra.,Oslo,,
3166,Doc0101OCR.png,Doc0101OCR,1,ST,,,Aristot(e)le(s),Treatise on rhetoric... also the Poetic,1853,London,,Aristotle,London,London,51.5074,-0.1278
3167,Doc3164OCR.png,Doc3164OCR,1,MV,122,Misjon og kirke i India,,Radha og Harichandra. En kristelig Skildring fra Indien,1893,Kbh.,,,Kbh.,Copenhagen,55.6761,12.5683
3168,Doc3740OCR.png,Doc3740OCR,1,MV,30,Misjonshistorie,"Sørensen, Vilh(elm)",Den Lutherske Kirkeafdelings Hedningemissionsarbejde i Nutiden.,1902,Kbh.,,"Sørensen, Vilhelm",Kbh.,Copenhagen,55.6761,12.5683
3169,Doc1747OCR.png,Doc1747OCR,1,MV,135,Misjon og kirke i Sør-Afrika,"Hellgren, Thora",Efter 40 år. Et blick på Svenska Kyrkans missionsarbete i Zuluernas land,1919,Upps.,2 ekspl.,"Hellgren, Thora",Upps.,Uppsala,59.8586,17.6389
3170,Doc4057OCR.png,Doc4057OCR,1,KH,20,"Almenn kirkehistorie, helhetsfremstillinger","Weingarten, Hermann",Zeittafeln und Uberblicke zur Kirchengeschichte,1897,Lpz.,"5., verb. Aufl.: Durchges.: von Carl Franklin Arnold.","Weingarten, Hermann",Lpz.,Leipzig,51.3397,12.3731
3171,Doc2791OCR.png,Doc2791OCR,1,Ti,40,Tidsskrift – blandet innhold,,Naturen. Illustreret maanedsskrift for populær naturvidenskab,1890,Bergen,2.R. Aarg.4.-6.,,Bergen,Bergen,60.3913,5.3221
3172,Doc4052OCR.png,Doc4052OCR,1,KH,110,Nord-Amerikas kirkehistorie,"Weenaas, A(ugust)",Mindeblade eller Otte Aar i Amerika.,1890,Volden,,"Weenaas, August",Volden,Volden,,
3173,Doc3107OCR.png,Doc3107OCR,1,GT,64,Kommentar til profetbøkene,"Witter, Henning Bernhard","Novilunii initiatio, ... ad mentem Talmudistarum, pro festis Judaeorum determinandis, ... e R. Mose Majmonide, speciminis loco transluti ...",1703,Jena,,"Witter, Henning Bernhard",Jena,Jena,50.9271,11.5892
3174,Doc3107OCR.png,Doc3107OCR,2,GT,64,Kommentar til profetbøkene,"Sturm, Leonhard Christopher",Sciagraphia templi Hierosolymitani,1694,Lips.,,"Sturm, Leonhard Christopher",Leipzig,Leipzig,51.3397,12.3731
3175,Doc3993OCR.png,Doc3993OCR,1,ST,35,Systematisk teologi – monografier,"Vold, Karl",Jesus og hans verk i religionshistorisk lys. ... H.1-4.,1913,Kra.,,"Vold, Karl",Kristiania,Oslo,59.9139,10.7522
3176,Doc4208OCR.png,Doc4208OCR,1,SV,20,Indogermanske språk [-> Indoeuropeiske språk],"Aasen, Ivar","Norsk Grammatik. Omarb. Udg. af ""Det norske Folkesprogs Grammatik"".",1864,Chra.,,"Aasen, Ivar",Christiania,Oslo,59.9139,10.7522
3177,Doc2901OCR.png,Doc2901OCR,1,NT,,,"Odland, Sigurd","Jakobs brev til ""De 12 stammer i adspredelsen"".",1889,Kra.,,"Odland, Sigurd",Kristiania,Oslo,59.9139,10.7522
3178,Doc2417OCR.png,Doc2417OCR,1,Li,30,Greske klassikere,Lukianos fra Samosata,Udvalgte Skrifter i Overs. ... ved M.C. Gertz.,1881,Kbh.,,Lukianos fra Samosata,København,Copenhagen,55.6761,12.5683
3179,Doc1930OCR.png,Doc1930OCR,1,MV,15,"Misjon - fortellinger, misjonsmotivering","Hübner, Johannes",Lebensbilder bekehrter Heiden ...,1880,Eisleben,,"Hübner, Johannes",Eisleben,Eisleben,51.5263,11.5506
3180,Doc3390OCR.png,Doc3390OCR,1,Et,10,Etnologi – allment,"Schmeider, Oscar",Naturhistorisk-geografisk Type-Atlas. Dansk-Norsk Udg.,1881,Kbh.,4o,"Schmeider, Oscar",København,Copenhagen,55.6761,12.5683
3181,Doc0336OCR.png,Doc0336OCR,1,NT,10,Tekstutgaver og oversettelser,,"The gospel according to St. Luke, in the Amharic language",1864,St. Chrishona,,,St. Chrishona,,,
3182,Doc0444OCR.png,Doc0444OCR,1,NT,10,Tekstutgaver og oversettelser,"Martin Luther, Veit Dietrichs, Franciscus Vierlings",Vor Herres og Frelsers Jesu Christi Nye Testamente med Fortaler og Anm.,1873,"St. Louis,Mo.",,"Martin Luther, Veit Dietrichs, Franciscus Vierlings","St. Louis,Mo.","St. Louis, Missouri",38.6272,-90.1978
3183,Doc1862OCR.png,Doc1862OCR,1,ST,,,"Holtermann, Ch.",Livssyn,1919,Kra.,,"Holtermann, Ch.",Kra.,Oslo,59.9139,10.7522
3184,Doc3140OCR.png,Doc3140OCR,1,Li,50,Fransk litteratur,"Prudhon, G.-H.",Nouveau tableau de l'amour conjugal,,Paris,27 e éd.,"Prudhon, G.-H.",Paris,Paris,48.8566,2.3522
3185,Doc1305OCR.png,Doc1305OCR,1,ST,10,Filosofi og idéhistorie,"Fichte, Johann Gottlieb",Versuch einer Kritik aller Offenbarung,1793,Königsberg,2. verm. Aufl.,"Fichte, Johann Gottlieb",Königsberg,Kaliningrad,54.7104,20.4522
3186,Doc3728OCR.png,Doc3728OCR,1,Ti,40,Tidsskrift – blandet innhold,,Søndagshilsen fra Petrus kirke,1905,Kra.,,,Kra.,Oslo,59.9139,10.7522
3187,Doc3141OCR.png,Doc3141OCR,1,PT,92,Annen oppbyggelseslitteratur,"Prytz, A.F.W.J.",En liten andagtsbok for kvindeforeninger,1923,Stvg.,,"Prytz, A.F.W.J.",Stvg.,Stavanger,58.9699756,5.7331073
3188,Doc3375OCR.png,Doc3375OCR,1,NV,,,"Schmidlin, Eduard",Populäre Botanik,1857,Stuttg.,,"Schmidlin, Eduard",Stuttg.,Stuttgart,48.7758,9.1829
3189,Doc3159OCR.png,Doc3159OCR,1,Li,50,Fransk litteratur,"Rabelais, Francois","Tout ce qui existe de ses oeuvres: Texte... collattioné... précédé d'une vie de l'auteur... et suivi d'une bibliographie, de notes et d'un glossaire par Louis Moland.",,Paris u.å.,,"Rabelais, François",Paris,Paris,48.8566,2.3522
3190,Doc2175OCR.png,Doc2175OCR,1,PT,,,"Kliefoth, Th(eodor)",Theori for Den evangeliske Kirkes Kultus. Overs. af P. Coucheron.,1853,Chra.,,"Kliefoth, Theodor",Chra.,Oslo,59.9139,10.7522
3191,Doc1075OCR.png,Doc1075OCR,1,PT,92,Annen oppbyggelseslitteratur,"Disselhoff, J.",Paulus. Jesu Kristi tjener. Autor. overs. ved Ragnhild Bretteville Jensen.,1913,Kra.,,"Disselhoff, J.",Kra.,Oslo,59.9139,10.7522
3192,Doc3413OCR.png,Doc3413OCR,1,GT,70,Gammeltestamentlig bibelteologi og religionshistorie,"Schumann, G.",Wellhausens Hypothese om Mosebøgene. Overs. af Alfr. Levinsen (og) Aage Schmidt.,1906,Chra.,2 ekspl.,"Schumann, G.",Chra.,Oslo,59.9139,10.7522
3193,Doc2116OCR.png,Doc2116OCR,1,RV,130,Kristendommen og andre religioner,"Kellogg, S(amuel) H(enry)",Kristendommen og de ikke-kristne Religioner. En Sammenligning af deres Syn paa de religiøse Hovedbegreber.,1913,Kbh.,,"Kellogg, Samuel Henry",Kbh.,Copenhagen,55.6761,12.5683
3194,Doc3774OCR.png,Doc3774OCR,1,ST,35,Systematisk teologi – monografier,"Tandberg, Jens",Vor kirkes bekendelse og dens betydning for vor tid.,1907,Kra.,,"Tandberg, Jens",Kra.,Oslo,59.9139,10.7522
3195,Doc2090OCR.png,Doc2090OCR,1,SV,40,Asiatiske språk,"Kainz, C.",Praktische Grammatik der Chinesischen Sprache,,Wien u.å.,,"Kainz, C.",Wien,Vienna,48.2082,16.3738
3196,Doc3297OCR.png,Doc3297OCR,1,Li,80,Norrøn og nordisk litteratur,,Barlaams ok Josaphats saga. Barlaam og Josaphat. En religiøs Roman. Overs. fra oldnorsk af H.E. Kinck.,1852,Chra.,,,Chra.,Oslo,59.9139,10.7522
3197,Doc3617OCR.png,Doc3617OCR,1,ST,50,Apologetikk,"Steffens, Henrich",Om Den faslke Theologie og Den sande Troe,1825,Kbh.,,Henrich Steffens,Kbh.,Copenhagen,55.6761,12.5683
3198,Doc3741OCR.png,Doc3741OCR,1,MV,10,Misjonsteori – allment,"Sørensen, Vilh(elm)","Missionens motiv, mål oh midler",1911,Kbh.,,Vilhelm Sørensen,Kbh.,Copenhagen,55.6761,12.5683
3199,Doc1565OCR.png,Doc1565OCR,1,SV,20,Indogermanske språk [-> Indoeuropeiske språk],"Guyau, M.",L'année enfantine de lecture courante,1897,Paris,34 e éd,M. Guyau,Paris,Paris,48.8566,2.3522
3200,Doc4074OCR.png,Doc4074OCR,1,SV,20,Indogermanske språk [-> Indoeuropeiske språk],"Western, August",Er vort riksmaal et fremmed sprog? Et indlæg i maalstriden,1907,Kra.,,August Western,Kra.,Oslo,59.9139,10.7522
3201,Doc3547OCR.png,Doc3547OCR,1,Li,30,Greske klassikere,Sophokles,Aias. Für den Schulgebrauch erkl. von Gustav Wolff,1874,Lpz.,3. Aufl,Sophocles,Lpz.,Leipzig,51.3397,12.3731
3202,Doc3076OCR.png,Doc3076OCR,1,Li,30,Greske klassikere,Platon,Opera omnia ... recogn. et una cum scholis Graecis emend. ed. Godofr. Stallbaumus,1867,Lips.,Nova ed. Nova impressio,Plato,Lips.,Leipzig,51.3397,12.3731
3203,Doc2683OCR.png,Doc2683OCR,1,PT,80,Hymnologi og kirkemusikk,"Moe, O(le) T(heodor)",Hvile paa veien. Religiøse digte,1907,Kra.,,Ole Theodor Moe,Kra.,Oslo,59.9139,10.7522
3204,Doc0697OCR.png,Doc0697OCR,1,Li,30,Greske klassikere,"Burges, George",The Greek anthology Transl. into English prose,1854,London,,George Burges,London,London,51.5074,-0.1278
3205,Doc0031OCR.png,Doc0031OCR,1,Ti,771,,,Adveniat regnum tuum,1901,Ups.,,,Ups.,Uppsala,59.8586,17.6389
3206,Doc4068OCR.png,Doc4068OCR,1,GT,30,Innledningsvitenskap,"Wennerberg, J. Wm.",Salomos tempel och israeliternas gudstjänst,1876,Göteborg,,"Wennerberg, J. William",Göteborg,Gothenburg,57.7089,11.9746
3207,Doc0304OCR.png,Doc0304OCR,1,GT,10,Tekstutgaver og oversettelser,Constantinus de Tischendorf,Bibelen. G.T. Salmene. Hebraisk - Latin,1874,Lips.,,Constantinus de Tischendorf,Lips.,Leipzig,51.3397,12.3731
3208,Doc3486OCR.png,Doc3486OCR,1,GT,20,"Ordbøker, konkordanser og grammatikker","Simon, Joa",Lexicon manuale Hebraicum et Chaldaicum,1828,Lips.,Ed. 4,"Simon, Johann",Lips.,Leipzig,51.3397,12.3731
3209,Doc2573OCR.png,Doc2573OCR,1,NV,30,Fysikk,"Martel, V.",Éléments usuels des sciences physiques et naturelles,,Paris,4e éd.,"Martel, V.",Paris,Paris,48.8566,2.3522
3210,Doc3693OCR.png,Doc3693OCR,1,PT,80,Hymnologi og kirkemusikk,"Støylen, Bernt",Songbok for sundagsskule og uppbyggingsmøte,1906,Kra.,,"Støylen, Bernt",Kra.,Oslo,59.9139,10.7522
3211,Doc0815OCR.png,Doc0815OCR,1,KH,30,"Oldkirkens kirkehistorie, patristikk","Chrysostomos, Joannes",Chrysostomus-Postille,1845,Tüb.,,"Chrysostomos, Johannes",Tüb.,Tübingen,48.5216,9.0576
3212,Doc3965OCR.png,Doc3965OCR,1,Li,40,Latinske klassikere,"Virgilius Maro, P(ublius)",Bucolica et Georgica,1847,London,"New ed., corr.","Virgil, Publius",London,London,51.5074,-0.1278
3213,Doc3510OCR.png,Doc3510OCR,1,PT,91,,"Skovgaard-Petersen, C.",Menneskeskikkelser,1950,Oslo,,"Skovgaard-Petersen, C.",Oslo,Oslo,59.9139,10.7522
3214,Doc0950OCR.png,Doc0950OCR,1,MS,,,"Dahle, Lars",Fransk stilebog,,,,"Dahle, Lars",,,,
3215,Doc2780OCR.png,Doc2780OCR,1,KH,,,"Möhler, Johann Adam","Symbolik, oder Darstellung der dogmatischen Gegensätze der Katholiken und Protestanten",1871,Regensb.,Neueste Aufl. B.1-2.,"Möhler, Johann Adam",Regensburg,Regensburg,49.0134,12.1016
3216,Doc0853OCR.png,Doc0853OCR,1,NT,50,?,"Clausen, Henrik Nikolai",Det Nye Testamentes Hermeneutik,1840,Kbh.,,"Clausen, Henrik Nikolai",København,Copenhagen,55.6761,12.5683
3217,Doc3244OCR.png,Doc3244OCR,1,SV,30,Semittiske språk,"Roeder, Günther",Agyptisch,1913,München,,"Roeder, Günther",München,Munich,48.1351,11.582
3218,Doc3409OCR.png,Doc3409OCR,1,SV,30,Semittiske språk,"Schultens, Albert",Origines Hebraeae sive Hebraeae linguae antiquissima natura et indoles,1761,Lugd. Bat.,Ed. 2.,"Schultens, Albert",Leiden,Leiden,52.1601,4.497
3219,Doc3307OCR.png,Doc3307OCR,1,MV,122,Misjon og kirke i India,,"Salma, das Santalmädchen. Des Trappers Bekehrung. Der Gebetsbund",1879,Basel,2. Aufl.,,Basel,Basel,47.5596,7.5886
3220,Doc2046OCR.png,Doc2046OCR,1,ST,,,"Johnson, Gisle Christian",Den systematiske theologi fremstillet i dicterede paragrafer tilligemed anmærkninger efter sammes forelæsninger,1873,Kra.,,"Johnson, Gisle Christian",Kristiania,Oslo,59.9139,10.7522
3221,Doc0302OCR.png,Doc0302OCR,1,GT,,,,Liber psalmorum Hebraice cum versione Latina Santis Paginini.,1726,Basilea,,,Basel,Basel,47.5596,7.5886
3222,Doc0077OCR.png,Doc0077OCR,1,ST,50,Apologetikk,"Andrews, J.N.",Helligdommen.,,Kra.,,"Andrews, J.N.",Christiania,Oslo,59.9139,10.7522
3223,Doc3284OCR.png,Doc3284OCR,1,SV,30,Semittiske språk,"Rödiger, Emil",Chrestomathia Syriaca ed. et glossario explanata.,1838,Hale Saxonum,,"Rödiger, Emil",Halle,Halle (Saale),51.482,11.968
3224,Doc4003OCR.png,Doc4003OCR,1,MV,121,Misjon og kirke i Kina,"Voskamp, C.J.",Under Dragens Banner og Korsets Tegn i Kina.,1902,Stvg.,,"Voskamp, C.J.",Stavanger,Stavanger,58.969,5.733
3225,Doc1479OCR.png,Doc1479OCR,1,Jød,,,"Ginsburg, Christian D.","The Kabbalah: Its doctrines, development, and litterature.",1865,London,,"Ginsburg, Christian D.",London,London,51.5074,-0.1278
3226,Doc1844OCR.png,Doc1844OCR,1,PT,92,Annen oppbyggelseslitteratur,"Hollaz, David",Den evangeliske Naadens Orden ...,1874,Chra.,2. Opl.,"Hollaz, David",Christiania,Oslo,59.9139,10.7522
3227,Doc3306OCR.png,Doc3306OCR,1,Li,40,Latinske klassikere,"Sallustius, Crispus, Gaius",(Den) Katilinariske Sammensværgelse og Jugurthinske Krig.,1869,Kbh.,,"Sallustius, Crispus, Gaius",Copenhagen,Copenhagen,55.6761,12.5683
3228,Doc2859OCR.png,Doc2859OCR,1,MV,60,Norsk misjon - andre norske misjonsselskap,"Olsen, Johs.",Til Venner af Kinamissionen.,1901,Bergen,,"Olsen, Johs.",Bergen,Bergen,60.39299,5.32415
3229,Doc1352OCR.png,Doc1352OCR,1,KH,80,Norges kirkehistorie,"Forfang, A.","""Kirkesaken"". Statskirke eller fri folkekirke? Skolen og religionsundervisningen.",1912,Thjem,,"Forfang, A.",Thjem,Trondheim,63.4305,10.3951
3230,Doc0791OCR.png,Doc0791OCR,1,MV,122,Misjon og kirke i India,"Chan, Dilawar","Dilawar-Chan, ein afghanischen Christophorus.",1883,Basel,2. Aufl.,"Chan, Dilawar",Basel,Basel,47.5596,7.5886
3231,Doc2014OCR.png,Doc2014OCR,1,KH,80,Norges kirkehistorie,"Jensen, Gustav",En Folkekirkes Betydning og Opgaver. Foredrag.,1898,Kra,,"Jensen, Gustav",Kra,Oslo,59.9139,10.7522
3232,Doc2110OCR.png,Doc2110OCR,1,PT,80,Hymnologi og kirkemusikk,"Keerl, Philipp Friedrich",Die Apokryphenfrage... Anh: Philo im Neuer Testament.,1855,Lpz,,"Keerl, Philipp Friedrich",Lpz,Leipzig,51.3397,12.3731
3233,Doc2110OCR.png,Doc2110OCR,2,PT,80,Hymnologi og kirkemusikk,"Hennenhofer, Adolf",Prophet Elia...,1866,Hermanns,,"Hennenhofer, Adolf",Hermanns,,,
3234,Doc3554OCR.png,Doc3554OCR,1,NV,50,Zoologi,"(Sopp), Olav",Udviklingslærens nuværende standpunkt. Af Olav Johan-Olsen,,Fagerstrand pr. Høvik,,Olav Sopp,Fagerstrand pr. Høvik,Fagerstrand,,
3235,Doc0516OCR.png,Doc0516OCR,1,SV,60,Afrikanske språk,"Bleek, W(ilhel)m H(einrich) I(mmanuel)",The languages of Mosambique. Vocabularies of the dialects... drawn up from the ms. of Wm. Peters and from other materials.,1856,London,,"Bleek, Wilhelm Heinrich Immanuel",London,London,51.5074,-0.1278
3236,Doc2503OCR.png,Doc2503OCR,1,SV,20,Indogermanske språk [-> Indoeuropeiske språk],"Løkke, Jakob",Engelsk Læsebog for Mellemklasserne...,1878,Kbh,"2., gjennems. Udg.","Løkke, Jakob",Kbh,Copenhagen,55.6761,12.5683
3237,Doc3318OCR.png,Doc3318OCR,1,MV,135,Misjon og kirke i Sør-Afrika,"Sandström, Josef och Elisabeth",Vår nyodling,1916,Upps,3. Uppl.,"Sandström, Josef och Elisabeth",Upps,Uppsala,59.8586,17.6389
3238,Doc0370OCR.png,Doc0370OCR,1,NT,10,Tekstutgaver og oversettelser,Paul Passy,Bibelen. N.T. Lukas & Acta. Fransk. Evangile de Luce & Acts. Version populaire en transcription phonetique,,Paris u.å.,,Paul Passy,Paris u.å.,Paris,48.8566,2.3522
3239,Doc2211OCR.png,Doc2211OCR,1,NT,,,A. (Adolf) Kolmodin,Pauli første Thessalonikerbref. Ofvers. och förklaradt,1893,Sth.,,A. (Adolf) Kolmodin,Sth.,Stockholm,59.3293,18.0686
3240,Doc3278OCR.png,Doc3278OCR,1,Li,70,Tysk litteratur,Viktor Rydberg,Faust och Fauststudier,1897,Sth.,,Viktor Rydberg,Sth.,Stockholm,59.3293,18.0686
3241,Doc2704OCR.png,Doc2704OCR,1,ST,50,Apologetikk,Rasmus Nielsen,"Paa Kierkegaard ske ""Stadier"", et Livsbillede",1860,Kbh.,,Rasmus Nielsen,Kbh.,Copenhagen,55.6761,12.5683
3242,Doc1819OCR.png,Doc1819OCR,1,Et,20,Sosiologi,J. P. Mahaffy,Greek antiquities,1878,London,,J. P. Mahaffy,London,London,51.5074,-0.1278
3243,Doc1819OCR.png,Doc1819OCR,2,Et,20,Sosiologi,A. S. Wilkins,Roman antiquities,1877,London,,A. S. Wilkins,London,London,51.5074,-0.1278
3244,Doc4173OCR.png,Doc4173OCR,1,Li,50,Fransk litteratur,Émile Zola,Rome,1896,Paris,3 e mille,Émile Zola,Paris,Paris,48.8566,2.3522
3245,Doc2439OCR.png,Doc2439OCR,1,Bi,20,"Bibelkunnskap, hermeneutikk",Martin Luther,Fortaler til det Gamle og det Nye Testamentes Bøger. Overs. ... af J. Belsheim,1860,Chra.,,Martin Luther,Chra.,Oslo,59.9139,10.7522
3246,Doc3405OCR.png,Doc3405OCR,1,NV,70,Medisin og helse,Carl D. von Schroff,Lehrbuch der Pharmacologie,1868,Wien,3. verm. Aufl.,Carl D. von Schroff,Wien,Vienna,48.2082,16.3738
3247,Doc1046OCR.png,Doc1046OCR,1,Jød,40,Rabbinismen,"Deutch, Emanuel",Talmud. Efter den engelske Orig.,1868,Kbh.,4. Udg.,Emanuel Deutch,Kbh.,Copenhagen,55.6761,12.5683
3248,Doc2177OCR.png,Doc2177OCR,1,SV,20,Indogermanske språk [-> Indoeuropeiske språk],"Kluge, Friedrich",Etymologisches Wörterbuch der deutschen Sprache,1884,Strassb.,3. Abdr.,Friedrich Kluge,Strassb.,Strasbourg,48.5734,7.7521
3249,Doc2480OCR.png,Doc2480OCR,1,ST,30,Dogmatikk,"Lynge, Chr.",Frelse. Troslære for Lægfolk,1900,Kbh.,,Chr. Lynge,Kbh.,Copenhagen,55.6761,12.5683
3250,Doc1417OCR.png,Doc1417OCR,1,GT,20,"Ordbøker, konkordanser og grammatikker","Fürst, Julius",Hebräisches und Chaldäisches Handwörterbuch,1863,Lpz.,"2.verb.,verm.Aufl. B.1-2.",Julius Fürst,Lpz.,Leipzig,51.3397,12.3731
3251,Doc0520OCR.png,Doc0520OCR,1,Li,30,Greske klassikere,"Bloch, Niels Hofman Sevel","Navnkundige Grækers korte Biographier, tilligemed en Indledning",1800,Kbh.,,Niels Hofman Sevel Bloch,Kbh.,Copenhagen,55.6761,12.5683
3252,Doc0675OCR.png,Doc0675OCR,1,MV,138,Misjon og kirke på Madagaskar,"Bugge, F(rederik) W(ilhelm)",Ny epistily ho any ny Romana,1886,Antan.,2 ekspl.,Frederik Wilhelm Bugge,Antan.,Antananarivo,-18.8792,47.5079
3253,Doc0912OCR.png,Doc0912OCR,1,SV,20,Indogermanske språk [-> Indoeuropeiske språk],"Curtius, Georg",Erläuterungen zu meiner griechischen Schulgrammatik,1875,Prag,3. Aufl.,Georg Curtius,Prag,Prague,50.0755,14.4378
3254,Doc0990OCR.png,Doc0990OCR,1,MV,138,Misjon og kirke på Madagaskar,"Dahle, L.",Symbolika na fampianarana amin'izay inoana,1925,T.rive,Edisiona fahatelo,L. Dahle,T.rive,,,
3255,Doc1228OCR.png,Doc1228OCR,1,PT,92,Annen oppbyggelseslitteratur,Otto Rytz,Es steht geschrieben! Sammlung von Bibelworten zur Belehrung,1906,Bern,,Otto Rytz,Bern,Bern,46.948,7.4474
3256,Doc2201OCR.png,Doc2201OCR,1,Et,30,Norsk etnologi,Martin Kok,Store og gode Handlinger gjennem Hundrede Aar,1887,Kbh.,,Martin Kok,København,Copenhagen,55.6761,12.5683
3257,Doc2154OCR.png,Doc2154OCR,1,NV,10,Naturvitenskap – allment,Theodor Kjerulf,Nogle af Geologiens Tidmaalere,1874,Kbh.,,Theodor Kjerulf,København,Copenhagen,55.6761,12.5683
3258,Doc3648OCR.png,Doc3648OCR,1,GT,,,Johan Cordt Harmens Storjohann,Bibel og Bibelkritik hvilken av dem er uægte?,1902,Kra.,,Johan Cordt Harmens Storjohann,Kristiania,Oslo,59.9139,10.7522
3259,Doc2982OCR.png,Doc2982OCR,1,SV,20,Indogermanske språk [-> Indoeuropeiske språk],W. Pape,Deutsch-Griechisches Handwörterbuch,1872,Brschw.,3. Aufl. bearb. von M. Sengebusch,W. Pape,Braunschweig,Brunswick,52.2689,10.5268
3260,Doc3937OCR.png,Doc3937OCR,1,MV,138,Misjon og kirke på Madagaskar,A. Valen,Hevi-teny amy ny fotopianarana,1886,Antan.,,A. Valen,Antananarivo,Antananarivo,-18.8792,47.5079
3261,Doc2928OCR.png,Doc2928OCR,1,PT,,,Kristian Olsen,Bibelhistoriske og andre Gudelige Sange til Brug i Skolen og ved Konfirmations-Forberedelsen,1888,Kra.,,Kristian Olsen,Kristiania,Oslo,59.9139,10.7522
3262,Doc0446OCR.png,Doc0446OCR,1,NT,,,,Vor Herres og Frelsers Jesu Christi Nye Testament,1879,Chra.,,,Christiania,Oslo,59.9139,10.7522
3263,Doc3991OCR.png,Doc3991OCR,1,ST,50,Apologetikk,"Vold, Karl",De bibelske religioner og religionsforskningen eller Religionshistorisk metode i teologien.,1910,Kra.,,"Vold, Karl",Kra.,Oslo,59.9139,10.7522
3264,Doc3210OCR.png,Doc3210OCR,1,ST,,,"Reventlow, Carl Otto",Wörterbuch der Mnemotechnik nach eignem Systeme,1844,Stuttg.,,"Reventlow, Carl Otto",Stuttg.,Stuttgart,48.7758,9.1829
3265,Doc0422OCR.png,Doc0422OCR,1,NT,10,Tekstutgaver og oversettelser,J. Belsheim,Acta apostolorum ante Hieronymum latine translata ex codice latino-graeco Laudiano Oxaniensi denuo edidit,1893,Kra.,,"Belsheim, J.",Kra.,Oslo,59.9139,10.7522
3266,Doc3099OCR.png,Doc3099OCR,1,NT,59,Kommentar til Johannes Åpenbaring,"Plumtre, E. H.",A popular exposition of the epistles to the 7 churches of Asia. 4th Ed.,1891,London,4th Ed.,"Plumtre, E. H.",London,London,51.5074,-0.1278
3267,Doc2954OCR.png,Doc2954OCR,1,GT,66,Kommentar til Salmene,"Orr, James",Psalmerna och profeterna. Uppenbarelsens framåtskridande karaktär. Ofvers. af Henning Sjögren.,1911,Engelholm,,"Orr, James",Engelholm,Ängelholm,56.2428,12.8622
3268,Doc1964OCR.png,Doc1964OCR,1,Hi,10,Politisk historie og kulturhistorie,,India's case for freedom. Issued by the Indian nationalist committee (European centre).,1919,Kbh.,,,Kbh.,Copenhagen,55.6761,12.5683
3269,Doc1510OCR.png,Doc1510OCR,1,GT,30,Innledningsvitenskap,"Godwin, Thomas","Moses & Aaron, sev Civiles & ecclesiastici ritus antiquorum Hebraeorum ... adjectae sunt perpetuae notae ... a Joh. Henrico Reitzio.",1710,Brema,Ed. 5. auctior.,"Godwin, Thomas",Brema,Bremen,53.0793,8.8017
3270,Doc1150OCR.png,Doc1150OCR,1,Ti,40,Tidsskrift – blandet innhold,,Edda. Nordisk tidsskrift for litteraturforskning.,1914,Kra.,B.1-2.,,Kra.,Oslo,59.9139,10.7522
3271,Doc3815OCR.png,Doc3815OCR,1,ST,45,Sosialetikk,"Thiersch, H. W. J.",Kristendommen og Staten (af Henrik Thiersch),1886,Kbh.,,"Thiersch, H. W. J.",Kbh.,Copenhagen,55.6761,12.5683
3272,Doc2841OCR.png,Doc2841OCR,1,GT,70,Gammeltestamentlig bibelteologi og religionshistorie,"Noack, Ludwig",Die biblische Theologie. Forts. der messianischen Idee,1835,Hann.,,"Noack, Ludwig",Hann.,Hannover,52.3759,9.73201
3273,Doc2841OCR.png,Doc2841OCR,2,GT,70,Gammeltestamentlig bibelteologi og religionshistorie,"Herzfeld, L.",Minhat gibbaron,1861,Nordhausen,,"Herzfeld, L.",Nordhausen,Nordhausen,51.5025,10.7905
3274,Doc2841OCR.png,Doc2841OCR,3,GT,70,Gammeltestamentlig bibelteologi og religionshistorie,"Friedländer, Salomon",Predigten gehalten im Tempel der Genossenschaft für Reform im Judenthum zu Berlin,1847,Lpz.,,"Friedländer, Salomon",Lpz.,Leipzig,51.3397,12.3731
3275,Doc0298OCR.png,Doc0298OCR,1,GT,10,Tekstutgaver og oversettelser,,Bibelen. G.T. Profeter. Hebraisk. Prophetae posteriores,1911,London,,,London,London,51.5074,-0.1278
3276,Doc2396OCR.png,Doc2396OCR,1,NV,10,Naturvitenskap – allment,"Lochmann, F(erdinand)",Den nyere Naturanskuelse,1888,Chra.,,"Lochmann, Ferdinand",Chra.,Oslo,59.9139,10.7522
3277,Doc1690OCR.png,Doc1690OCR,1,MV,138,Misjon og kirke på Madagaskar,,Misjonslitt. Gassisk. Ny Hâre-Mahasoa,1871,Antan.,,,Antan.,Antananarivo,-18.8792,47.5079
3278,Doc3612OCR.png,Doc3612OCR,1,Et,10,Etnologi – allment,"Steenstrup, Johannes",Etnografien. En Oversigt,1902,Kbh.,,"Steenstrup, Johannes",Kbh.,Copenhagen,55.6761,12.5683
3279,Doc1377OCR.png,Doc1377OCR,1,ST,50,Apologetikk,,Fremtidens religion,1911,Kra.,,,Kra.,Oslo,59.9139,10.7522
3280,Doc2699OCR.png,Doc2699OCR,1,ST,10,Filosofi og idéhistorie,"Monrad, M(arcus J(acob)",Ethik. Grundrids til Brug ved Forelæsninger,1860,Chra.,2. gjennems. Opl.,"Monrad, Marcus Jacob",Chra.,Oslo,59.9139,10.7522
3281,Doc0892OCR.png,Doc0892OCR,1,SV,50,"Malayiske språk, gassisk språk","Crawfurd, John","A grammar and dictionary of the Malay language, with a preliminary dissertation. Vol.1-2.",1852,London,2 vol.,John Crawfurd,London,London,51.5074,-0.1278
3282,Doc3650OCR.png,Doc3650OCR,1,PT,92,Annen oppbyggelseslitteratur,"Storjohann, (Johan Cordt Harmens)",Fra det praktiske Liv. Fortællinger og Skildringer.,1892,Kra.,,Johan Cordt Harmens Storjohann,Kra.,Oslo,,
3283,Doc0541OCR.png,Doc0541OCR,1,Te,20,Teknikk – allment,,(Om) Bogtryk og korrekturlæsning. Udg. paa foranstaltning af den Grafisk-tekniske forening.,1888,Kra.,,,Kra.,Oslo,,
3284,Doc2599OCR.png,Doc2599OCR,1,MV,15,"Misjon - fortellinger, misjonsmotivering","Matthissen, Franz",Theodora. Ein Lebensbild aus der Mädchen-Anstalt in Kalikut (Indien).,1880,Basel,,Franz Matthissen,Basel,Basel,47.5596,7.5886
3285,Doc1002OCR.png,Doc1002OCR,1,KH,,,"Dalton, Hermann",Den russiske Kirke.,1891,Kbh.,,Hermann Dalton,Kbh.,Copenhagen,55.6761,12.5683
3286,Doc1775OCR.png,Doc1775OCR,1,GT,30,Innledningsvitenskap,"Hertwig, O.R.",Tabellen zur Einleitung in ... das Alte Testament. 2.Aufl. besorgt von P.Kleinert. Berlin 1869.,1869,Berlin,2.Aufl.,O.R. Hertwig,Berlin,Berlin,52.52,13.405
3287,Doc1775OCR.png,Doc1775OCR,2,GT,30,Innledningsvitenskap,"Hertwig, O.R.","Tabellen zur Einleitung ins Neue Testament. 4. ergänzte, umgeänderte Ausg. besorgt von Herrmann Weingarten. Berlin 1872.",1872,Berlin,"4. ergänzte, umgeänderte Ausg.",O.R. Hertwig,Berlin,Berlin,52.52,13.405
3288,Doc0083OCR.png,Doc0083OCR,1,SV,20,Indogermanske språk [-> Indoeuropeiske språk],"Angus, Joseph",Hand-book of the English tongue ...,,London,,Joseph Angus,London,London,51.5074,-0.1278
3289,Doc1021OCR.png,Doc1021OCR,1,Et,10,Etnologi – allment,"Deleutre, Ch.",Geschichte der Kunst insbesondere der Malerei ... Frei bearb. und ... vermehrt von G.Fester 2. Aufl.,,Lpz.,2. Aufl.,Ch. Deleutre,Lpz.,Leipzig,,
3290,Doc2037OCR.png,Doc2037OCR,1,SV,20,Indogermanske språk [-> Indoeuropeiske språk],"Johanssen, J(an)",Latinske stiløvelser ...,1879,Kra.,,"Johanssen, Jan",Kra.,Oslo,59.911491,10.757933
3291,Doc2802OCR.png,Doc2802OCR,1,Hi,10,Politisk historie og kulturhistorie,"Neergaard, N.",William Gladstone.,1886,Kbh.,,"Neergaard, N.",Kbh.,Copenhagen,55.676098,12.568337
3292,Doc0149OCR.png,Doc0149OCR,1,ST,,,"Balfour, Arthur J.",Troens grundvolde.,1895,Kra.,Efter 3. udg. overs. ved A. Aabel.,"Balfour, Arthur J.",Kra.,Oslo,59.911491,10.757933
3293,Doc2075OCR.png,Doc2075OCR,1,MV,138,Misjon og kirke på Madagaskar,"Jørgensen, S(imon) E(manuel)",Ny Homiletika na ny fampianarana ny amy ny tori-teny.,1888,Antan.,,"Jørgensen, Simon Emanuel",Antan.,Antananarivo,-18.87919,47.507905
3294,Doc1447OCR.png,Doc1447OCR,1,PT,80,Hymnologi og kirkemusikk,"Gebauer, Joh(an) Chr(istian)",Muzikens Katechismus frit bearb. efter J.C. Lobe.,1864,Kbh.,,"Gebauer, Johan Christian",Kbh.,Copenhagen,55.676098,12.568337
3295,Doc1619OCR.png,Doc1619OCR,1,KH,30,"Oldkirkens kirkehistorie, patristikk","Hagenbach, K. R.",Den evangeliske Protestantisme i dens historiske Udvikling ...,1861,Kbh.,2. Udg. ved L.C. Hansen.,"Hagenbach, K. R.",Kbh.,Copenhagen,55.676098,12.568337
3296,Doc0365OCR.png,Doc0365OCR,1,NT,10,Tekstutgaver og oversettelser,J.- F. Ostervald,"Evangile de notre seigneur Jesus-Christ selon Saint-Luc d'apres la version de J.- F. Ostervald, rev. ...",1900,Paris,,"Ostervald, J. F.",Paris,Paris,48.856613,2.352222
3297,Doc1904OCR.png,Doc1904OCR,1,Jød,40,Rabbinismen,"Hottinger, Joh. Henricus",Ktisis hexaëmeros: id est Historiae creationis examen theologico-philologicum,1609,Heidelb.,,"Hottinger, Johann Henricus",Heidelb.,Heidelberg,49.398752,8.672434
3298,Doc1904OCR.png,Doc1904OCR,2,Jød,40,Rabbinismen,"Buxtorf, Johannes, jun.",Tractatus de punctorum ... origine ...,1648,Basilea,,"Buxtorf, Johannes, junior",Basilea,Basel,47.559601,7.588576
3299,Doc0426OCR.png,Doc0426OCR,1,NT,10,Tekstutgaver og oversettelser,,Bibelen. N.T. Malayisk.,,,,,,,,
3300,Doc1047OCR.png,Doc1047OCR,1,KH,50,Reformasjonstidens historie,Franz Pfeiffer,Theologia Germanica,1854,London,,Franz Pfeiffer,London,London,51.5074,-0.1278
3301,Doc3852OCR.png,Doc3852OCR,1,MV,70,Nordisk misjon - selskap utenfor Norge,C.L. Toft,Marken derude,1921,København,,C.L. Toft,København,Copenhagen,55.6761,12.5683
3302,Doc3607OCR.png,Doc3607OCR,1,ST,10,Filosofi og idéhistorie,W. Stebbing,Analysis of Mr. Mill's system of logic,1869,London,New ed.,W. Stebbing,London,London,51.5074,-0.1278
3303,Doc3233OCR.png,Doc3233OCR,1,NT,,,Frederick W. Robertson,Expository lectures on St. Paul's epistles to the Corinthians,1874,London,N. ed.,Frederick W. Robertson,London,London,51.5074,-0.1278
3304,Doc0674OCR.png,Doc0674OCR,1,NT,,,Frederik Wilhelm Bugge,Apostlernes Gjerninger,1884,Chra.,,Frederik Wilhelm Bugge,Chra.,Oslo,59.9139,10.7522
3305,Doc0952OCR.png,Doc0952OCR,1,MV,90,Misjonærbiografier,Lars Dahle,Gabrielle Gustava Dahle (født Svendsen),,U.s.,,Lars Dahle,U.s.,United States,,
3306,Doc3623OCR.png,Doc3623OCR,1,NV,50,Zoologi,Leonhard Stejneger,Norsk-mastozoolohisk ekskursjonsfauna,1874,Kra.,,Leonhard Stejneger,Kra.,Oslo,59.9139,10.7522
3307,Doc3199OCR.png,Doc3199OCR,1,SV,30,Semittiske språk,"Renan, Ernest",Histoire générale et systeme comparé des langues sémitiques,1863,Paris,4: e éd. rev.,"Renan, Ernest",Paris,Paris,48.8566,2.3522
3308,Doc3624OCR.png,Doc3624OCR,1,NT,20,"Ordbøker, konkordanser og grammatikker","Stellhorn, F.W.",Kurzgefasstes Wörterbuch zum griecischen Neuen Testament,1886,Lpz.,,"Stellhorn, F.W.",Leipzig,Leipzig,51.3397,12.3731
3309,Doc3717OCR.png,Doc3717OCR,1,ST,10,Filosofi og idéhistorie,"Sverdrup, William",Logik,1836,Chra.,,"Sverdrup, William",Oslo,Oslo,59.9139,10.7522
3310,Doc2949OCR.png,Doc2949OCR,1,Li,20,Arabisk og orientalsk litteratur,,Der poetische Orient,1853,Lpz.,,,Leipzig,Leipzig,51.3397,12.3731
3311,Doc0742OCR.png,Doc0742OCR,1,Bi,10,Bibelske oppslagsverk,,The Cambridge companion to the Bible,1893,London,,,London,London,51.5074,-0.1278
3312,Doc0480OCR.png,Doc0480OCR,1,NT,10,Tekstutgaver og oversettelser,,Bibelen. N.T. Zuluisk. Itestamente Elisha,1864,Elondone (Lond.),,,London,London,51.5074,-0.1278
3313,Doc1212OCR.png,Doc1212OCR,1,ST,50,Apologetikk,,Er mennesket udødeligt?,,Kra.,,,Kristiania,Oslo,59.9139,10.7522
3314,Doc3813OCR.png,Doc3813OCR,1,GT,,,"Thiersch, Heinrich W.J.",Genesis det er: Den første Mose Bog i opbyggelige Betragtninger,1873,Kbh.,,"Thiersch, Heinrich W.J.",Copenhagen,Copenhagen,55.6761,12.5683
3315,Doc0294OCR.png,Doc0294OCR,1,GT,10,Tekstutgaver og oversettelser,Georgii Othonis,Bibelen. G.T. Genesis cap.1-4. Hebraisk,1702,Francof.,,Georgii Othonis,Francof.,Frankfurt,50.1109,8.6821
3316,Doc1045OCR.png,Doc1045OCR,1,Hi,10,Politisk historie og kulturhistorie,P. Deschamps,Le livre d'histoire des écoliers malgaches,1902,Paris,,P. Deschamps,Paris,Paris,48.8566,2.3522
3317,Doc1182OCR.png,Doc1182OCR,1,MV,120,Misjon og kirke i Asia,S.A. Ellerbek,Fra lægeskolen i Mukden,1928,Kbh.,,S.A. Ellerbek,Kbh.,Copenhagen,55.6761,12.5683
3318,Doc3131OCR.png,Doc3131OCR,1,Hi,10,Politisk historie og kulturhistorie,William H. Prescott,"History of the reign of Philip the Second, king of Spain. Vol. 1-3",1855,London,2 b.,William H. Prescott,London,London,51.5074,-0.1278
3319,Doc0627OCR.png,Doc0627OCR,1,KH,,,Christen Brun,Baptismens historie,1902,Bergen,,Christen Brun,Bergen,Bergen,60.3928,5.3239
3320,Doc3503OCR.png,Doc3503OCR,1,PT,92,Annen oppbyggelseslitteratur,Sigvald Skavlan,Vore Vanføre. Prædiken.,1897,Kra.,,Sigvald Skavlan,Kra.,Oslo,59.9139,10.7522
3321,Doc1917OCR.png,Doc1917OCR,1,Et,30,Norsk etnologi,Alexander von Humboldt,Breve til Varnhagen von Ense. Udvalg. Ved Cl. Funch.,1860,Kbh.,,Alexander von Humboldt,Kbh.,Copenhagen,55.6761,12.5683
3322,Doc0245OCR.png,Doc0245OCR,1,SV,50,"Malayiske språk, gassisk språk",Hugues Berthier,Manuel de langue malgache (dialecte marina) T.1-2,1922,Tanan.,2 t.,Hugues Berthier,Tanan.,Antananarivo,,
3323,Doc3406OCR.png,Doc3406OCR,1,ST,,,"Schubert, Gotthilf Heinrich",Altes und Neues aus dem Gebiet der inneren Seelenkunde,1817,Lpz.,,"Schubert, Gotthilf Heinrich",Lpz.,Leipzig,51.3397,12.3731
3324,Doc2872OCR.png,Doc2872OCR,1,MV,138,Misjon og kirke på Madagaskar,Det Norske Missionsselskab,Prospekter af Selskabets Missionsstationer paa Madagaskar,1915,Stvg.,Forarbeide,Det Norske Missionsselskab,Stvg.,Stavanger,58.9699756,5.7331073
3325,Doc1765OCR.png,Doc1765OCR,1,KH,120,Dogme- og teologihistorie,"Hergenröther, J.",Anti-Janus,1870,Freib. i.B.,,"Hergenröther, J.",Freib. i.B.,Freiburg im Breisgau,47.999008,7.842104
3326,Doc3631OCR.png,Doc3631OCR,1,GT,30,Innledningsvitenskap,"Stenersen, John",Den Mosaiske Gudstjeneste,1862,Chra.,,"Stenersen, John",Chra.,Oslo,59.9139,10.7522
3327,Doc2853OCR.png,Doc2853OCR,1,NV,19,,Amund Helland,Jordbunden i Norge,1893,Kra.,,Amund Helland,Kra.,Oslo,59.9139,10.7522
3328,Doc2853OCR.png,Doc2853OCR,2,NV,19,,Hans Reusch,Aarbog for 1894 og 95,1896,Kra.,,Hans Reusch,Kra.,Oslo,59.9139,10.7522
3329,Doc2853OCR.png,Doc2853OCR,3,NV,19,,Hans Reusch,Tekst til geologisk oversigtskart over Søndhordland og Ryfylke,1913,Kra.,,Hans Reusch,Kra.,Oslo,59.9139,10.7522
3330,Doc2853OCR.png,Doc2853OCR,4,NV,19,,Hans Reusch,Norges geologi,1910,Kra.,,Hans Reusch,Kra.,Oslo,59.9139,10.7522
3331,Doc0339OCR.png,Doc0339OCR,1,NT,,,,Bibelen. N.T. Arabisk,1891,London,,,London,London,51.5074,-0.1278
3332,Doc0347OCR.png,Doc0347OCR,1,NT,,,T. Skat Rørdam,Bibelen. N.T. Dansk. Det ny Testament oversat med Anmærkninger,1894,Kbh.,2.gjennems. Udg.,T. Skat Rørdam,Kbh.,Copenhagen,55.6761,12.5683
3333,Doc3147OCR.png,Doc3147OCR,1,NV,70,Medisin og helse,"Quatrefages, A. de",L'espece humaine,1883,Paris,7 e éd.,"Quatrefages, A. de",Paris,Paris,48.8566,2.3522
3334,Doc4064OCR.png,Doc4064OCR,1,GT,64,Kommentar til profetbøkene,"Wellhausen, Julius","Skizzen und Vorarbeiten. H. 5.: Die kleinen Propheten übersetzt, mit Noten.",1892,Berlin,,"Wellhausen, Julius",Berlin,Berlin,52.52,13.405
3335,Doc2639OCR.png,Doc2639OCR,1,PT,92,Annen oppbyggelseslitteratur,"Meyer, dr.phil., superintendent","Judas Iskarioth, en bibelsk Karaktertegning. Foredrag ... Overs. fra Tysk.",1876,Chra.,,"Meyer, dr.phil., superintendent",Chra.,Christiania (Oslo),59.9139,10.7522
3336,Doc3355OCR.png,Doc3355OCR,1,GT,20,"Ordbøker, konkordanser og grammatikker","Schick, August Hermann","Hebräisch-Deutsch und Deutsch-Hebräisches Übungsbuch ... Im Anschluss an Dr. Nägelsbach's hebräische Grammatik. T.1-2,1.",1862,Lpz.,,"Schick, August Hermann",Lpz.,Leipzig,51.3397,12.3731
3337,Doc3856OCR.png,Doc3856OCR,1,MV,15,"Misjon - fortellinger, misjonsmotivering",,Tolv Missionsprædikener. Udg. af Det danske Missionsselskab.,1912,Kbh.,,,Kbh.,Copenhagen,55.6761,12.5683
3338,Doc1285OCR.png,Doc1285OCR,1,NT,,,"Farrar, Frederic W.",The life and work of St. Paul,,London u.å.,,"Farrar, Frederic W.",London u.å.,London,51.5074,-0.1278
3339,Doc3880OCR.png,Doc3880OCR,1,Va,20,?,"Tschudi, Clara","Kvindevaegelsen, dens udvikling og nuværende standpunkt.",1885,Kra.,,"Tschudi, Clara",Kra.,Kristiania (Oslo),59.9139,10.7522
3340,Doc2471OCR.png,Doc2471OCR,1,Et,20,Sosiologi,"Lübker, Friedrich",Reallexicon des classichen Altherthums 3. verb. Aufl.,1867,Lpz.,,"Lübker, Friedrich",Lpz.,Leipzig,51.3397,12.3731
3341,Doc2762OCR.png,Doc2762OCR,1,SV,10,Språkvitenskap – allment,"Müller, Friedrich",Grundriss der Sprachwissenschaft. B.1-4.,1876,Wien,,"Müller, Friedrich",Wien,Vienna,48.2082,16.3738
3342,Doc3323OCR.png,Doc3323OCR,1,SV,20,Indogermanske språk [-> Indoeuropeiske språk],"Sardou, Antoine Léandre",Études et exercises sur les synonymes français. Livre de l'élève. 2e éd.rev.,1864,Parais,2e éd.rev.,"Sardou, Antoine Léandre",Parais,,48.8566,2.3522
3343,Doc2682OCR.png,Doc2682OCR,1,KH,,,"Moe, Olaf",Norges kirke,1919,Kra.,,"Moe, Olaf",Kra.,Oslo,59.9139,10.7522
3344,Doc3449OCR.png,Doc3449OCR,1,GT,,,"Seiler, Georg Friedrich",Die Weissagung und ihre Erfüllung aus der heiligen Schrift dargestellt.,1794,Erlangen,,"Seiler, Georg Friedrich",Erlangen,Erlangen,49.5909,11.1978
3345,Doc2270OCR.png,Doc2270OCR,1,ST,10,Filosofi og idéhistorie,"Külpe, Oswald",Einleitung in die Philosophie. 7. verb. Aufl.,1915,Lpz.,7. verb. Aufl.,"Külpe, Oswald",Lpz.,Leipzig,51.3397,12.3731
3346,Doc1857OCR.png,Doc1857OCR,1,KH,,,"Holmquist, Hjalmar",Martin Luther. Norsk utg. ved Sigmund Mowinckel.,,Kra.,,"Holmquist, Hjalmar",Kra.,Oslo,59.9139,10.7522
3347,Doc3045OCR.png,Doc3045OCR,1,SV,20,Indogermanske språk [-> Indoeuropeiske språk],"Petersen, Siegwart",Smaabøger for Skolen og Hjemmet.,1877,Kra.,"Nr. 1.,2.,4.","Petersen, Siegwart",Kra.,Oslo,59.9139,10.7522
3348,Doc4161OCR.png,Doc4161OCR,1,SV,30,Semittiske språk,"Zamahsar, Abu'l-Kasim Mahmud bin Omar",Al-Mufassal opus de re grammatica arabicum. Ad fidem codicum mss. ed. J.P.Broch.,1859,Chra.,,"Zamahsar, Abu'l-Kasim Mahmud bin Omar",Chra.,Oslo,59.9139,10.7522
3349,Doc2570OCR.png,Doc2570OCR,1,SV,50,"Malayiske språk, gassisk språk","Marin, Marre de",Grammaire malgache,1876,Paris,,"Marin, Marre de",Paris,Paris,48.8566,2.3522
3350,Doc2570OCR.png,Doc2570OCR,2,SV,50,"Malayiske språk, gassisk språk","Tuuk, H.N. van der",Oulines of a grammar of the Malagasy language.,,U.s.u.å.,,"Tuuk, H.N. van der",U.s.u.å.,Unknown,,
3351,Doc1718OCR.png,Doc1718OCR,1,PT,80,Hymnologi og kirkemusikk,"Hauge, A(ndreas)",Psalmebog til Kirke- og Huus-Andagt Et. Udkast.,1863,Skien,,"Hauge, Andreas",Skien,Skien,59.2107,9.6083
3352,Doc0625OCR.png,Doc0625OCR,1,NT,,,"Bruder, Carl Hermann","Concordantiae omnium vocum Novi Testamenti Graeci primum ab Erasmo Schnidio editae ... Ed.ster.3. auct.,emend.",1867,Lips.,,"Bruder, Carl Hermann",Leipzig,Leipzig,51.3397,12.3731
3353,Doc0089OCR.png,Doc0089OCR,1,MV,138,Misjon og kirke på Madagaskar,,The Antananarivo Annual and Madagascan Magazin.,,,,,,,,
3354,Doc0050OCR.png,Doc0050OCR,1,PT,80,Hymnologi og kirkemusikk,"Allon, Henry",The congregational Psalmist. Ed. by Allon & H.J.Gauntlett.,,,,"Allon, Henry",,,,
3355,Doc0473OCR.png,Doc0473OCR,1,NT,10,Tekstutgaver og oversettelser,,Bibelen. N. T. Tysk. Das Neue Testament übers. von Carl Weizsäcker. 9.Aufl.,1901,Tüb.,,,Tübingen,Tübingen,48.5216,9.0576
3356,Doc0033OCR.png,Doc0033OCR,1,Li,10,Litteraturhistorie - allment,"Ahnfelt, Arvid",Verdsliteraturens Historia. B.1.-2.,1876,Sth.,2 b.,"Ahnfelt, Arvid",Stockholm,Stockholm,59.3293,18.0686
3357,Doc1915OCR.png,Doc1915OCR,1,NV,10,Naturvitenskap – allment,"Humboldt, Alexander","Ansichten der Natur, ... 2. verb. Aufl.",1826,Stuttg.,,"Humboldt, Alexander",Stuttgart,Stuttgart,48.7758,9.1829
3358,Doc3324OCR.png,Doc3324OCR,1,Et,20,Sosiologi,"Sars, J(ohan) E(rnst)","Om Forholdet mellem Religion, Familie og Stat hos de germanske Folk.",1872,Chra.,,"Sars, Johan Ernst",Christiania (Oslo),Oslo,59.9139,10.7522
3359,Doc1716OCR.png,Doc1716OCR,1,ST,35,Systematisk teologi – monografier,"Haug, Ludwig",Darstellung und Beurteilung der Theologie Ritschls.,1895,Stuttg.,3. Aufl.,"Haug, Ludwig",Stuttg.,Stuttgart,48.7758,9.1829
3360,Doc1541OCR.png,Doc1541OCR,1,SV,20,Indogermanske språk [-> Indoeuropeiske språk],"Grøterud, N(ils)",Græsk læsebog for begyndere.,1888,Kra.,,"Grøterud, Nils",Kra.,Oslo,59.9139,10.7522
3361,Doc2432OCR.png,Doc2432OCR,1,ST,,,"Luthardt, Chr(istoph) Ernst",Luthers Ethik i dens Grundtræk. Overs. fra det Tydske af Georg Harbitz.,1868,Tønsb.,,"Luthardt, Christoph Ernst",Tønsb.,Tønsberg,59.2673,10.4074
3362,Doc0030OCR.png,Doc0030OCR,1,Va,20,?,,Aux membres des académies des nations alliées et des Etats-Unis d'Amérique.,,U.s.u.å. Groningen,Utg.,,U.s.u.å. Groningen,Groningen,53.2194,6.5665
3363,Doc1424OCR.png,Doc1424OCR,1,Va,20,?,"Færden, M(ichael) J(ohan)",Kvindespørgsmaalet.,1885,Kra.,,"Færden, Michael Johan",Kra.,Oslo,59.9139,10.7522
3364,Doc1943OCR.png,Doc1943OCR,1,Ps,,,"Høffding, Harald",Psykologi i Omrids paa Grundlag af Erfaring.,1885,Kbh.,2. ændrede Udg.,"Høffding, Harald",Kbh.,Copenhagen,55.6761,12.5683
3365,Doc1892OCR.png,Doc1892OCR,1,PT,90,Prekener og andaktsbøker,"Horn, E(rik) F(rederik) B(arth)",Prædikener over Kirkeaarets Høimessetekster,1890,Kra.,2. Opl.,"Horn, Erik Frederik Barth",Kra.,Oslo,59.9139,10.7522
3366,Doc2361OCR.png,Doc2361OCR,1,Bi,20,"Bibelkunnskap, hermeneutikk","Leusden, Johannes","Compendium Biblicum, continens Veteris testamenti",1685,Lugd.Bat.,Ed. 3.,"Leusden, Johannes",Lugd.Bat.,Leiden,52.1601,4.497
3367,Doc2361OCR.png,Doc2361OCR,2,Bi,20,"Bibelkunnskap, hermeneutikk","Leusden, Johannes",Compendium Græcum Novi testamenti,1688,Lugd.Bat.,Ed. 4. emend.,"Leusden, Johannes",Lugd.Bat.,Leiden,52.1601,4.497
3368,Doc0201OCR.png,Doc0201OCR,1,ST,,,"Beck, J(ohann) T(obias)",Die Christliche Lehr-Wissenschaft nach den biblischen Urkunden. T. 1. Die Logik der christlichen Lehre.,1841,Stuttg.,,"Beck, Johann Tobias",Stuttg.,Stuttgart,48.7758,9.1829
3369,Doc3833OCR.png,Doc3833OCR,1,ST,50,Apologetikk,"Thomson, W.D.",The Christian miracles and the conclusions of science.,,Edinb.,,"Thomson, W.D.",Edinb.,Edinburgh,55.9533,-3.1883
3370,Doc1903OCR.png,Doc1903OCR,1,MV,10,Misjonsteori – allment,"Horsburgh, J. Heywood",Sig ikke ! eller Kirkens Undskyldninger for dens Forsømmelse mod Hedningerne. Autor.Overs. 3. Opl.,1892,Kbh.,3. Opl.,"Horsburgh, J. Heywood",Kbh.,Copenhagen,55.6761,12.5683
3371,Doc3054OCR.png,Doc3054OCR,1,Bi,20,"Bibelkunnskap, hermeneutikk","Pfeiffer, August",Opera omnia ... philologica,1704,Ultrajectum,,"Pfeiffer, August",Ultrajectum,Utrecht,52.0907,5.1214
3372,Doc4044OCR.png,Doc4044OCR,1,KH,,,"Weber, Aug(uste)",Un Centenaire. L'Eglise évangélique lutheriénne de Paris. 1808 a 1908.,1908,Paris,,"Weber, Auguste",Paris,Paris,48.8566,2.3522
3373,Doc1378OCR.png,Doc1378OCR,1,SV,20,Indogermanske språk [-> Indoeuropeiske språk],"Freund, (Wilhelm)",Schüler-Bibliothek. Präparation(en) zu Lateinischen Klassikern.,,Lpz.,,"Freund, Wilhelm",Lpz.,Leipzig,51.3397,12.3731
3374,Doc0743OCR.png,Doc0743OCR,1,ST,,,"Campbell, George",The philosophy of rhetoric. 11th ed.,1841,London,11th ed.,"Campbell, George",London,London,51.5074,-0.1278
3375,Doc1449OCR.png,Doc1449OCR,1,Ge,10,"Reiseskildringer, atlas","Geelmuyden, I(var)",Lærebog i Geografien til Skolebrug.,1860,Chra.,"3., fork. Udg.","Geelmuyden, Ivar",Chra.,Oslo,59.9139,10.7522
3376,Doc1663OCR.png,Doc1663OCR,1,KH,,,"Hammerich, Fr(ederik)",Den kristne Kirkes Historie.,1872,Kbh.,2. gennems. Udg. B. 1-3. 3 b.,"Hammerich, Frederik",Kbh.,Copenhagen,55.6761,12.5683
3377,Doc0203OCR.png,Doc0203OCR,1,Va,20,?,"Beck, Thr.",La morale à l'école... par Th. Beck (et) F. Braenning.,1895,Paris,,"Beck, Thr.",Paris,Paris,48.8566,2.3522
3378,Doc2655OCR.png,Doc2655OCR,1,Va,20,?,"Mill, John Stuart",The subjection of women.,1906,London,"New ed. Ed., with introductory analysis by Stanton Coit.","Mill, John Stuart",London,London,51.5074,-0.1278
3379,Doc3749OCR.png,Doc3749OCR,1,Li,40,Latinske klassikere,"Tacitus, (Publius Cornelius)",Julius Agricolas Levnet.,1871,Kbh.,Overs. og forklaret af Oluf Worm ... udg. af R. Møller og N. V. Dorph. 2. Opl.,"Tacitus, (Publius Cornelius)",Kbh.,Copenhagen,55.6761,12.5683
3380,Doc3749OCR.png,Doc3749OCR,2,Li,40,Latinske klassikere,Xenophon,Om Huusholdningskunsten ... overs. af J. S. B. Suhr.,1838,Kbh.,I sm. b.:,Xenophon,Kbh.,Copenhagen,55.6761,12.5683
3381,Doc0170OCR.png,Doc0170OCR,1,MV,170,Israelsmisjon,"Baron, David",Det jødiske spørgsmaal og dets løsning.,,Chra.,Autor. norsk udg. ved Jessie Leake.,"Baron, David",Chra.,Oslo,59.9139,10.7522
3382,Doc1043OCR.png,Doc1043OCR,1,ST,50,Apologetikk,"Dennert, E.","Die Religion der Naturforscher. Auch eine Antwort auf Haeckels ""Welträtsel""",1901,Berl.,5. verm. verb. Aufl.,"Dennert, E.",Berl.,Berlin,52.52,13.405
3383,Doc2920OCR.png,Doc2920OCR,1,NV,70,Medisin og helse,"Olpp, G.",Schwarzwasserfieber.,1913,Gütersl.,Beih. 2. zu Die ärztliche Mission.,"Olpp, G.",Gütersl.,Gütersloh,51.9063,8.3787
3384,Doc2772OCR.png,Doc2772OCR,1,ST,50,Apologetikk,"Münster, G.",Den skønneste Enighed. En Overvejelse til Hjælp mod Tidens Vantro.,1905,Kbh.,Forsynstroen.,"Münster, G.",Kbh.,Copenhagen,55.6761,12.5683
3385,Doc1715OCR.png,Doc1715OCR,1,Va,20,?,"Haug, A.",Kortfattet samfundslære.,,Kra.,u.å.,"Haug, A.",Kra.,Oslo,59.9139,10.7522
3386,Doc3500OCR.png,Doc3500OCR,1,KH,80,Norges kirkehistorie,"Skagestad, G(abriel)",Den norske lægmandsbevægelse. En kort oversigt.,1913,Kra.,,"Skagestad, Gabriel",Kra.,Oslo,59.9139,10.7522
3387,Doc0880OCR.png,Doc0880OCR,1,KH,170,Moderne religiøse samfunn og retninger,"Cornell, M.E.",Spiritismen.,,Kra.,u.å.,"Cornell, M.E.",Kra.,Oslo,59.9139,10.7522
3388,Doc1081OCR.png,Doc1081OCR,1,NT,,,"Doedes, J.J.","Manual of hermeneutics for The New Testament. Transl. from the Dutch by G.W. Stegmann, jun.",1867,Edinb.,,"Doedes, J.J.",Edinb.,Edinburgh,55.9533,-3.1883
3389,Doc3311OCR.png,Doc3311OCR,1,ST,,,"Salmond, Steward D.F.",The Christian doctrine of immortality,1895,Edinb.,,"Salmond, Steward D.F.",Edinb.,Edinburgh,55.9533,-3.1883
3390,Doc2578OCR.png,Doc2578OCR,1,KH,50,Reformasjonstidens historie,"Martensen, H(ans)",Jacob Böhme: Theosophiske Studier.,1881,Kbh.,,"Martensen, Hans",Kbh.,Copenhagen,55.6761,12.5683
3391,Doc0424OCR.png,Doc0424OCR,1,NT,10,Tekstutgaver og oversettelser,Bibelen. N.T.,Fragmenta Novi Testamenti in translatione Latina antehieronymiana ex libro qui vocatur Speculum eruit ... J.Belsheim.,1899,Kra.,,Bibelen. N.T.,Kra.,Oslo,59.9139,10.7522
3392,Doc1025OCR.png,Doc1025OCR,1,NT,,,"Delitzsch, Franz",Haandværker-Liv paa Christi Tid.,1880,Kra.,,"Delitzsch, Franz",Kra.,Oslo,59.9139,10.7522
3393,Doc1208OCR.png,Doc1208OCR,1,Li,30,Greske klassikere,Epiktetos,Manuel (par) Épictete.,1892,Paris,Nouv. éd.,Epictetus,Paris,Paris,48.8566,2.3522
3394,Doc0522OCR.png,Doc0522OCR,1,KH,,,"Blom, Hans",Meddelelser om den russiske Kirke.,1874,Kbh.,,"Blom, Hans",Copenhagen,Copenhagen,55.6761,12.5683
3395,Doc2024OCR.png,Doc2024OCR,1,PT,94,Lærebøker i kristendomskunnskap,"Jensen, Otto",Forklaring over Dr. M. Luthers lille katekismus.,1892,Kra.,,"Jensen, Otto",Kristiania,Oslo,59.9139,10.7522
3396,Doc1187OCR.png,Doc1187OCR,1,ST,,,"Emerson, Ralph Waldo",Essays 2. Repräsentanten der Menschheit.,,Halle a.S.,,"Emerson, Ralph Waldo",Halle an der Saale,Halle (Saale),51.4811,11.9745
3397,Doc1682OCR.png,Doc1682OCR,1,RV,90,Kinesiske religioner/filosofi,"Hansen, Oscar",Fra Aandslivet i det klassiske Kina.,1894,Kbh.,,"Hansen, Oscar",Copenhagen,Copenhagen,55.6761,12.5683
3398,Doc2345OCR.png,Doc2345OCR,1,ST,10,Filosofi og idéhistorie,"Leibniz, Gottfried Wilhelm von",Philosophische Werke nach Raspens Sammlung.,1780,Halle,B.1--2.,"Leibniz, Gottfried Wilhelm von",Halle,Halle (Saale),51.4811,11.9745
3399,Doc2869OCR.png,Doc2869OCR,1,MV,138,Misjon og kirke på Madagaskar,Det Norske Misjonsselskap. Madagaskar.,"Samling af gjældende Love for den norske Mission, dens Utsendinger og Arbeide på Madagaskar.",1915,Tanan.,,Det Norske Misjonsselskap. Madagaskar.,Antananarivo,Antananarivo,-18.8792,47.5079
3400,Doc0861OCR.png,Doc0861OCR,1,NV,70,Medisin og helse,"Cohnstein, J.",Grundriss der Gynäkologie.,1876,Stuttg.,,"Cohnstein, J.",Stuttgart,Stuttgart,48.7758,9.1829
3401,Doc1371OCR.png,Doc1371OCR,1,Et,10,Etnologi – allment,"Franzos, Karl Emil",Jøder og Slaver. Nye Kulturbilleder fra Halvasien.,1889,Kbh.,,Karl Emil Franzos,Kbh.,Copenhagen,55.6761,12.5683
3402,Doc1371OCR.png,Doc1371OCR,2,Et,10,Etnologi – allment,"Smile, Samuel","Selvhjælp. Efter ""Self-help"" i Uddrag overs. af John Hazeland.",1877,Kra.,,Samuel Smile,Kra.,Oslo,,
3403,Doc1589OCR.png,Doc1589OCR,1,ST,,,"Grotius, Hugo",The truth of the Christian religion. Corr. and ill. with notes by (John) le Clerc.,1818,Orf.,15th ed.,Hugo Grotius,Orf.,Oxford,51.752,-1.2577
3404,Doc1967OCR.png,Doc1967OCR,1,PT,92,Annen oppbyggelseslitteratur,"Ingraham, J.H.","Herren af Davids Stamme, eller Tre Aar i den hellige Stad ...",1875,Arendal,,Joseph Holt Ingraham,Arendal,Arendal,58.4617,8.7724
3405,Doc1196OCR.png,Doc1196OCR,1,Hi,10,Politisk historie og kulturhistorie,,Britisk Hvidbog ... vedrørende den evropæiske Krise ...,1914,Kbh. Kra.,,,Kbh. Kra.,Copenhagen,55.6761,12.5683
3406,Doc2521OCR.png,Doc2521OCR,1,Hi,10,Politisk historie og kulturhistorie,"Macaulay, (Thomas Babington)",Critical and historical essays ...New. ed.,1874,London,New ed.,Thomas Babington Macaulay,London,London,51.5074,-0.1278
3407,Doc1436OCR.png,Doc1436OCR,1,ST,,,"Garborg, (Arne)",Den religiøse erkjendelses princip. Referat af (hans) foredrag. .. 12./3.1881.,1881,(Kra.),,Arne Garborg,Kra.,Oslo,59.9139,10.7522
3408,Doc0408OCR.png,Doc0408OCR,1,NT,10,Tekstutgaver og oversettelser,,Bibelen. N.T. Markus. Japansk. The gospel of Mark.,1890,U.s.,,,U.s.,United States,37.0902,-95.7129
3409,Doc0859OCR.png,Doc0859OCR,1,NT,59,Kommentar til Johannes Åpenbaring,"Clöter, Christoph","Løsning af Antikristens Tal 666 i Johs. Aabenbaring 13 Kap., tilligemed Forklaring af den hele Bog.",1896,Moss,7. Udg.,Christoph Clöter,Moss,Moss,59.434,10.6578
3410,Doc3898OCR.png,Doc3898OCR,1,NV,70,Medisin og helse,"Uchermann, V.",Lægebog for Sømænd.,1886,Kra.,,"Uchermann, V.",Kra.,Oslo,59.9139,10.7522
3411,Doc3836OCR.png,Doc3836OCR,1,Va,20,?,"Thorbjørnsen, J.A.",Juridisk haandbog for folket,,Bergen,,"Thorbjørnsen, J.A.",Bergen,Bergen,60.3913,5.3221
3412,Doc1271OCR.png,Doc1271OCR,1,Li,80,Norrøn og nordisk litteratur,"Falk, Hjalmar",Solarljod,1914,Kra.,,"Falk, Hjalmar",Kra.,Oslo,59.9139,10.7522
3413,Doc2517OCR.png,Doc2517OCR,1,PT,90,Prekener og andaktsbøker,"Laache, N(ils) J(akob)",Husandagts-Bog,1893,Kra.,4. Opl.,"Laache, Nils Jakob",Kra.,Oslo,59.9139,10.7522
3414,Doc2517OCR.png,Doc2517OCR,2,PT,90,Prekener og andaktsbøker,"Laache, N(ils) J(akob)",Husandagts-Bog,1899,Kra.,5. Opl.,"Laache, Nils Jakob",Kra.,Oslo,59.9139,10.7522
3415,Doc1842OCR.png,Doc1842OCR,1,PT,92,Annen oppbyggelseslitteratur,"Hognestad, Peter",Ævelegt liv,1907,Kra.,,"Hognestad, Peter",Kra.,Oslo,59.9139,10.7522
3416,Doc0168OCR.png,Doc0168OCR,1,GT,70,Gammeltestamentlig bibelteologi og religionshistorie,"Baring, Gould, S.",Legends of Old Testament characters from the Talmud and other sources. Vol.1-2,1871,London,2 vol.,"Baring, Gould, S.",London,London,51.5074,-0.1278
3417,Doc0549OCR.png,Doc0549OCR,1,PT,92,Annen oppbyggelseslitteratur,"Bonar, Horatius","The night of weeping; or, Words for the suffering family of God",1847,London,18th thous.,"Bonar, Horatius",London,London,51.5074,-0.1278
3418,Doc3065OCR.png,Doc3065OCR,1,Li,40,Latinske klassikere,Phaedrus Augusii libertus,Fabulae Aesopiae. Libros 5 ... ed. Jacobus Baden,1777,Hafnia,,Phaedrus Augusti libertus,Hafnia,Copenhagen,55.6761,12.5683
3419,Doc2089OCR.png,Doc2089OCR,1,KH,,,"Kahnis, Karl Friedrich August",Protestantismens indre Gang,1894,Kra.,3. Udg.,"Kahnis, Karl Friedrich August",Kra.,Oslo,59.9139,10.7522
3420,Doc0731OCR.png,Doc0731OCR,1,Li,40,Latinske klassikere,"Caesar, Gaius Julius",De bello Gallico commentarii. Libri 7.,1857,Kra.,Til Skolebrug udg. af J. Elster Bødtker.,"Caesar, Gaius Julius",Kra.,Oslo,59.9139,10.7522
3421,Doc0566OCR.png,Doc0566OCR,1,MV,138,Misjon og kirke på Madagaskar,"Borchgrevink, Chr(istian)",Physologia,1898,Antan.,,"Borchgrevink, Christian",Antan.,Antananarivo,,
3422,Doc1500OCR.png,Doc1500OCR,1,Bi,20,"Bibelkunnskap, hermeneutikk","Glassius, Salomon",Philologia sacra,1743,Lps.,Ed. novissima,"Glassius, Salomon",Lps.,Leipzig,51.3397,12.3731
3423,Doc3803OCR.png,Doc3803OCR,1,SV,20,Indogermanske språk [-> Indoeuropeiske språk],"Thaning, Kirstine",Engelske Billed-Gloser med Textøvelser,1892,Kbh.,,"Thaning, Kirstine",Kbh.,Copenhagen,55.6761,12.5683
3424,Doc2495OCR.png,Doc2495OCR,1,MV,70,Nordisk misjon - selskap utenfor Norge,"Løgstrup, T(heodor)",Nordens Missonærer 1893,1893,Kbh.,,"Løgstrup, Theodor",Kbh.,Copenhagen,55.6761,12.5683
3425,Doc0634OCR.png,Doc0634OCR,1,KH,,,"Brun, J(ohan) N(ordal)",Den norske Sømandsmissions Historie,1879,Kra.,,"Brun, Johan Nordal",Kra.,Oslo,59.9139,10.7522
3426,Doc0457OCR.png,Doc0457OCR,1,NT,10,Tekstutgaver og oversettelser,Bibelen. N.T. Gal. Norsk.,Brevet til Galaterne,1916,Kra.,,Bibelen. N.T. Gal. Norsk.,Kra.,Oslo,59.9139,10.7522
3427,Doc4097OCR.png,Doc4097OCR,1,NT,,,"Wichelhaus, Jo(h)annes",De Novi Testamenti versione Syriaca antiqua quam Peschito vocant.,1850,Hale,,"Wichelhaus, Johannes",Halle,Halle,51.4828,11.9693
3428,Doc2739OCR.png,Doc2739OCR,1,NT,,,"Munch, Edv(ard)",Herrens Fristelse. Efter de 3 første Evangelister.,1894,Kra.,,"Munch, Edvard",Kristiania,Oslo,59.9139,10.7522
3429,Doc0587OCR.png,Doc0587OCR,1,GT,40,Israels historie,"Brandes, Heinr(ich)",Die Königsreihen von Juda und Israel nach den biblischen Berichten und den Keilinschriften.,,Lpz. u.å.,,"Brandes, Heinrich",Leipzig,Leipzig,51.3397,12.3731
3430,Doc2049OCR.png,Doc2049OCR,1,MV,158,,"Johnson, Johannes",Fanoroan-kevitra ho an'ny mpampianatra Katekomena.,1902,Tanan.,,"Johnson, Johannes",Antananarivo,Antananarivo,-18.8792,47.5079
3431,Doc2032OCR.png,Doc2032OCR,1,NT,,,,Jesus Kristus for vor Tid. Foredrag af Prof. D.Haussleiter m.fl. Overs. af Ingv. Myhre og N.Segelcke.,1907,Kra.,,,Kristiania,Oslo,59.9139,10.7522
3432,Doc3858OCR.png,Doc3858OCR,1,SV,20,Indogermanske språk [-> Indoeuropeiske språk],"Torp, Alf",Den græske Nominalflexion sammenlignende fremstillet ...,1890,Chra.,,"Torp, Alf",Christiania,Oslo,59.9139,10.7522
3433,Doc4122OCR.png,Doc4122OCR,1,SV,30,Semittiske språk,"Winer, Georg Benedict",Grammatik des biblischen und targumischen Chaldaismus ...,1842,Lpz.,2. verb. Aufl.,"Winer, Georg Benedict",Leipzig,Leipzig,51.3397,12.3731
3434,Doc0622OCR.png,Doc0622OCR,1,Li,60,Engelsk litteratur,"Brook, Stopford",English literature. (Literature primer.),1876,London,,"Brook, Stopford",London,London,51.5074,-0.1278
3435,Doc1938OCR.png,Doc1938OCR,1,ST,10,Filosofi og idéhistorie,"Høffding, Harald",Etik,1897,Kbh.,2. ændrede Udg.,"Høffding, Harald",Kbh.,Copenhagen,55.6761,12.5683
3436,Doc4195OCR.png,Doc4195OCR,1,SV,20,Indogermanske språk [-> Indoeuropeiske språk],"Aalholm, N(i(e)ls) M(atthias)",Tydsk Læsebog for Begyndere,1863,Chra.,3. Udg.,"Aalholm, Niels Matthias",Chra.,Oslo,59.9139,10.7522
3437,Doc1662OCR.png,Doc1662OCR,1,KH,,,"Hammerich, Fr(ederik)",Kirkehistoriske Foredrag til Belysning af vore Kirkespørgsmaal,1856,Kbh.,,"Hammerich, Frederik",Kbh.,Copenhagen,55.6761,12.5683
3438,Doc2457OCR.png,Doc2457OCR,1,PT,92,Annen oppbyggelseslitteratur,Forts,I prøvelsernes tid ... under verdenkrigen 1914-15,1915,,,Forts,,,,
3439,Doc2457OCR.png,Doc2457OCR,2,PT,92,Annen oppbyggelseslitteratur,F.W. Bugge,Den hellige nadver,1915,,,F.W. Bugge,,,,
3440,Doc2457OCR.png,Doc2457OCR,3,PT,92,Annen oppbyggelseslitteratur,Fredrik Klaveness,Fredssaken set fra kristelig synspunkt,1915,,,Fredrik Klaveness,,,,
3441,Doc2457OCR.png,Doc2457OCR,4,PT,92,Annen oppbyggelseslitteratur,Einar Johs. Nilssen,Guds barn. Guds kirke. Guds folk,1915,,,Einar Johs. Nilssen,,,,
3442,Doc2255OCR.png,Doc2255OCR,1,SV,20,Indogermanske språk [-> Indoeuropeiske språk],"Kuhff, Ph.",Langue allemande. Spruch und Sprache. Contes et poésies.,1876,Paris,,"Kuhff, Ph.",Paris,Paris,48.8566,2.3522
3443,Doc1238OCR.png,Doc1238OCR,1,KH,30,"Oldkirkens kirkehistorie, patristikk","Étienne, L.",Nouveau choix de discours des peres grecs,1880,Paris,Nouvelle édition,"Étienne, L.",Paris,Paris,48.8566,2.3522
3444,Doc2547OCR.png,Doc2547OCR,1,GT,70,Gammeltestamentlig bibelteologi og religionshistorie,"Madsen, P(eder)","Om den gammeltestamentlige Kritik. En forhandling mellem P.Madsen, J.H. Monrad og V.F. Hoff",1895,Kbh.,,"Madsen, Peder",Kbh.,Copenhagen,55.6761,12.5683
3445,Doc2029OCR.png,Doc2029OCR,1,PT,92,Annen oppbyggelseslitteratur,,Jerusalem on the Day of the Crucifixion. Panorama. Reprod. of the famous Cycloram of Munich,1890,U.s.,,,U.s.,United States,37.0902,-95.7129
3446,Doc3044OCR.png,Doc3044OCR,1,Hi,15,Norsk historie,"Petersen, Siegwart",Norges historie,1903,Kra.,15. udg. ved Gustav Storm,"Petersen, Siegwart",Kra.,Oslo,59.9139,10.7522
3447,Doc3344OCR.png,Doc3344OCR,1,KH,100,Andre europeiske lands kirkehistorie,"Scharling, Henrik",Den nyere hollandske Theologi,1865,Kbh.,,"Scharling, Henrik",Kbh.,Copenhagen,55.6761,12.5683
3448,Doc1165OCR.png,Doc1165OCR,1,Hi,10,Politisk historie og kulturhistorie,Einhart,"Keiser Karl den stores liv og levned, i overs. af P. Kierkegaard",1878,Kbh.,,Einhart,Kbh.,Copenhagen,55.6761,12.5683
3449,Doc0803OCR.png,Doc0803OCR,1,NV,40,Kjemi,"Christensen, Odin T(idemand)",Populær Kemi,1899,Kra.,,"Christensen, Odin Tidemand",Kra.,Oslo,59.9139,10.7522
3450,Doc0803OCR.png,Doc0803OCR,2,NV,40,Kjemi,"Heegaard, Poul",Populær Astronomi,1900,Kra.,,"Heegaard, Poul",Kra.,Oslo,59.9139,10.7522
3451,Doc2111OCR.png,Doc2111OCR,1,GT,60,Kommentarverk til hele GT,"Keil, Carl Friedr(ich)",Biblischer Commentar über das Alte Testament,1862,Lpz.,1.-4. Aufl.,"Keil, Carl Friedrich",Lpz.,Leipzig,51.3397,12.3731
3452,Doc0635OCR.png,Doc0635OCR,1,NT,60,?,"Brun, Lyder",Jesu Evangelium: En historisk fremstilling av Jesu forkyndelse,1917,Oslo,"1.,2. utg","Brun, Lyder",Oslo,Oslo,59.9139,10.7522
3453,Doc3404OCR.png,Doc3404OCR,1,SV,20,Indogermanske språk [-> Indoeuropeiske språk],"Schrevel, Cornelius",Lexicon manuale Græco-Latinum et Latino-Græcum,1823,Edinb.,Ed. 22. cur. et auctiorem fecit: Petrus Steele,"Schrevel, Cornelius",Edinb.,Edinburgh,55.9533,-3.1883
3454,Doc3989OCR.png,Doc3989OCR,1,NT,90,Nytestamentlig teologi. Urkirkens historie,"Volck, Wilhelm",Christi und der Apostel Stellung zum Alten Testament,1900,Lpz.,,"Volck, Wilhelm",Lpz.,Leipzig,51.3397,12.3731
3455,Doc3971OCR.png,Doc3971OCR,1,GT,64,Kommentar til profetbøkene,"Vitringa, Campegius (1659-1722)","Commentarius in librum prophetarum Jesaiae, ... Ed. Nova",1724,Leovardia (Leeuwarden),,"Vitringa, Campegius",Leovardia,Leeuwarden,53.2014,5.8086
3456,Doc0239OCR.png,Doc0239OCR,1,Ge,20,Enkelte lands geografi,,"Berlin und Umgebung ... 50., bearb. Aufl.",1906,Berlin,,,Berlin,Berlin,52.52,13.405
3457,Doc0921OCR.png,Doc0921OCR,1,Li,40,Latinske klassikere,"Dahl, Bastian",Tabellarisk oversigt over den latinske litteraturs historie.,1891,Kra.,,"Dahl, Bastian",Kra.,Oslo,59.9139,10.7522
3458,Doc1423OCR.png,Doc1423OCR,1,GT,70,Gammeltestamentlig bibelteologi og religionshistorie,"Færden, M.J.",Kampen om det Gamle Testament.,1903,Kra.,,"Færden, M.J.",Kra.,Oslo,59.9139,10.7522
3459,Doc3268OCR.png,Doc3268OCR,1,Le,40,Bibliografier,"Rowling, F.",Bibliography of African Christian literature. Compiled by F.Rowling and C.E.Wilson.,1923,London,,"Rowling, F.",London,London,51.5074,-0.1278
3460,Doc1156OCR.png,Doc1156OCR,1,MV,138,Misjon og kirke på Madagaskar,,Ny Egilizy ... Ny Misionary katolika.,1871,Antan.,,,Antan.,Antananarivo,-18.8792,47.5079
3461,Doc1665OCR.png,Doc1665OCR,1,Bi,50,Kommentarverk til hele Bibelen,,Handbuch der Bibelerklärung. Hg. vom Calwer Verlagsverein. B.1-2. 5. umgearb. Aufl.,1878,Calw,,,Calw,Calw,48.7095,8.7406
3462,Doc3415OCR.png,Doc3415OCR,1,NV,20,Astronomi,"Schurig, Richard",Himmels-Atlas enthaltend alle mit blossen Augen sichtbaren Sterne beider Hemisphaeren ...,1886,Lpz.,,"Schurig, Richard",Lpz.,Leipzig,51.3397,12.3731
3463,Doc2943OCR.png,Doc2943OCR,1,ST,,,"Ording, Johannes",Den kirkelige bekjendelse dens karakter og dens betydning for den kristelige troslære. En forelæsning for den theologiske doktorgrad.,1904,Chra.,,Johannes Ording,Chra.,Oslo,59.9139,10.7522
3464,Doc1082OCR.png,Doc1082OCR,1,SV,20,Indogermanske språk [-> Indoeuropeiske språk],"Donaldson, John William",A complete Greek grammar,1859,Cambr.,2nd ed. enl.,John William Donaldson,Cambr.,Cambridge,52.2053,0.1218
3465,Doc3359OCR.png,Doc3359OCR,1,NT,,,"Schjøtt, P.O.",Romerbrevet,1912,Kra,,P.O. Schjøtt,Kra,Oslo,59.9139,10.7522
3466,Doc1921OCR.png,Doc1921OCR,1,GT,20,"Ordbøker, konkordanser og grammatikker","Hurwitz, Hyman",A grammar of the Hebrew language,1835,London,2nd ed. rev. enlarged,Hyman Hurwitz,London,London,51.5074,-0.1278
3467,Doc1872OCR.png,Doc1872OCR,1,ST,,,"Homme, Thorleif",Om sakramenterne,1905,Kra.,,Thorleif Homme,Kra.,Oslo,59.9139,10.7522
3468,Doc2393OCR.png,Doc2393OCR,1,Li,40,Latinske klassikere,"Livius, Titus","Historiae: The first three Books of Livy literally transl. by a graduate of the University, T.C.D. New Ed. rev. by J.R. Mongan.",1862,Dublin,New Ed. rev.,Titus Livius,Dublin,Dublin,53.3498,-6.2603
3469,Doc0225OCR.png,Doc0225OCR,1,Ge,10,"Reiseskildringer, atlas","Benjovski, Morits August, greve av",Memoirs and travels of Mauritius Augustus count de Benyowsky Transl. from the orig. ms. Vol.1-2.,1790,London,,Morits August Benjovski,London,London,51.5074,-0.1278
3470,Doc2935OCR.png,Doc2935OCR,1,NT,90,Nytestamentlig teologi. Urkirkens historie,"Oosterzee, J.J. van",Das Bild Christi nach der Schrift. Ubers. und hg. von F. Meyeringh. Autor. Ausg.,1864,Hamb.,,J.J. van Oosterzee,Hamb.,Hamburg,53.5511,9.9937
3471,Doc3587OCR.png,Doc3587OCR,1,SV,40,Asiatiske språk,,"The standard system of Mandarin Romanization. Introduction, sound table and syllabary.",1909,Shangh.,,,Shangh.,Shanghai,31.2304,121.4737
3472,Doc3587OCR.png,Doc3587OCR,2,SV,40,Asiatiske språk,,"The standard system of Mandarin Romanization. Introduction, sound table and syllabary.",1914,Shangh.,,,Shangh.,Shanghai,31.2304,121.4737
3473,Doc3587OCR.png,Doc3587OCR,3,SV,40,Asiatiske språk,,Radical index.,1905,Shangh.,,,Shangh.,Shanghai,31.2304,121.4737
3474,Doc3917OCR.png,Doc3917OCR,1,Hi,15,Norsk historie,,Unionens Opløsning. En Dagbog. Særtryk. 3. Opl.,1905,Kra.,3. Opl.,,Kra.,Kristiania,59.9139,10.7522
3475,Doc0388OCR.png,Doc0388OCR,1,NT,10,Tekstutgaver og oversettelser,Ed. Hellenistica. (Ed. Edv. Gul. Grinfield.),Bibelen. N.T. Gresk. Novum testamentum Graecum.,1843,London,,Ed. Hellenistica. (Ed. Edv. Gul. Grinfield.),London,London,51.5074,-0.1278
3476,Doc3805OCR.png,Doc3805OCR,1,Li,30,Greske klassikere,Theokrit(os),Gedichte. Ubers. von Johann Heinrich Voss. In neuer Bearb. hg. von F. Mertens.,,Lpz.,,Theokrit(os),Lpz.,Leipzig,51.3397,12.3731
3477,Doc3805OCR.png,Doc3805OCR,2,Li,30,Greske klassikere,Lukian(os),Ausgewählte Schriften. Uebers. von C.M. Wieland ... neu hg. von Max Oberbeyer.,,Lpz.,,Lukian(os),Lpz.,Leipzig,51.3397,12.3731
3478,Doc2942OCR.png,Doc2942OCR,1,NT,,,"Ording, Johannes",Jesu døds frelsesværdi i de Johannæiske skrifter. – Nådemidlernes virken.,1904,Kra.,,"Ording, Johannes",Kra.,Kristiania,59.9139,10.7522
3479,Doc1294OCR.png,Doc1294OCR,1,Li,50,Fransk litteratur,"Fénelon, (Francois de Salignac de la Motte)",Aventures de Télémaque. With notes by C.J. Delille.,1854,London,,"Fénelon, (Francois de Salignac de la Motte)",London,London,51.5074,-0.1278
3480,Doc1827OCR.png,Doc1827OCR,1,NV,60,Botanikk,"Hoernes, Rudolf",Paläontologie.,1899,Lpz.,,"Hoernes, Rudolf",Lpz.,Leipzig,51.3397,12.3731
3481,Doc1827OCR.png,Doc1827OCR,2,NV,60,Botanikk,"Hoernes, Rudolf",Paläontologie.,1899,Lpz.,,"Hoernes, Rudolf",Lpz.,Leipzig,51.3397,12.3731
3482,Doc3828OCR.png,Doc3828OCR,1,ST,30,Dogmatikk,Thomas Aquinas,"Summa theologica diligenter emend. Nicolai, Sylvii, Billuart & C.-J. Drioux notis ornata. Ed.6.",1870,Luxemb.,Ed.6.,Thomas Aquinas,Luxemb.,Luxembourg,49.6116,6.1319
3483,Doc2128OCR.png,Doc2128OCR,1,MV,90,Misjonærbiografier,"Kikling, Georg Adam",(Mein) Missionsleben in Afrika und Neuseeland,1871,Basel,,"Kikling, Georg Adam",Basel,Basel,47.5596,7.5886
3484,Doc0641OCR.png,Doc0641OCR,1,SV,20,Indogermanske språk [-> Indoeuropeiske språk],"Brunot, Ferdinand",Précis de grammaire historique de la langue française,1899,Paris,4 e éd.,"Brunot, Ferdinand",Paris,Paris,48.8566,2.3522
3485,Doc1671OCR.png,Doc1671OCR,1,NV,10,Naturvitenskap – allment,"Hansen, Andr(eas) M(artin)",Menneskeslægtens ælde,1894,Kra,H.1-4,"Hansen, Andreas Martin",Kristiania,Oslo,59.9139,10.7522
3486,Doc2668OCR.png,Doc2668OCR,1,MV,138,Misjon og kirke på Madagaskar,Missionary Conference,Proceedings of ... held in Antananarivo Madagascar in January 1874,1874,Antan,,Missionary Conference,Antananarivo,Antananarivo,-18.8792,47.5079
3487,Doc0482OCR.png,Doc0482OCR,1,NT,10,Tekstutgaver og oversettelser,,"Bibelen. N.T. Joh., 3,16",1897,London,,,London,London,51.5074,-0.1278
3488,Doc1720OCR.png,Doc1720OCR,1,KH,,,"Hauge, Hans Nielsen",(Hans) Reiser og vigtigste Hændelser Beskrevet af ham selv,1914,Kra,3.Udg.,"Hauge, Hans Nielsen",Kristiania,Oslo,59.9139,10.7522
3489,Doc1501OCR.png,Doc1501OCR,1,PT,10,Praktisk teologi – allment og blandet,"Gleditsch, Jens",Norsk kirkepolitikk. Tanker til overveielse,1913,Kra,,"Gleditsch, Jens",Kristiania,Oslo,59.9139,10.7522
3490,Doc2826OCR.png,Doc2826OCR,1,ST,20,Prinsipplære og religionshistorie,"Nielsen, R(asmus)",Philosophisk Propædeutik i Grundtræk,1857,Kbh,,"Nielsen, Rasmus",København,Copenhagen,55.6761,12.5683
3491,Doc2826OCR.png,Doc2826OCR,2,ST,20,Prinsipplære og religionshistorie,"Sibbern, Frederik Christian",Speculativ Kosmologie,1846,Kbh,,"Sibbern, Frederik Christian",København,Copenhagen,55.6761,12.5683
3492,Doc4117OCR.png,Doc4117OCR,1,GT,20,"Ordbøker, konkordanser og grammatikker","Winckler, Hugo",Keilinschriftliches Textbuch zum Alten Testament,1892,Lpz.,,"Winckler, Hugo",Lpz.,Leipzig,51.3397,12.3731
3493,Doc3188OCR.png,Doc3188OCR,1,Ge,10,"Reiseskildringer, atlas","Refsdal, Ivar",Skole-atlas. 2. utg.,1910,Kra.,2. utg.,"Refsdal, Ivar",Kra.,Oslo,59.9139,10.7522
3494,Doc0562OCR.png,Doc0562OCR,1,NV,10,Naturvitenskap – allment,"Bopp, C.",Das Wichtigste aus der Natur-Lehre ... 11. Aufl.,,Stuttg.,11. Aufl.,"Bopp, C.",Stuttg.,Stuttgart,48.7758,9.1829
3495,Doc4077OCR.png,Doc4077OCR,1,ST,40,Etikk og moral,"Wette, Wilhelm Martin Leberecht de",Christliche Sittenlehre. T.1-3.,1819,Berlin,,"Wette, Wilhelm Martin Leberecht de",Berlin,Berlin,52.52,13.405
3496,Doc3673OCR.png,Doc3673OCR,1,NT,,,"Strauss, David Friedrich",Jesu Levnet,1842,Kbh.,4. Udg.,"Strauss, David Friedrich",Kbh.,Copenhagen,55.6761,12.5683
3497,Doc1694OCR.png,Doc1694OCR,1,ST,40,Etikk og moral,"Harless, G. Chr. Adolph von",System of Christian ethics,1868,Edinb.,6th enl. ed.,"Harless, G. Chr. Adolph von",Edinb.,Edinburgh,55.9533,-3.1883
3498,Doc2483OCR.png,Doc2483OCR,1,MV,10,Misjonsteori – allment,"Lütgert, (Wilhelm)",Nationalität und Internationalität in der Mission,1915,Herrnhut,,"Lütgert, Wilhelm",Herrnhut,Herrnhut,51.0243,14.7399
3499,Doc0271OCR.png,Doc0271OCR,1,Bi,40,Bibelutgaver,,Bibelen. Gassisk. 1889 Ny Soratra Masina,1889,London,"Revision committee's version, 1887",,London,London,51.5074,-0.1278
3500,Doc3418OCR.png,Doc3418OCR,1,Lii,80,,"Schwanflügel, H(ermann Heinrich)",Carl Bernhard (Andreas: de Saint-Aubain) Hans Liv og Forfattervirksomhed.,1895,Kbh.,,"Schwanflügel, Hermann Heinrich",Kbh.,Copenhagen,55.6761,12.5683
3501,Doc2759OCR.png,Doc2759OCR,1,PT,20,Pastorallære,"Müller, Fredrik",Forkyndelsen og forkynderen.,1919,Kra.,,"Müller, Fredrik",Kra.,Oslo,59.9139,10.7522
3502,Doc2386OCR.png,Doc2386OCR,1,SV,20,Indogermanske språk [-> Indoeuropeiske språk],"Littré, É(mile)",Dictionnaire de la langue francaise,1873,Paris,4 t.,"Littré, Émile",Paris,Paris,48.8566,2.3522
3503,Doc2386OCR.png,Doc2386OCR,2,SV,20,Indogermanske språk [-> Indoeuropeiske språk],"Littré, É(mile)",Supplément suivi d'un dictionnaire étymologique de tous les mots d'origine orientale par Marcel Devic.,1877,Paris,,"Littré, Émile",Paris,Paris,48.8566,2.3522
3504,Doc0231OCR.png,Doc0231OCR,1,PT,92,Annen oppbyggelseslitteratur,"Bergmann, C.H.",En kristens mot och fruktan.,1912,Sth.,,"Bergmann, C.H.",Sth.,Stockholm,59.3293,18.0686
3505,Doc1673OCR.png,Doc1673OCR,1,NV,50,Zoologi,"Hansen, G(erhard) Armauer",Afstamningstheorien eller Darwinismen.,1886,Bergen,,"Hansen, Gerhard Armauer",Bergen,Bergen,60.3913,5.3221
3506,Doc3468OCR.png,Doc3468OCR,1,Li,60,Engelsk litteratur,"Shakespeare, William",Works. The Globe edition. Ed. by William Georg Clark and William Aldis Wright.,1865,Cambr.,,"Shakespeare, William",Cambr.,Cambridge,52.2053,0.1218
3507,Doc0126OCR.png,Doc0126OCR,1,Li,70,Tysk litteratur,"Auerbach, Berthold",Tuppe Barfod. (Barfüssch). Fortælling fra Schwarzwald. Overs. af Th. Blakstad.,1888,Fagerstrand pr. Høvik,,"Auerbach, Berthold",Fagerstrand pr. Høvik,Fagerstrand,,
3508,Doc0715OCR.png,Doc0715OCR,1,PT,50,Liturgikk,"Büchsenschutz, Louis",Histoire de liturgies en langue allemande dans l'église de Strasbourg au 16e siecle. These présentée a la faculté de théologie protestante de Paris.,1900,Cahors,,"Büchsenschutz, Louis",Cahors,Cahors,44.4497,1.4418
3509,Doc3853OCR.png,Doc3853OCR,1,PT,94,Lærebøker i kristendomskunnskap,"Tollefsen, A.",Kortfattet haandbok i bibelhistorien for lærere og lærerskoleelever. 2. opl.,1908,Kra.,2. opl.,"Tollefsen, A.",Kra.,Oslo,59.91,10.75
3510,Doc1887OCR.png,Doc1887OCR,1,Li,40,Latinske klassikere,"Horatius Flaccus, Q(uintus)",Værker. Overs. og oplyste af L. Ove Kjær.,1863,Kbh.,,"Horatius Flaccus, Quintus",Kbh.,Copenhagen,55.6761,12.5683
3511,Doc0429OCR.png,Doc0429OCR,1,Bi,45,,,Bibelen. NT. Evang. Mboum. Linjilari: Ba a matiu ka ba a mark ka ba a luka ka ba yohana.,1955,Lond.,,,Lond.,London,51.5074,-0.1278
3512,Doc2082OCR.png,Doc2082OCR,1,RV,90,Kinesiske religioner/filosofi,"Kaegi, Adolf","Der Rigveda, die älteste Literatur der Inder. 2. umgearb. erw. Aufl.",1881,Lpz.,2. umgearb. erw. Aufl.,"Kaegi, Adolf",Lpz.,Leipzig,51.3397,12.3731
3513,Doc0705OCR.png,Doc0705OCR,1,Jød,40,Rabbinismen,"Buxtorf, Johannes",Bibliotheca rabbinica... De abbreviationis Hebraicis...,1696,Franequera,,"Buxtorf, Johannes",Franequera,Franeker,53.1882,5.5409
3514,Doc3913OCR.png,Doc3913OCR,1,KH,110,Nord-Amerikas kirkehistorie,"Ulvestad, Martin",Norge i Amerika. ... Lommeudg.,1901,"Minneapolis, Minn.",Lommeudg.,"Ulvestad, Martin","Minneapolis, Minn.","Minneapolis, Minnesota",44.9778,-93.265
3515,Doc1913OCR.png,Doc1913OCR,1,Li,50,Fransk litteratur,"Hugo, Victor",Ouvres de: Tome II. Odes et Ballades. Les Orientales.,1840,Paris,,"Hugo, Victor",Paris,Paris,48.8566,2.3522
3516,Doc2611OCR.png,Doc2611OCR,1,SV,10,Språkvitenskap – allment,"Meinhof, (Carl)","Wie treibt ein Missionar am besten die Erlernung der Sprache des Volkes, unter dem er arbeitet?",1905,Berlin,,"Meinhof, Carl",Berlin,Berlin,52.52,13.405
3517,Doc1672OCR.png,Doc1672OCR,1,PT,,,"Hansen, Arvid G.",Historisk religionsundervisning,1919,Kra.,,"Hansen, Arvid G.",Kristiania,Oslo,59.9139,10.7522
3518,Doc1164OCR.png,Doc1164OCR,1,PT,92,Annen oppbyggelseslitteratur,,"Eine dreifältige Schnur: Lehre, Verheissung, Gebet in Sprüchen der heiligen Schrift, auf alle Tage im Jahre",,Hamb.,,,Hamburg,Hamburg,53.5511,9.9937
3519,Doc2101OCR.png,Doc2101OCR,1,Le,20,Ordbøker – moderne språk og latin,"Kaper, J.",Dansk - Norsk - Tydsk Haand-Ordbog,1889,Kbh.,3. Ausg.,"Kaper, J.",København,Copenhagen,55.6761,12.5683
3520,Doc1616OCR.png,Doc1616OCR,1,KH,30,"Oldkirkens kirkehistorie, patristikk","Hagen, Johannes",Fragmenta ... forts.,1861,Tub.,,"Hagen, Johannes",Tübingen,Tübingen,48.5216,9.0579
3521,Doc1616OCR.png,Doc1616OCR,2,KH,30,"Oldkirkens kirkehistorie, patristikk",,Canones et decreta sacrosancti oecumenici concilii Tridentini,1866,Ratisbona,,,Regensburg,Regensburg,49.0181,12.0958
3522,Doc3545OCR.png,Doc3545OCR,1,PT,80,Hymnologi og kirkemusikk,"Sommerfelt, Vilhelm",Hans Adolf Brorson som Salmedigter,1892,Kra.,,"Sommerfelt, Vilhelm",Kristiania,Oslo,59.9139,10.7522
3523,Doc0757OCR.png,Doc0757OCR,1,ST,,,"Carriere, Moriz",Jesus Christus und die Wissenschaft der Gegenwart,1889,Lpz.,2. Aufl.,"Carrere, Moriz",Leipzig,Leipzig,51.3397,12.3731
3524,Doc0063OCR.png,Doc0063OCR,1,KH,,,"Ammundsen, Valdemar",Lutherbogen. Reformationen belyst gennem Lutherord,1917,Kbh.,,"Ammundsen, Valdemar",København,Copenhagen,55.6761,12.5683
3525,Doc2603OCR.png,Doc2603OCR,1,MV,121,Misjon og kirke i Kina,"Maus, Carl",Die Ursachen der chinesischen Wirren und die evangelische Mission,1900,Kassel,,"Maus, Carl",Kassel,Kassel,51.3127,9.4797
3526,Doc0956OCR.png,Doc0956OCR,1,MS,,,"Dahle, Lars",Indholdsangivelse af Ethiken efter Johnsons Syst. (m.m.),,,,"Dahle, Lars",,,,
3527,Doc3902OCR.png,Doc3902OCR,1,SV,30,Semittiske språk,"Uhlemann, Friedrich",Elementarlehre der syrischen Sprache,1829,Berlin,,"Uhlemann, Friedrich",Berlin,Berlin,52.52,13.405
3528,Doc2242OCR.png,Doc2242OCR,1,KH,,,,Den rette Kristentro. Hovedforskjellen mellem den katholske Kirkes og Protestanternes Lære. (Av en katolikk.),1906,U.s.,,,U.s.,United States,,
3529,Doc2326OCR.png,Doc2326OCR,1,SV,60,Afrikanske språk,"Last, J.T.","Polyglotta Africana orientalis or, A comparative collection of ... words and sentences in ... languages ... south of the equator",1885,London,fort.,"Last, J.T.",London,London,51.5074,-0.1278
3530,Doc2561OCR.png,Doc2561OCR,1,Li,50,Fransk litteratur,"Malot, Hektor",Skuespillerinden,,U.s.u.å.,,"Malot, Hektor",U.s.u.å.,Unknown,,
3531,Doc3123OCR.png,Doc3123OCR,1,ST,10,Filosofi og idéhistorie,Thomas Spencer Baynes,The Port-Royal logic transl. from the French; with introduction,,Edinb.,8th ed.,Thomas Spencer Baynes,Edinb.,Edinburgh,55.9533,-3.1883
3532,Doc3000OCR.png,Doc3000OCR,1,KH,140,Luthers verker,"Paulus, Nikolaus",Luthers Lebensende. Eine kristische Untersuchung,1898,Freib. i. B.,,"Paulus, Nikolaus",Freib. i. B.,Freiburg im Breisgau,47.9961,7.8494
3533,Doc1085OCR.png,Doc1085OCR,1,KH,,,"Dorner, I(saak) A(ugust)","Geschichte der protestantischen Theologie, besonders in Deutschland",1867,Münch.,,"Dorner, Isaak August",Münch.,Munich,48.1351,11.582
3534,Doc3769OCR.png,Doc3769OCR,1,MV,138,Misjon og kirke på Madagaskar,,"Guide du voyageur, annuaire de U.s.u.å.",,Tananarive,,,Tananarive,Antananarivo,-18.8792,47.5079
3535,Doc3712OCR.png,Doc3712OCR,1,PT,94,Lærebøker i kristendomskunnskap,"Sverdrup, J(akob) R(osted)",Forklaring over Luthers lille kateksime,1907,Kra.,73. - 81. tus.,Jakob Rosted Sverdrup,Kra.,Oslo,59.9139,10.7522
3536,Doc2041OCR.png,Doc2041OCR,1,Hi,15,Norsk historie,"Johnsen, Oscar Albert",Olav Haraldssøns ungdom indtil slaget ved Nesjar,1916,Kra.,,Oscar Albert Johnsen,Kra.,Oslo,59.9139,10.7522
3537,Doc2568OCR.png,Doc2568OCR,1,SV,60,Afrikanske språk,"Maples, Chauncy",Collections for a handbook of the Makua language,1879,London,,Chauncy Maples,London,London,51.5074,-0.1278
3538,Doc1103OCR.png,Doc1103OCR,1,PT,92,Annen oppbyggelseslitteratur,"Drummond, Henry",Staden uden kirke,1893,Kra.,En tale. Overs.,Henry Drummond,Kra.,Oslo,59.9139,10.7522
3539,Doc1633OCR.png,Doc1633OCR,1,KH,,,"Hall, Birger",Kirkehistorie for folket,1892,Kra.,h.6-9.,Birger Hall,Kra.,Oslo,59.9139,10.7522
3540,Doc1204OCR.png,Doc1204OCR,1,KH,30,"Oldkirkens kirkehistorie, patristikk",Ephræm Syrus,"The repentance of Nineveh, a metrical Homily ... and (other) Pieces",1853,London,,Ephraem Syrus,London,London,51.5074,-0.1278
3541,Doc0476OCR.png,Doc0476OCR,1,NT,10,Tekstutgaver og oversettelser,,Bibelen. N. T. og Apokr. Tysk-Hollandsk Das Neue Testament oder Der Neue Bund ...,1710,Hamb.,Jetzo nach den gebräuchlichen 4.,,Hamb.,Hamburg,53.5511,9.9937
3542,Doc2968OCR.png,Doc2968OCR,1,Li,40,Latinske klassikere,"Ovidius Naso, Publius",Metamorphoses.,1790,London,Ed. 8,Publius Ovidius Naso,London,London,51.5074,-0.1278
3543,Doc4000OCR.png,Doc4000OCR,1,Li,50,Fransk litteratur,"Voltaire, (Francois Marie Arouet de)",Théatre choisi,1893,Paris,,Voltaire,Paris,Paris,48.8566,2.3522
3544,Doc1074OCR.png,Doc1074OCR,1,KH,,,"Disselhoff, Julius","Dr. Martin Luther, hans Liv og Gjerning. Et Festskrift",1883,Kra.,Ill. Folkeudg.,Julius Disselhoff,Kra.,Oslo,,
3545,Doc1017OCR.png,Doc1017OCR,1,GT,,,"Davis, Benjamin",A compendious and complete Hebrew and Chaldee lexicon,1872,London,,Benjamin Davis,London,London,51.5074,-0.1278
3546,Doc2617OCR.png,Doc2617OCR,1,ST,30,Dogmatikk,"Melan(ch)thon, Philipp",Die Loci communes,1864,Erlangen,,Philipp Melanchthon,Erlangen,Erlangen,49.591,10.9992
3547,Doc0368OCR.png,Doc0368OCR,1,NT,10,Tekstutgaver og oversettelser,,Bibelen. N.T. Luk. Evangile selon saint Luc,1891,Paris,,,Paris,Paris,48.8566,2.3522
3548,Doc0407OCR.png,Doc0407OCR,1,NT,,,,Bibelen. N.T. Mark. The Gospel of Mark,1890,U.s.,,,U.S.,U.S.A.,37.0902,-95.7129
3549,Doc0319OCR.png,Doc0319OCR,1,Bi,42,,,Bibelens GT. Samuelsbøkene,1930,Oslo,,,Oslo,Oslo,59.9139,10.7522
3550,Doc0602OCR.png,Doc0602OCR,1,SV,20,Indogermanske språk [-> Indoeuropeiske språk],"Bresemann, Frederik",Tydsk-Dansk Parleur til Brug for begge Nationer,1859,Kbh.,6. forb. Udg.,"Bresemann, Frederik",Kbh.,Copenhagen,55.6761,12.5683
3551,Doc1637OCR.png,Doc1637OCR,1,PT,92,Annen oppbyggelseslitteratur,"Hall, Newman",Kom til Jesus! Overs. fra Engelsk,1861,Stvg.,,"Hall, Newman",Stvg.,Stavanger,58.969,5.7331
3552,Doc0460OCR.png,Doc0460OCR,1,NT,10,Tekstutgaver og oversettelser,,Bibelen. N.T. Norsk. Nynorsk. Det nye Testamente. Ny gjennomsett Utg. (Det Norske Bibelselskap),1899,Kra.,,,Kra.,Oslo,59.9139,10.7522
3553,Doc0174OCR.png,Doc0174OCR,1,PT,80,Hymnologi og kirkemusikk,"Barstad, Johannes",Kvæde,1904,Kra.,,"Barstad, Johannes",Kra.,Oslo,59.9139,10.7522
3554,Doc3807OCR.png,Doc3807OCR,1,MV,138,Misjon og kirke på Madagaskar,,Misjonslitt. Gassisk. Theologia fohifo hy.no.soratan y Canisius voa dika ho teny malagasy,1872,Antan.,Ny Misionary katolika,,Antan.,Antananarivo,-18.8792,47.5079
3555,Doc1387OCR.png,Doc1387OCR,1,PT,92,Annen oppbyggelseslitteratur,,Der Friedensbote. Eine Sammlung von Erzählungen und Liedern ... Hg. von dem christlichen Vereine im nördlichen Deutschland,1867,Eisleben,5. Aufl.,,Eisleben,Lutherstadt Eisleben,51.5242,11.5527
3556,Doc2384OCR.png,Doc2384OCR,1,MV,138,Misjon og kirke på Madagaskar,"Lindø, K(nud)",Hevi-teny amy ny filazantsara nosoratan y Lioka,1894,Antan.,2 ekpl.,"Lindø, K(nud)",Antan.,Antananarivo,-18.8792,47.5079
3557,Doc2564OCR.png,Doc2564OCR,1,ST,,,"Mansel, Henry Longueville",The limits of religious thought examined in 8 lectures,1859,London,3 rd ed.,"Mansel, Henry Longueville",London,London,51.5074,-0.1278
3558,Doc2564OCR.png,Doc2564OCR,2,ST,,,"Mansel, Henry Longueville",The limits of religious thought examined in 8 lectures,1867,London,5 th ed.,"Mansel, Henry Longueville",London,London,51.5074,-0.1278
3559,Doc3627OCR.png,Doc3627OCR,1,ST,50,Apologetikk,"Stende, E.G(ustav)",Volkstümliche Apologie.,1395,Gütersl.,,"Stende, Gustav E.",Gütersl.,Gütersloh,51.9039,8.3787
3560,Doc2662OCR.png,Doc2662OCR,2,RV,60,Islam,,Minar ul Hakk: The beacon of truth or Testimony of the Coran to the truth of the Christian Religion. Transl. from the Arabic by William Muir.,1894,London,,,London,London,51.5074,-0.1278
3561,Doc0615OCR.png,Doc0615OCR,3,Te,10,Matematikk,"Broch, O(le) J(acob)",Lærebog i Plangeometrien.,1861,Chra.,2. Udg.,"Broch, Ole Jacob",Chra.,Oslo,59.9139,10.7522
3562,Doc3775OCR.png,Doc3775OCR,4,MV,138,Misjon og kirke på Madagaskar,,Tantara ny apotra ny Jeso-Kristy sy ny olo-masina sasany.,1869,Antan.,,,Antan.,Antananarivo,-18.8792,47.5079
3563,Doc1595OCR.png,Doc1595OCR,5,MV,90,Misjonærbiografier,"Grove-Rasmussen, A(ndreas) C(hristian) L(udvig)",Christian Friedrich Schwartz ...,1898,Kbh.,,"Grove-Rasmussen, Andreas Christian Ludvig",Kbh.,Copenhagen,55.6761,12.5683
3564,Doc3100OCR.png,Doc3100OCR,6,Li,30,Greske klassikere,Plutarch(os),"Lives: Langhorne transl. Text and notes complete and rev., with index. Vol.1-4.",,London u.å.,4 vol.,Plutarch,London u.å.,London etc.,51.5074,-0.1278
3565,Doc3170OCR.png,Doc3170OCR,7,MV,,,"Ramawarma, Jakob",Der indische Fürstensohn. Erstling der Malabar-Prediger.,1880,Basel,2. Aufl.,"Ramawarma, Jakob",Basel,Basel,47.5596,7.5886
3566,Doc3161OCR.png,Doc3161OCR,8,Li,50,Fransk litteratur,"Racine, (Jean)",Athalie. Tragedie tirée de l'Écriture sainte.,,Paris u.å.,2 ekspl.,"Racine, Jean",Paris u.å.,Paris etc.,48.8566,2.3522
3567,Doc3595OCR.png,Doc3595OCR,1,Va,20,?,,Statistisk Aarbog for Kongeriget Norge,1894,Kra,Aarg. 14. 35. Udg. af det Statistiske Centralbureau.,,Kristiania,Oslo,59.9139,10.7522
3568,Doc1056OCR.png,Doc1056OCR,1,KH,,,Adolf Harnack,Die Apostellehre und die jüdischen Beiden Wege ... nebst Texten,1886,Lpz,,Adolf Harnack,Leipzig,Leipzig,51.3397,12.3731
3569,Doc1052OCR.png,Doc1052OCR,1,Ge,20,Enkelte lands geografi,W.R. Dick,"A short sketch of the Beauchamp Tower, tower of London ...",,London u.å.,,W.R. Dick,London,London,51.5074,-0.1278
3570,Doc2382OCR.png,Doc2382OCR,1,ST,,,Emanuel Linderholm,Fra dogme til evangelium,1919,Kra,Overs. (fra svensk) av O. Thommesen,Emanuel Linderholm,Kristiania,Oslo,59.9139,10.7522
3571,Doc2016OCR.png,Doc2016OCR,1,KH,,,Gustav Jenssen,Hvorledes bør vor Konfirmationsordning forandres?,1907,Kra,,Gustav Jenssen,Kristiania,Oslo,59.9139,10.7522
3572,Doc2833OCR.png,Doc2833OCR,1,MV,138,Misjon og kirke på Madagaskar,Jens Nikolaisen,Madagascars østkystmission ...,1912,Chr. sand,Foredrag ... besørget trykt ved O.J.P. Sæther,Jens Nikolaisen,Kristiansand,Kristiansand,58.1467,7.9956
3573,Doc3626OCR.png,Doc3626OCR,1,ST,50,Apologetikk,E. Gustav Stende,Evangelische Apologetik,1892,Gotha,,E. Gustav Stende,Gotha,Gotha,50.9484,10.7017
3574,Doc0066OCR.png,Doc0066OCR,1,Ge,30,Norsk geografi,,Kart over Bratsbergs amt. 2.,1856,Chra,(Amtskart),,Christiania,Oslo,59.9139,10.7522
3575,Doc1048OCR.png,Doc1048OCR,1,KH,50,Reformasjonstidens historie,,Deutsche Theologia,1877,Kbh.,,,Kbh.,Copenhagen,55.6761,12.5683
3576,Doc4045OCR.png,Doc4045OCR,1,MV,80,Misjon i andre land (Europa og Nord-Amerika),"Weber, Auguste",Louis Harms et les missions de Hermannsbourg,1870,Paris,,"Weber, Auguste",Paris,Paris,48.8566,2.3522
3577,Doc0247OCR.png,Doc0247OCR,1,PT,92,Annen oppbyggelseslitteratur,"Besser, W.F.",Jesu Lidelser og Forherligelse forklaret i Bibellæsninger: Afd. 1-2,1857,Chra.,,"Besser, W.F.",Chra.,Oslo,59.9139,10.7522
3578,Doc2894OCR.png,Doc2894OCR,1,MV,121,Misjon og kirke i Kina,"Nørgaard, P.",Folkelivsbilleder fra vor missionsmark i Kina,1917,Kbh.,,"Nørgaard, P.",Kbh.,Copenhagen,55.6761,12.5683
3579,Doc1508OCR.png,Doc1508OCR,1,NT,,,"Godet, F(rédéric)",Pauli Brev til Romerne fortolket,1882,Kbh.,,"Godet, Frédéric",Kbh.,Copenhagen,55.6761,12.5683
3580,Doc3784OCR.png,Doc3784OCR,1,SV,30,Semittiske språk,"Tassy, Garcin de",Rhetorique et prosodie des langues de l'Orient musulman,1873,Paris,2 éd.,"Tassy, Garcin de",Paris,Paris,48.8566,2.3522
3581,Doc1778OCR.png,Doc1778OCR,1,PT,70,Kirkerett og kirkeordning,"Hertzberg, Ebbe",Om Eiendomsretten til det norske Kirkegods En retshistorisk Betænkning,1898,Kra.,,"Hertzberg, Ebbe",Kra.,Oslo,59.9139,10.7522
3582,Doc2071OCR.png,Doc2071OCR,1,Bi,20,"Bibelkunnskap, hermeneutikk","Jørgensen, S(imon) E(manuel)",Bibelens Læsning. Et Forsøk,1919,Kra.,,"Jørgensen, Simon Emanuel",Kra.,Oslo,59.9139,10.7522
3583,Doc2367OCR.png,Doc2367OCR,1,SV,30,Semittiske språk,"Levy, M.A.",Phönizische Studien.,1864,Breslau,H.3-4.,"Levy, M.A.",Breslau,Wroclaw,51.107885,17.038538
3584,Doc2352OCR.png,Doc2352OCR,1,MV,15,"Misjon - fortellinger, misjonsmotivering","Leonhardi, Gustav",Nat-og-Morgen. Fire hundrede Fortællinger af den christelige Missionshistorie.,1861,Stvg.,B.1-3. 3 B. i 1.,"Leonhardi, Gustav",Stvg.,Stavanger,58.969975,5.733107
3585,Doc3855OCR.png,Doc3855OCR,1,RV,10,Religionshistorie,"Tollefsen, A.",Religions-historie med litt missionshistorie og religionsstatistik ... for ... lærere ...,1912,Kra.,,"Tollefsen, A.",Kra.,Oslo,59.913868,10.752245
3586,Doc4011OCR.png,Doc4011OCR,1,PT,80,Hymnologi og kirkemusikk,"Wackernagel, Philipp",Das deutsche Kirchenlied von der ältesten Zeit bis zu Anfang des 17. Jahrhunderts ...,1862,Lpz.,,"Wackernagel, Philipp",Lpz.,Leipzig,51.339695,12.373075
3587,Doc3978OCR.png,Doc3978OCR,1,PT,9,,"Vogt, Volrath",Bibelhistorie med lidt af kirkens kirkens historie.,1888,Kra.,25. autor. opl.,"Vogt, Volrath",Kra.,Oslo,59.913868,10.752245
3588,Doc1579OCR.png,Doc1579OCR,1,PT,92,Annen oppbyggelseslitteratur,"Greve, Jens",Er vi vaagne? Tanker til Eftertanke.,1915,Kra.,,"Greve, Jens",Kra.,Oslo,59.913868,10.752245
3589,Doc3033OCR.png,Doc3033OCR,1,PT,92,Annen oppbyggelseslitteratur,"Petersen, Fredrik",Jesu billed. Foredrag ...,1890,Kbh.,,"Petersen, Fredrik",Kbh.,Copenhagen,55.676098,12.568337
3590,Doc0777OCR.png,Doc0777OCR,1,PT,92,Annen oppbyggelseslitteratur,"Caspari, K(arl) H(einrich)",Vor Børnelærdom udlagt og forklaret ...,1875,Molde,2. Opl.,"Caspari, K(arl) H(einrich)",Molde,Molde,62.737583,7.160953
3591,Doc1351OCR.png,Doc1351OCR,1,PT,,,"Forfang, A.",Kirken og skolen. Foredrag,1914,Thjem.,,"Forfang, A.",Trondheim,Trondheim,63.4305,10.3951
3592,Doc2764OCR.png,Doc2764OCR,1,RV,10,Religionshistorie,"Müller, Friedrich Max",Religionens ursprung och utveckling med särskild hänsyn till Indiens religioner. Föreläsningar,1880,Sth.,Auktor. öfvers. från 2. engelska uppl. af Victor Pfeiff.,"Müller, Friedrich Max",Stockholm,Stockholm,59.3293,18.0686
3593,Doc2764OCR.png,Doc2764OCR,2,RV,10,Religionshistorie,"Dahl, Jonas",Omrids af Indernes Religioner,1885,Kra.,,"Dahl, Jonas",Kristiania,Oslo,59.9139,10.7522
3594,Doc2577OCR.png,Doc2577OCR,1,ST,40,Etikk og moral,"Martensen, H(ans)",Grundrids til Moralphilosophiens System,1879,Kbh.,3. Opl.,"Martensen, Hans",København,Copenhagen,55.6761,12.5683
3595,Doc2848OCR.png,Doc2848OCR,1,ST,,,"Nordiska bibelföreningen, utg.",Skriften kan icke varde om intet. Föredrag af J.N. Serner o fl.,1911,Engelholm,,,Engelholm,Ängelholm,56.2428,12.8629
3596,Doc3275OCR.png,Doc3275OCR,1,NV,70,Medisin og helse,"Ruff, J.",Illustreret Sundhedslexicon,,Kbh.,u.å.,"Ruff, J.",København,Copenhagen,55.6761,12.5683
3597,Doc3851OCR.png,Doc3851OCR,1,NT,30,"Innledning, nytestamentlig tidshistorie","Tischendorf, Lobegott Friedrich Constantin (von)",Naar bleve vore Evangelier forfattede?,1865,Chra.,Overs. efter Orig. 2.Opl.,"Tischendorf, Lobegott Friedrich Constantin (von)",Kristiania,Oslo,59.9139,10.7522
3598,Doc3851OCR.png,Doc3851OCR,2,NT,30,"Innledning, nytestamentlig tidshistorie","Hitzig, F.",Kurzgefasstes exegetisches Handbuch zum Alten Testament. 3.Lfg. der Prophet Jeremia,1841,Lpz.,,"Hitzig, F.",Leipzig,Leipzig,51.3397,12.3731
3599,Doc2877OCR.png,Doc2877OCR,1,ST,,,,Det Nye Testamentes Sabbat og Sabbatens Forandring,1888,Kra.,,,Kristiania,Oslo,59.9139,10.7522
3600,Doc0416OCR.png,Doc0416OCR,1,NT,10,Tekstutgaver og oversettelser,,Bibelen. N.T. Joh. Kinesisk. Yohan fuh-yin.,1906,Shanghai,,,Shanghai,Shanghai,31.2304,121.4737
3601,Doc2917OCR.png,Doc2917OCR,1,Et,30,Norsk etnologi,"Olafsen, O(laf)",Havedyrkning i Bergen i ældre Tid,1898,Chra.,,Olaf Olafsen,Chra.,Oslo,59.9139,10.7522
3602,Doc1723OCR.png,Doc1723OCR,1,Ge,30,Norsk geografi,"Haukenæs, Th(rond) S(jursen)","Hardanger. Natur, folkeliv og folketro. D.7. Ullensvang.",1891,Bergen,,Thrond Sjursen Haukenæs,Bergen,Bergen,60.3913,5.3221
3603,Doc4081OCR.png,Doc4081OCR,1,ST,,,"Wette, W(ilhelm) M(artin) L(eberecht) de",Lærebog i den christelige Sædelære og sammes Historie. Overs. af C.E. Scharling. Orig. tit. Christliche Sittenlehre.,1835,Kbh.,,Wilhelm Martin Leberecht de Wette,Kbh.,Copenhagen,55.6761,12.5683
3604,Doc3505OCR.png,Doc3505OCR,1,Ti,40,Tidsskrift – blandet innhold,,"Skillings-Magazin. Aarg. 34.,38-42.,44.,44.,48-52.",1886,Chra.,,,Chra.,Oslo,59.9139,10.7522
3605,Doc3920OCR.png,Doc3920OCR,1,NV,70,Medisin og helse,"Universitetet, Det medicinske fakultet",Plan for det medicinske studium,1909,Kra.,,"University, The Medical Faculty",Kra.,Oslo,59.9139,10.7522
3606,Doc0907OCR.png,Doc0907OCR,1,KH,,,"Cumming, John",The Hammersmith protestant discussion; being a ... report of the Controversial discussion between John Cumming and Daniel French on the differences between protestantism and popery ... 1839. From the ... notes of Charles Maybury Archer. N.ed.,1851,London,N.ed.,John Cumming,London,London,51.5074,-0.1278
3607,Doc3944OCR.png,Doc3944OCR,1,KH,,,"Vater, Johann Severin",Synchronistische Tafeln der Kirchengeschichte. 4.durchgearb.verm.Aufl.,1825,Halle,4.durchgearb.verm.Aufl.,Johann Severin Vater,Halle,Halle,51.4828,11.9695
3608,Doc1197OCR.png,Doc1197OCR,1,Hi,10,Politisk historie og kulturhistorie,England,Committee on alleged German outrages. Evindence and documents,1915,London,,England,London,London,51.5074,-0.1278
3609,Doc1783OCR.png,Doc1783OCR,1,PT,60,Kateketikk og pedagogikk,"Hertzberg, N(ils Christian Egede)",Pædagogikens Historie samt den norske Skoles Udvikling og Ordning.,1890,Kra.,,"Hertzberg, Nils Christian Egede",Kra.,Oslo,59.9139,10.7522
3610,Doc0736OCR.png,Doc0736OCR,1,NT,,,"Calvin, Johann","In harmoniam ex Matthaeo, Marco et Luca compositam commentarii.",1833,Berol.,Ad. ed. Amstelodamensem ... exscribi cur.A.Tholuck. Vol.1-2. 2 vol.,"Calvin, Johann",Berol.,Berlin,52.52,13.405
3611,Doc1926OCR.png,Doc1926OCR,1,PT,92,Annen oppbyggelseslitteratur,,Hvad er Kristus? Bearb. efter det Tydske.,1894,Kra.,,,Kra.,Oslo,59.9139,10.7522
3612,Doc1439OCR.png,Doc1439OCR,1,SV,20,Indogermanske språk [-> Indoeuropeiske språk],"Gasc, Ferdinand E.A.",Materials for French prose composition.,1864,London,New ed.,"Gasc, Ferdinand E.A.",London,London,51.5074,-0.1278
3613,Doc2607OCR.png,Doc2607OCR,1,GT,20,"Ordbøker, konkordanser og grammatikker","Meier, Ernst",Hebräisches Wurzelwörterbuch nebst 3 Anhängen.,1845,Mannheim,,"Meier, Ernst",Mannheim,Mannheim,49.4875,8.466
3614,Doc2607OCR.png,Doc2607OCR,2,GT,20,"Ordbøker, konkordanser og grammatikker",,Die Form der hebräischen Poesie.,1853,Tüb.,,,Tüb.,Tübingen,48.5216,9.0576
3615,Doc2607OCR.png,Doc2607OCR,3,GT,20,"Ordbøker, konkordanser og grammatikker","Parrat, H.",Novum specimen ... linguarum Indo-Europaeaurum origo Semitica.,1855,Muhlhouse,,"Parrat, H.",Muhlhouse,Mulhouse,47.75,7.335
3616,Doc1960OCR.png,Doc1960OCR,1,MV,123,Misjon og kirke i Japan og det fjerne Østen,Imad-ud-din,En muhammedaner der søgte Sandheden og fandt Kristus.,1915,Kbh.,,Imad-ud-din,Kbh.,Copenhagen,55.6761,12.5683
3617,Doc1494OCR.png,Doc1494OCR,1,PT,9,,"(Gjør, Bolette)",Missionsbarnet. Av Margrethe. (pseud.),1922,Stvg.,,"Gjør, Bolette",Stvg.,Stavanger,58.97,5.7331
3618,Doc1974OCR.png,Doc1974OCR,1,Li,60,Engelsk litteratur,"Irving, Washington",Tales of the Alhambra: Legends of the conquest of Spain and the conquest of Granada.,1851,London,,"Irving, Washington",London,London,51.5074,-0.1278
3619,Doc0044OCR.png,Doc0044OCR,1,Kh,,,"Alexander, W. Lindsay",The ancient British church ... and Iona.,,London u. å.,,"Alexander, W. Lindsay",London u. å.,London,51.5074,-0.1278
3620,Doc3972OCR.png,Doc3972OCR,1,Bi,20,"Bibelkunnskap, hermeneutikk","Vitringa, Campegius",Observationes sacrae. Libri 6 ...,1712,Franequera,Ed. 2-4.,"Vitringa, Campegius",Franequera,Franeker,53.1855,5.5406
3621,Doc1300OCR.png,Doc1300OCR,1,Li,50,Fransk litteratur,"Fénelon, (Francois de Salignac de la Motte)",Oeuvres choisies: avec une biographie ... par M. Saucier.,1865,Tours,5 e éd.,"Fénelon, François de Salignac de la Mothe Fénelon",Tours,Tours,47.3941,0.6848
3622,Doc3438OCR.png,Doc3438OCR,1,PT,92,Annen oppbyggelseslitteratur,"Seelbach, C.",Fingerzeige der göttlichen Weltregierung.,1864,Stuttg.,,"Seelbach, C.",Stuttg.,Stuttgart,48.7758,9.1829
3623,Doc3960OCR.png,Doc3960OCR,1,ST,40,Etikk og moral,"Vilmar, A(ugust) F(riedrich) C(hristian)",Theologische Moral.,1871,Gütersl.,,"Vilmar, August Friedrich Christian",Gütersloh,Gütersloh,51.9069,8.3789
3624,Doc1868OCR.png,Doc1868OCR,1,Li,30,Greske klassikere,Homer(os),Homers Iliade.,1855,Kbh.,2. Opl.,Homer,Kbh.,Copenhagen,55.6761,12.5683
3625,Doc0291OCR.png,Doc0291OCR,1,GT,10,Tekstutgaver og oversettelser,Bibelen. G.T. Hebraisk.,Biblia hebraica ... cur. Jo. Heinr. Michaelis. T.1-7.,1720,Hala Magdeb.,7 t.,"Michaelis, Johann Heinrich",Halle (Saale),Halle (Saale),51.4823,11.9669
3626,Doc3634OCR.png,Doc3634OCR,1,PT,,,"Stevenson, William Fleming",Praying and working.,1886,Dublin,New ed.,"Stevenson, William Fleming",Dublin,Dublin,53.3498,-6.2603
3627,Doc1216OCR.png,Doc1216OCR,1,Li,80,Norrøn og nordisk litteratur,"Erichsen, A(ndreas) E(mil)",Dansk og norsk litteraturhistorie,1879,Kra.,2.udg.,"Erichsen, Andreas Emil",Kra.,Oslo,59.9139,10.7522
3628,Doc1788OCR.png,Doc1788OCR,1,MV,90,Misjonærbiografier,"Hesse, J(ohannes)",Krumm und doch gerade. Aus dem Leben Christian Gottlieb Hegel's.,1886,Basel,,"Hesse, Johannes",Basel,Basel,47.5596,7.5886
3629,Doc1504OCR.png,Doc1504OCR,1,ST,100,,"Godet, F(rédéric)",Christelige Forsvarstaler. Overs. af M.Th. Becher.,1879,Kbh.,,"Godet, Frédéric",Kbh.,Copenhagen,55.6761,12.5683
3630,Doc1336OCR.png,Doc1336OCR,1,MV,10,Misjonsteori – allment,"Flood, Imm(anuel)",Skolen og Missionen.,1910,Stvg.,,"Flood, Immanuel",Stvg.,Stavanger,58.9701,5.7331
3631,Doc2306OCR.png,Doc2306OCR,1,SV,20,Indogermanske språk [-> Indoeuropeiske språk],"Lange, Richard",Sprachübungen ... zur Erlernung des Richtigsprechens ... 2. bearb. Aufl.,1903,Lpz.,2. bearb. Aufl.,"Lange, Richard",Lpz.,Leipzig,51.3397,12.3731
3632,Doc3640OCR.png,Doc3640OCR,1,GT,66,Kommentar til Salmene,"Stier, Rudolf",Siebzig ausgewählte Psalmen ... ausgelegt. B.1-2.,1834,Halle,,"Stier, Rudolf",Halle,Halle,51.4823,11.9698
3633,Doc0523OCR.png,Doc0523OCR,1,SV,20,Indogermanske språk [-> Indoeuropeiske språk],"Blom, Hans",Russisk Sproglære til praktisk Behov.,1876,Kra.,,"Blom, Hans",Kra.,Oslo,59.9139,10.7522
3634,Doc3494OCR.png,Doc3494OCR,1,Ge,10,"Reiseskildringer, atlas",Skaftestad,"Haandbog for Skandinaver i Paris (Paris, fort. 1889.)",1889,Paris,,Skaftestad,Paris,Paris,48.8566,2.3522
3635,Doc0442OCR.png,Doc0442OCR,1,Bi,,,,Bibelen. N. T. Norsk. Det nye testamente på moderne norsk / oversatt fra den greske grunntekst.,1973,Kristiansand,,,Kristiansand,Kristiansand,58.1467,7.9956
3636,Doc3933OCR.png,Doc3933OCR,1,MV,75,Nordisk misjon - Samer og samisk misjon,"Vahl, J.(ens)",Lapperne og den lappske Mission,1866,Kbh.,,"Vahl, Jens",København,Copenhagen,55.6761,12.5683
3637,Doc3933OCR.png,Doc3933OCR,2,MV,75,Nordisk misjon - Samer og samisk misjon,,Alaska. Folket og Mission.,1872,Kbh.,,,København,Copenhagen,55.6761,12.5683
3638,Doc3565OCR.png,Doc3565OCR,1,NT,90,Nytestamentlig teologi. Urkirkens historie,"Spiess, Edmund",Logos spermaticos. Parallelstellen zum Neuen Testament aus den Schriften der alten Griechen.,1871,Lpz.,,"Spiess, Edmund",Leipzig,Leipzig,51.3397,12.3731
3639,Doc0153OCR.png,Doc0153OCR,1,Li,50,Fransk litteratur,"Balzac, H(onoré) de",Physiologie de mariage ou Méditations de philosophie éclectique,1894,Paris,Oeuvres complètes,"Balzac, Honoré de",Paris,Paris,48.8566,2.3522
3640,Doc1676OCR.png,Doc1676OCR,1,ST,,,"Hansen, H.C.","Moral, religion og videnskab.",1890,Kbh.,,"Hansen, H.C.",København,Copenhagen,55.6761,12.5683
3641,Doc1676OCR.png,Doc1676OCR,2,ST,,,"Farrar, F.W.",Er livet værd at leve ? 3 religiøse foredrag. Overs. af Joh.L.Alver.,1890,Bergen,,"Farrar, F.W.",Bergen,Bergen,60.3913,5.3221
3642,Doc1768OCR.png,Doc1768OCR,1,SV,20,Indogermanske språk [-> Indoeuropeiske språk],"Hermanstorff, Lyder",Kortfattet fransk grammatik,1911,Kra.,,"Hermanstorff, Lyder",Kristiania,Oslo,59.9139,10.7522
3643,Doc3231OCR.png,Doc3231OCR,1,ST,,,"Roberts, Robert",Kristenheden paa vildspor ... Overs. fra Engelsk af K. Prestegaard.,1907,Bergen,,"Roberts, Robert",Bergen,Bergen,60.3913,5.3221
3644,Doc1258OCR.png,Doc1258OCR,1,Le,40,Bibliografier,"Ewald, (Heinrich)",Commentar over Jobs Bog. Overs.af C.Møller.,1841,Kbh.,,"Ewald, Heinrich",København,Copenhagen,55.6761,12.5683
3645,Doc1258OCR.png,Doc1258OCR,2,Le,40,Bibliografier,"Rosenkranz, Johann Karl Friedrich",Theologisk Encyklopædie,1844,Kbh.,,"Rosenkranz, Johann Karl Friedrich",København,Copenhagen,55.6761,12.5683
3646,Doc1997OCR.png,Doc1997OCR,1,ST,,,"Jansen, J.(ens) J.(onas)",Er Jesus virkelig opstanden?,1912,Kra.,,"Jansen, Jens Jonas",Christiania,Oslo,59.9139,10.7522
3647,Doc2733OCR.png,Doc2733OCR,1,RV,60,Islam,M. Wolff,Muhammedanische Eschatologie,1872,Lpz.,,"Wolff, M.",Leipzig,Leipzig,51.3397,12.3731
3648,Doc0496OCR.png,Doc0496OCR,1,MV,80,Misjon i andre land (Europa og Nord-Amerika),,Billeder fra Missionshistorien,,,,,,,,
3649,Doc0657OCR.png,Doc0657OCR,1,KH,,,"Spangenberg, August Gottlieb","Idea fidei fratrum, eller kort Begreb af den christelige lærdom i de evangeliske Brødremeningheder",1830,Aarhus,,"Spangenberg, August Gottlieb",Aarhus,Aarhus,56.1629,10.2039
3650,Doc2895OCR.png,Doc2895OCR,1,NT,,,"Nösgen, C.F.","Die Evangelien nach Matthäus, Markus und Lukas ausgelegt",1886,Nördlingen,,"Nösgen, C.F.",Nördlingen,Nördlingen,48.8512,10.4889
3651,Doc4138OCR.png,Doc4138OCR,1,NV,,,"Worm-Müller, (Jakob)",Lærebog i Blodets og Lymfens Fysiologi af Worm-Müller og Jac.G.Otto,1886,Kra.,,"Worm-Müller, Jakob",Christiania,Oslo,59.9139,10.7522
3652,Doc3839OCR.png,Doc3839OCR,1,Li,30,Greske klassikere,Thoukydidés,The history of the Peloponnesian war. With notes by Thomas Arnold,1847,Oxf.,3. ed.,Thoukydidés,Oxford,Oxford,51.752,-1.2577
3653,Doc4110OCR.png,Doc4110OCR,1,MV,123,Misjon og kirke i Japan og det fjerne Østen,"(Williams, John)",Fortællinger fra Sydhavs-Øene af en Missionær,1839,Kbh.,,"Williams, John",København,Copenhagen,55.6761,12.5683
3654,Doc0768OCR.png,Doc0768OCR,1,GT,,,"Caspari, Carl Paul",Den gammeltestamentlige Skrifts Historie,1881,Kra.,,"Caspari, Carl Paul",Kra.,Oslo,59.9139,10.7522
3655,Doc2319OCR.png,Doc2319OCR,1,NT,45,Kommentar til Johannesevangeliet,"Larsen, Laurits Christian",Forkl. Bemerkninger,1863,Kra.,,"Larsen, Laurits Christian",Kra.,Oslo,59.9139,10.7522
3656,Doc2319OCR.png,Doc2319OCR,2,NT,45,Kommentar til Johannesevangeliet,"Munch, P. A.",Om den saakaldte nyere historiske Skole i Norge,1853,Chra.,,"Munch, P. A.",Chra.,Oslo,59.9139,10.7522
3657,Doc2319OCR.png,Doc2319OCR,3,NT,45,Kommentar til Johannesevangeliet,"Asbjørnsen, P. Chr.",Norske Folke-Eventyr fortalte af,,,,"Asbjørnsen, P. Chr.",,,,
3658,Doc3997OCR.png,Doc3997OCR,1,PT,80,Hymnologi og kirkemusikk,"Volkening, Pastor",Kleine Missionsharfe im Kirchen- und Volkston,1869,Gütersl.,24. Aufl.,"Volkening, Pastor",Gütersloh,Gütersloh,51.9025,8.3858
3659,Doc2048OCR.png,Doc2048OCR,1,SV,50,"Malayiske språk, gassisk språk","Johnson, Johannes",Begyndelsesgrundene i Gassisk Gramatik for Norske Nybegyndere,1904,Tanan.,,"Johnson, Johannes",Tanan.,Antananarivo,-18.8792,47.5079
3660,Doc0930OCR.png,Doc0930OCR,1,PT,92,Annen oppbyggelseslitteratur,"Dahl, Niels Alstrup",Sorg og Hjem. En Historie fortalt i femten Digte,1894,Kra.,2 ekspl.,"Dahl, Niels Alstrup",Kra.,Oslo,59.9139,10.7522
3661,Doc2064OCR.png,Doc2064OCR,1,Li,50,Fransk litteratur,"Jullien, Bernard","Dialogues des morts de Fénelon suivis de quelques dialogues de Boileau, Fontenelle, d'Alembert",1878,Paris,Ed. autor.,"Jullien, Bernard",Paris,Paris,48.8566,2.3522
3662,Doc0167OCR.png,Doc0167OCR,1,MV,138,Misjon og kirke på Madagaskar,"Barbié du Bocage, Victor Amédée","Madagascar, possession francaise depuis 1642",1859,Paris,,"Barbié du Bocage, Victor Amédée",Paris,Paris,48.8566,2.3522
3663,Doc0125OCR.png,Doc0125OCR,1,SV,20,Indogermanske språk [-> Indoeuropeiske språk],"Aubertin, Charles",Choix de textes de l'ancien francais du 10e au 16e siecle,1884,Paris,2e éd.,"Aubertin, Charles",Paris,Paris,48.8566,2.3522
3664,Doc2194OCR.png,Doc2194OCR,1,ST,,,"Koch, A.",Das tausendjährige Reich. Wider die Gegner des schriftgemässen Chiliasmus.,1872,Basel,,"Koch, A.",Basel,Basel,47.5596,7.5886
3665,Doc3502OCR.png,Doc3502OCR,1,PT,92,Annen oppbyggelseslitteratur,"Skavlan, Sigvald","Eva, den første Kvinde.",1872,Bergen,,"Skavlan, Sigvald",Bergen,Bergen,60.3913,5.3221
3666,Doc3585OCR.png,Doc3585OCR,1,PT,20,Pastorallære,"Stalker, James",Ordets tjenere og deres forbilleder. Overs. ... ved Birger Hall.,1893,Kra.,,"Stalker, James",Kra.,Oslo,59.9139,10.7522
3667,Doc2606OCR.png,Doc2606OCR,1,MV,138,Misjon og kirke på Madagaskar,"Megiserus, Hieronymus",An Ancient Account of Madagascar. A.D. 1609.,1877,Antan.,,"Megiserus, Hieronymus",Antan.,Antananarivo,-18.8792,47.5079
3668,Doc2404OCR.png,Doc2404OCR,1,MV,80,Misjon i andre land (Europa og Nord-Amerika),London Missionary Society,Report of the Deputation to New Guinea and South Seas.,1897,London,,London Missionary Society,London,London,51.5074,-0.1278
3669,Doc2404OCR.png,Doc2404OCR,2,MV,80,Misjon i andre land (Europa og Nord-Amerika),London Missionary Society,Report of the Deputation to South Africa.,1898,London,,London Missionary Society,London,London,51.5074,-0.1278
3670,Doc1889OCR.png,Doc1889OCR,1,ST,,,"Horn, E(rik) F(rederik) B(arth)",Naturvidenskab og Kristendom.,1889,Kra.,,"Horn, Erik Frederik Barth",Kra.,Oslo,59.9139,10.7522
3671,Doc3368OCR.png,Doc3368OCR,1,PT,92,Annen oppbyggelseslitteratur,"Schleiermacher, Friedrich",Prædikener om det christelige Huusliv. Overs. af Christian Winther.,1839,Kbh.,,"Schleiermacher, Friedrich",Kbh.,Copenhagen,55.6761,12.5683
3672,Doc2343OCR.png,Doc2343OCR,1,RV,20,Religionsfenomenologi,"Lehmann, Edv(ard)",Hedensk monoteisme. Bidrag til gudsbegrebets historie.,1897,Kbh.,,"Lehmann, Edvard",Kbh.,Copenhagen,55.6761,12.5683
3673,Doc1497OCR.png,Doc1497OCR,1,ST,50,Apologetikk,"Gladstone, W.E.",Ecce homo,1868,London,,,London,London,51.5074,-0.1278
3674,Doc0661OCR.png,Doc0661OCR,1,Et,20,Sosiologi,"Buckle, Henry Thomas",Civilisationens historie i England,,Fagerstrand pr.Høvik,,,Fagerstrand pr.Høvik,Fagerstrand near Høvik,,
3675,Doc3735OCR.png,Doc3735OCR,1,NV,60,Botanikk,"Sørensen, H(enrik) L(auritz)",Norsk flora for skoler,1890,Kra.,6. udg.,,Kra.,Oslo,59.9139,10.7522
3676,Doc3437OCR.png,Doc3437OCR,1,KH,,,"Seeberg, Reinhold",Paa tærskelen til det 20 de aarhundrede,1903,Kra.,,,Kra.,Oslo,59.9139,10.7522
3677,Doc0393OCR.png,Doc0393OCR,1,NT,,,Paul Passy,L'évangile selon Marc,1898,Paris,,,Paris,Paris,48.8566,2.3522
3678,Doc2978OCR.png,Doc2978OCR,1,GT,,,"Paludan-Müller, B.",Det kirkelige Skjel overfor den gammeltestamentlige Kritik,1895,Kbh.,,,Kbh.,Copenhagen,55.6761,12.5683
3679,Doc0836OCR.png,Doc0836OCR,1,Li,40,Latinske klassikere,"Cicero, Marcus Tullius",Talerne mod Katilina,1868,Kbh.,,,Kbh.,Copenhagen,55.6761,12.5683
3680,Doc0380OCR.png,Doc0380OCR,1,NT,10,Tekstutgaver og oversettelser,William Webster,The Greek testament with notes grammatical and exegetical,,London,,,London,London,51.5074,-0.1278
3681,Doc0639OCR.png,Doc0639OCR,1,NV,6,,"Brunchorst, J(ørgen)","Tolv populære foredrag om udvikling, liv og formering i planteriget.",1890,Bergen,,"Brunchorst, Jørgen",Bergen,Bergen,60.3913,5.3221
3682,Doc0584OCR.png,Doc0584OCR,1,SV,20,Indogermanske språk [-> Indoeuropeiske språk],"Brachet, A(uguste)",Nouveau cours de grammaire francaise ... par A Brachet (et) J. Dussouchet. Cours supérieur.,1894,Paris,6 e éd.,"Brachet, Auguste",Paris,Paris,48.8566,2.3522
3683,Doc0443OCR.png,Doc0443OCR,1,Bi;NT,44,,,Vor Herres og Frelsers Jesu Christi Nye Testamente.,1865,Stav. : [s.n.],528é,,Stav.,,,
3684,Doc0851OCR.png,Doc0851OCR,1,NT,,,"Clausen, H.N.",Fortolkning af de synoptiske Evangelier. B.1-2.,1850,Kbh.,2 b.,"Clausen, H.N.",Kbh.,Copenhagen,55.6761,12.5683
3685,Doc0084OCR.png,Doc0084OCR,1,Bi,20,"Bibelkunnskap, hermeneutikk","Angus, Joseph",The Bible hand-book: An introduction to the study of sacred scripture.,1861,London,,"Angus, Joseph",London,London,51.5074,-0.1278
3686,Doc1878OCR.png,Doc1878OCR,1,SV,20,Indogermanske språk [-> Indoeuropeiske språk],"Hoppe, A.",Englisch-deutsches Supplement-Lexikon ..,1871,Berlin,,"Hoppe, A.",Berlin,Berlin,52.52,13.405
3687,Doc1421OCR.png,Doc1421OCR,1,Va,20,?,"Færdem, And(ers)",Hvad enhver bør vide. B.1-2.,1894,Kra.,,"Færdem, Anders",Kra.,Oslo,59.9139,10.7522
3688,Doc0963OCR.png,Doc0963OCR,1,MS,,,"(Dahle, Lars)",Manuskript til Cirkulæret til Kredsforsamlingene i 1902.,1902,,,"Dahle, Lars",,,,
3689,Doc1980OCR.png,Doc1980OCR,1,NT,,,,Itestamente Entsha,1864,s.l.,161,,s.l.,,,
3690,Doc2871OCR.png,Doc2871OCR,1,MV,138,Misjon og kirke på Madagaskar,Det Norske Missionsselskab. Madagaskar.,Forslag til Organisation for den Gassisk-Lutherske Kirke.,1908,U.s.,,Det Norske Missionsselskab. Madagaskar.,U.s.,United States,,
3691,Doc0987OCR.png,Doc0987OCR,1,,,,"Dahle, Lars",Sproglige Notitser ...(etc.),,,,"Dahle, Lars",,,,
3692,Doc1183OCR.png,Doc1183OCR,1,ST,,,"Ellicott, C.J.",Six addresses on the being of God.,1880,London,,"Ellicott, C.J.",London,London,51.5074,-0.1278
3693,Doc0931OCR.png,Doc0931OCR,1,ST,,,"Dahl, N.A. (Niels A.)",Tanker om Inspirationen og Skriftens Ufeilbarhed.,1889,Kra.,,"Dahl, N.A. (Niels A.)",Kra.,Oslo,59.9139,10.7522
3694,Doc4206OCR.png,Doc4206OCR,1,PT,60,Kateketikk og pedagogikk,"Aas, Einar",Om opdragelse. Hjem og skole. Et ord til fædre og mødre. Foredrag.,1899,Kra.,,"Aas, Einar",Kra.,Oslo,59.9139,10.7522
3695,Doc0979OCR.png,Doc0979OCR,1,MV,138,Misjon og kirke på Madagaskar,"Dahle, L.",Ny fitsanganan' i Jesosy tamin'ny maty tamin'ny tena sy ny asan'izany amin'ny finoana kristiana.,1915,T.rive,Krt.,"Dahle, L.",T.rive,,,
3696,Doc3977OCR.png,Doc3977OCR,1,PT,,,"Vogt, Volrath",(En større) Bibelhistorie med Beskrivelse af det Hellige Land for Middelskolen. 5.opl.,1880,Kra.,,"Vogt, Volrath",Kra.,Oslo,59.9139,10.7522
3697,Doc3977OCR.png,Doc3977OCR,2,PT,,,,Bibelhistorie for middelskolen. Fork. av A.Chr.Bang. 2. fork. opl.,1901,Kra.,,,Kra.,Oslo,59.9139,10.7522
3698,Doc1086OCR.png,Doc1086OCR,1,ST,30,Dogmatikk,"Dorner, I.A.",A system of Christian doctrine,1888,Edinb.,N.rev. ed.,"Dorner, Isaac August",Edinburgh,Edinburgh,55.9533,-3.1883
3699,Doc2410OCR.png,Doc2410OCR,1,GT,30,Innledningsvitenskap,"Lotz, Wilh.",Das Alte Testament und die Wissenschaft,1905,Lpz.,,"Lotz, Wilhelm",Leipzig,Leipzig,51.3397,12.3731
3700,Doc0991OCR.png,Doc0991OCR,1,MV,90,Misjonærbiografier,"Terning, O.",Lars Dahle. I tidsskriftet Friska Vindar utg. av Svenska Missionsförbundet,1929,Sth.,"1929 nr. 1, 2 s. fotostatkopia.","Terning, Olof",Stockholm,Stockholm,59.3293,18.0686
3701,Doc2401OCR.png,Doc2401OCR,1,Ge,20,Enkelte lands geografi,London,Tourist's guide to London west of Trafalgar Square,,London,u.å.,,London,London,51.5074,-0.1278
3702,Doc0402OCR.png,Doc0402OCR,1,Bi;NT,10,,,Bibelen. N.T. Lukas. Hindui-Nagri. The gospel of Luke. In Hindui-Nagri,,,U.s.u.å.,,,,,
3703,Doc2405OCR.png,Doc2405OCR,1,MV,138,Misjon og kirke på Madagaskar,London Missionary Society,The troubles of Malagasy protestants,,London,189x,London Missionary Society,London,London,51.5074,-0.1278
3704,Doc1329OCR.png,Doc1329OCR,1,MV,20,"Misjon - konferanser, rapporter, oversikter",,Det Fjerde Lutherske Missionsmøde i Kjøbenhavn 22.-25. August 1893,1893,Kbh.,,,Copenhagen,Copenhagen,55.6761,12.5683
3705,Doc0069OCR.png,Doc0069OCR,1,PT,,,"Andersen, Axel","""Kirkens"" pædagog i skolen",1896,Chra.,,"Andersen, Axel",Christiania,Oslo,59.9139,10.7522
3706,Doc0199OCR.png,Doc0199OCR,1,Li,50,Fransk litteratur,Paul Bazin,Pages choisies,1910,Paris,,Paul Bazin,Paris,Paris,48.8566,2.3522
3707,Doc4137OCR.png,Doc4137OCR,1,MV,20,"Misjon - konferanser, rapporter, oversikter",,World Missionary Conference Edinburgh 1910. Official Handbook,1910,,,,,,,
3708,Doc1391OCR.png,Doc1391OCR,1,KH,110,Nord-Amerikas kirkehistorie,,Frikirken. Møte 1897.,1897,"Minneapolis, Minn.",,,"Minneapolis, Minn.","Minneapolis, Minnesota",44.9778,-93.265
3709,Doc3455OCR.png,Doc3455OCR,1,MV,138,Misjon og kirke på Madagaskar,,Misjonslitt. Gassisk. Ny Sekoly elementary sy ny raharahany,1884,Antan.,,,Antan.,Antananarivo,-18.8792,47.5079
3710,Doc1734OCR.png,Doc1734OCR,1,KH,,,H. Heggtveit,Gammelt og Nytt fra Naadens Rige,1886,Kra.,2 ekspl.,H. Heggtveit,Kra.,Kristiania (Oslo),59.9139,10.7522
3711,Doc3254OCR.png,Doc3254OCR,1,SV,30,Semittiske språk,J. Rosenberg,Assyrische Sprachlehre und Keilschriftkunde,,Wien,,J. Rosenberg,Wien,Vienna,48.2082,16.3738
3712,Doc3750OCR.png,Doc3750OCR,1,Li,40,Latinske klassikere,Publius Cornelius Tacitus,History,1876,London,3rd ed.,Publius Cornelius Tacitus,London,London,51.5074,-0.1278
3713,Doc2026OCR.png,Doc2026OCR,1,PT,94,Lærebøker i kristendomskunnskap,P. A. Jensen,Christelig Børnelærdøm,1860,Kra.,,P. A. Jensen,Kra.,Kristiania (Oslo),59.9139,10.7522
3714,Doc3316OCR.png,Doc3316OCR,1,SV,20,Indogermanske språk [-> Indoeuropeiske språk],"Sanders, D.",Deutschen Sprache und Literatur.,1905,Berlin-Schöneberg,,"Sanders, D.",Berlin-Schöneberg,Berlin-Schöneberg,52.4681,13.3462
3715,Doc3116OCR.png,Doc3116OCR,1,PT,94,Lærebøker i kristendomskunnskap,"Pontoppidan, Erich","Sandhed til Gudfrygtighed, udi en Forklaring over sal. Dr.Morten Luthers liden Catechismo",1906,Stvg.,,"Pontoppidan, Erich",Stvg.,Stavanger,58.9699756,5.7331073
3716,Doc2784OCR.png,Doc2784OCR,1,GT,70,Gammeltestamentlig bibelteologi og religionshistorie,"Møller, Wilhelm",Historisk-kritiske Betænkninger mod den Graf-Wellhausenske Hypothese af en tidligere Tilhænger. Overs. av Aage Schmidt.,1901,Chra.,,"Møller, Wilhelm",Chra.,Oslo,59.9139,10.7522
3717,Doc2730OCR.png,Doc2730OCR,1,NT,,,"Moule, Handley C.G.",Light from the first days. Short chapters on the earliest epistle of St.Paul,1911,London,,"Moule, Handley C.G.",London,London,51.5074,-0.1278
3718,Doc1965OCR.png,Doc1965OCR,1,PT,80,Hymnologi og kirkemusikk,"Ingemann, B(ernhard) S(everin)",Høimesse-Psalmer til Kirkeaarets Helligdage. 2.Udg. med et Tillæg af andre Psalmer samt Morgen-og Aftensange.,1843,Kbh.,2.Udg.,"Ingemann, B.S.",Kbh.,Copenhagen,55.6761,12.5683
3719,Doc3628OCR.png,Doc3628OCR,1,MV,15,"Misjon - fortellinger, misjonsmotivering","Stene, John",Fra Jerusalem indtil jordens ende ... Missionens bibelske grundlag.,1919,Stvg.,,"Stene, John",Stvg.,Stavanger,58.9699756,5.7331073
3720,Doc2918OCR.png,Doc2918OCR,1,MV,20,"Misjon - konferanser, rapporter, oversikter","Olden, O(le) F(redrik)",Atlas over norske missioner.,1910,Kra.,,"Olden, O.F.",Kra.,Oslo,59.9139,10.7522
3721,Doc3925OCR.png,Doc3925OCR,1,ST,,,"Ussing, Henry","Den christelige Vished. Apologetiske Undersøgelser med særligt Hensyn til Franks ""System der christlichen Gewissheit"".",1883,Kbh.,,"Ussing, Henry",Kbh.,Copenhagen,55.6761,12.5683
3722,Doc1360OCR.png,Doc1360OCR,1,SV,20,Indogermanske språk [-> Indoeuropeiske språk],"Fossum, L.O.",Kurdisk sangbokk,,,,"Fossum, L.O.",,,,
3723,Doc3218OCR.png,Doc3218OCR,1,SV,60,Afrikanske språk,"Riddel, Alexander",A grammar of the Chinyanja language as spoken at Lake Nyassa with vocabularies,1880,Edinb.,,"Riddel, Alexander",Edinburgh,Edinburgh,55.9533,-3.1883
3724,Doc2031OCR.png,Doc2031OCR,1,PT,92,Annen oppbyggelseslitteratur,,Jesu Genkomst,1911,Kureyri,,,Akureyri,Akureyri,65.6885,-18.1262
3725,Doc2749OCR.png,Doc2749OCR,1,MV,123,Misjon og kirke i Japan og det fjerne Østen,"Munzinger, Carl",Japan und die Japaner,1904,Stuttg.,,"Munzinger, Carl",Stuttgart,Stuttgart,48.7758,9.1829
3726,Doc4106OCR.png,Doc4106OCR,1,ST,,,"Wildhagen, A.",Det Ideale i os. To Foredrag for Prester,1896,Kra.,,"Wildhagen, A.",Kristiania,Oslo,59.9139,10.7522
3727,Doc3569OCR.png,Doc3569OCR,1,ST,35,Systematisk teologi – monografier,"Spittgerber, A.","Die Sünde wider den heiligen Geist, die Verstockungssünde des Wiedergeborenen",1890,Gütersl.,,"Spittgerber, A.",Gütersloh,Gütersloh,51.9069,8.3786
3728,Doc1797OCR.png,Doc1797OCR,1,PT,92,Annen oppbyggelseslitteratur,"Heuch, J(ohan) C(hristian)",Vidnesbyrd om Kristus. Prædikener,1889,Kra.,9.h.,"Heuch, Johan Christian",Kristiania,Oslo,59.9139,10.7522
3729,Doc0032OCR.png,Doc0032OCR,1,SV,30,Semittiske språk,Ahmed Arabsbiades,"Vitae et rerum gestarum Timuri, qui vulgo Tamerlanes dicitur, historia",1767,Leovardia,2 t.,Ahmed Arabsbiades,Leeuwarden,Leeuwarden,53.2012,5.7999
3730,Doc1029OCR.png,Doc1029OCR,1,PT,92,Annen oppbyggelseslitteratur,"Delitzsch, Franz",Sehet welch ein Mensch! Ein Christusbild.,1872,Lpz.,,"Delitzsch, Franz",Lpz.,Leipzig,51.3397,12.3731
3731,Doc1184OCR.png,Doc1184OCR,1,ST,,,"Ellicott, C.J.",Modern unbelief: its principles and characteristics. 6 adresses.,1877,London,,"Ellicott, C.J.",London,London,51.5074,-0.1278
3732,Doc0713OCR.png,Doc0713OCR,1,PT,20,Pastorallære,"(Büchsel, Carl)",Om Sjælesorgen. Overs. af L.C. Hansen.,1870,Kbh.,,"Büchsel, Carl",Kbh.,Copenhagen,55.6761,12.5683
3733,Doc0118OCR.png,Doc0118OCR,1,KH,,,Athanasius,Opera dogmatica selecta. Ex rec. Bern. de Montfaucon cum ejusdem interpretatione et adnotationibus.,1853,Lips.,,Athanasius,Lips.,Leipzig,51.3397,12.3731
3734,Doc1777OCR.png,Doc1777OCR,1,MV,121,Misjon og kirke i Kina,"Hertzberg, Arthur",Oversigt over den kristne missions historie i Kina. Foredrag.,1902,Fr.stad,,"Hertzberg, Arthur",Fredrikstad,Fredrikstad,59.2187,10.9298
3735,Doc1695OCR.png,Doc1695OCR,1,PT,,,"Harms, Claus",Pastoraltheologie. Overs. af Hans Egede Glahn. I 3 Bøger.,1847,Kbh.,,"Harms, Claus",Kbh.,Copenhagen,55.6761,12.5683
3736,Doc3986OCR.png,Doc3986OCR,1,PT,92,Annen oppbyggelseslitteratur,"Vogüé, E.M. de",Silvanus' testamente. En sjæls historie. Overs. af Olav Sinding.,1895,Kra.,,"Vogüé, E.M. de",Kra.,Kristiania (Oslo),59.9139,10.7522
3737,Doc3137OCR.png,Doc3137OCR,1,NV,70,Medisin og helse,"Prichard, J.C.",Om Sindssygdommene og andre sygelige Sjælstilstande. Overs. og med...Tillæg...forsynet af H. Selmer.,1842,Kbh.,,"Prichard, J.C.",Kbh.,Copenhagen,55.6761,12.5683
3738,Doc3108OCR.png,Doc3108OCR,1,GT,64,Kommentar til profetbøkene,"Seitz, Johann Christian",Apocalypsis luce et veritate neutiqam destituta,1721,Amst.,,,Amst.,Amsterdam,52.3667,4.8945
3739,Doc3379OCR.png,Doc3379OCR,1,ST,50,Apologetikk,"Schmidt, Wilh(elm)",Der Kampf der Weltanschauungen,1904,Berlin,,,Berlin,Berlin,52.52,13.405
3740,Doc1566OCR.png,Doc1566OCR,1,ST,,,"Güder, Eduard",Die Lehre von der Erscheinung Jesu Christi unter den Todten. In ihrem Zusammenhange mit der Lehre von den letzten Dingen.,1853,Bern,,,Bern,Bern,46.948,7.4474
3741,Doc0601OCR.png,Doc0601OCR,1,NV,70,Medisin og helse,"Bremer, Frederik",Haandbog i Lægevidenskabens Historie,1844,Kbh.,,,Kbh.,Copenhagen,55.6761,12.5683
3742,Doc3166OCR.png,Doc3166OCR,1,SV,50,"Malayiske språk, gassisk språk",Rajavona,Teny kely ny amy ny famadihana,1891,Antan.,,,Antan.,Antananarivo,-18.8792,47.5079
3743,Doc0561OCR.png,Doc0561OCR,1,KH,,,"Booth, (William)",In darkest England and the way out,1890,London,,,London,London,51.5074,-0.1278
3744,Doc3182OCR.png,Doc3182OCR,1,MV,138,Misjon og kirke på Madagaskar,"Rasoamanana, Frank",Ny Raharaha sy taozavatra,1878,Antan.,,,Antan.,Antananarivo,-18.8792,47.5079
3745,Doc3539OCR.png,Doc3539OCR,1,SV,30,Semittiske språk,"Socin, A.","Arabische Grammatik, Chrestomathie und Glossar",1885,Karlsruhe,,,Karlsruhe,Karlsruhe,49.0069,8.4037
3746,Doc3428OCR.png,Doc3428OCR,1,ST,,,"Schöpf, Wilhelm",Kunsten og det Sædelige,1901,Kra.,,"Schöpf, Wilhelm",Kra.,Oslo,59.9139,10.7522
3747,Doc3343OCR.png,Doc3343OCR,1,Et,10,Etnologi – allment,"Scharling, C(arl) Henrik",Menneskehed og Christendom i deres historiske Udvikling. En Fremstilling af Historiens Philosophi. D. 1,1872,Kbh.,1 b.,"Scharling, Carl Henrik",Kbh.,Copenhagen,55.6761,12.5683
3748,Doc3988OCR.png,Doc3988OCR,1,MV,138,Misjon og kirke på Madagaskar,,Misjonslitt. Gassisk. Volany ny fô masiny Jeso-Kristy. Ny Misionary katolika.,1869,Antan.,,,Antan.,Antananarivo,-18.8792,47.5079
3749,Doc3453OCR.png,Doc3453OCR,1,NT,,,"Seiss, J.A.",The apocalypse. A series of special lectures,,Philadelphia Pa,8 th. Ed. (pref.1869-80) 3 vol.,"Seiss, J.A.",Philadelphia Pa,Philadelphia,39.9526,-75.1652
3750,Doc0804OCR.png,Doc0804OCR,1,KH,,,Christian Endeavour. Utg.,Til Den norske kirkes prester,1906,Kra.,,Christian Endeavour. Utg.,Kra.,Oslo,59.9139,10.7522
3751,Doc2906OCR.png,Doc2906OCR,1,ST,,,"Oertel, J.R.",Hades. Exegetisch-dogmatische Abhandlung über den Zustand der abgeschiedenen Seelen,1863,Lpz.,,"Oertel, J.R.",Lpz.,Leipzig,51.3397,12.3731
3752,Doc0150OCR.png,Doc0150OCR,1,NV,60,Botanikk,"Balfour, J.H.",Class book of botany ...,1854,Edinb.,,"Balfour, J.H.",Edinb.,Edinburgh,55.9533,-3.1883
3753,Doc4101OCR.png,Doc4101OCR,1,PT,92,Annen oppbyggelseslitteratur,"Wikner, Pontius",Tankar och frågor inför Menniskones son. 2. uppl.,1888,Sth.,,"Wikner, Pontius",Sth.,Stockholm,59.3293,18.0686
3754,Doc4101OCR.png,Doc4101OCR,2,PT,92,Annen oppbyggelseslitteratur,"Wikner, Pontius",Religiösa meditationer och föredrag. II. III,1874,Sth.,,"Wikner, Pontius",Sth.,Stockholm,59.3293,18.0686
3755,Doc2988OCR.png,Doc2988OCR,1,SV,20,Indogermanske språk [-> Indoeuropeiske språk],"Passy, Paul",L'esclave en transcription phonétique.,1898,Paris,,"Passy, Paul",Paris,Paris,48.8566,2.3522
3756,Doc1132OCR.png,Doc1132OCR,1,Et,30,Norsk etnologi,"Daae, Ludvig",Nordmænds Udvandringer til Holland og England i nyere Tid. Et Bidrag til vor Søfarts Historie.,1880,Chra.,,"Daae, Ludvig",Chra.,Oslo,59.9139,10.7522
3757,Doc3092OCR.png,Doc3092OCR,1,SV,20,Indogermanske språk [-> Indoeuropeiske språk],"Platou, J.M.",Norsk grammatik og eksempelsamling for middelskolen. 4. opl.,1899,Kra.,,"Platou, J.M.",Kra.,Oslo,59.9139,10.7522
3758,Doc2205OCR.png,Doc2205OCR,1,MV,130,Misjon og kirke i Afrika,"Kolmodin, A(dolf)",Från de svartas världsdel. Tåresådd i Uganda.,1891,Sth.,,"Kolmodin, Adolf",Sth.,Stockholm,59.3293,18.0686
3759,Doc3570OCR.png,Doc3570OCR,1,RV,60,Islam,"Sprenger, A.","Mohammed, und der Koran. Eine psychologische Studie.",1889,Hamb.,,"Sprenger, A.",Hamb.,Hamburg,53.5511,9.9937
3760,Doc1968OCR.png,Doc1968OCR,1,MV,20,"Misjon - konferanser, rapporter, oversikter",,International mission study conference. 1. Lunteren 1911.,1911,U.s.,,,U.s.,United States,37.0902,-95.7129
3761,Doc1457OCR.png,Doc1457OCR,1,MV,122,Misjon og kirke i India,"Gengnagel, L.",Sieg des Evangeliums in einem Brahmanen-Herzen.,1883,Basel,,"Gengnagel, L.",Basel,Basel,47.5596,7.5886
3762,Doc3289OCR.png,Doc3289OCR,1,PT,90,Prekener og andaktsbøker,"Rørdam, T(omas) Skat",Naadens Aar. En Aargang Prædikener over Evangelierne i den ny Tekstrække.,1900,Kbh.,,"Rørdam, Thomas Skat",Kbh.,Copenhagen,55.6761,12.5683
3763,Doc3882OCR.png,Doc3882OCR,1,MV,15,"Misjon - fortellinger, misjonsmotivering","Tvedt, Nicolai",Bibelen og missionen.,,Bergen,,"Tvedt, Nicolai",Bergen,Bergen,60.39299,5.32415
3764,Doc0155OCR.png,Doc0155OCR,1,KH,,,"Bang, Anton Christian",Hans Nielsen Hauge og hans Samtid. En Monografie.,1874,Chra.,,"Bang, Anton Christian",Chra.,Oslo,59.9139,10.7522
3765,Doc0155OCR.png,Doc0155OCR,2,KH,,,"Bang, Anton Christian",Hans Nielsen Hauge og hans Samtid. En Monografie.,1910,Kra.,3. Opl.,"Bang, Anton Christian",Kra.,Oslo,59.9139,10.7522
3766,Doc2774OCR.png,Doc2774OCR,1,ST,30,Dogmatikk,"Mynster, Jakob Peter",Betragtninger over de christelige Troeslærdomme.,1846,Kbh.,3. Opl.,"Mynster, Jakob Peter",Kbh.,Copenhagen,55.6761,12.5683
3767,Doc0435OCR.png,Doc0435OCR,1,NT,10,Tekstutgaver og oversettelser,"Brun, Lyder",Det Nye Testamente i ny oversettelse.,1945,Oslo,2 b.,"Brun, Lyder",Oslo,Oslo,59.9139,10.7522
3768,Doc2539OCR.png,Doc2539OCR,1,MV;L,138,,,Madagascar for Christ. Impressions of nine missionary visitors.,1914,London,,,London,London,51.5074,-0.1278
3769,Doc1233OCR.png,Doc1233OCR,1,SV,10,Språkvitenskap – allment,"Wells, Amos R.",Esperantokursus for begyndere.,1907,Kra.,,"Wells, Amos R.",Kra.,Oslo,59.9139,10.7522
3770,Doc2661OCR.png,Doc2661OCR,1,Jød,10,Jødedommen - allment og blandet,"Milman, H.H.",The history of the Jews. Vol.1-3.,1868,London,3 vol.,"Milman, H.H.",London,London,51.5074,-0.1278
3771,Doc1571OCR.png,Doc1571OCR,1,MV,15,"Misjon - fortellinger, misjonsmotivering","Gøtsche, Ellen",Karumandis Alter.,1919,Kbh.,,"Gøtsche, Ellen",Kbh.,Copenhagen,55.6761,12.5683
3772,Doc0279OCR.png,Doc0279OCR,1,GT,10,Tekstutgaver og oversettelser,,Bibelen. G.T. Salm. Arabisk.,1871,,,,,,,
3773,Doc1679OCR.png,Doc1679OCR,1,MV,50,Norsk misjon - Det Norske Misjonsselskap,"Hansen, H.P.",I foreste række. 50 små fortællinger fra Missionsmarken.,1913,Kbh.,,"Hansen, H.P.",Kbh.,Copenhagen,55.6761,12.5683
3774,Doc3302OCR.png,Doc3302OCR,1,Li,80,Norrøn og nordisk litteratur,"Saint-Aubain, A(ndreas N(icolai) de)",Udvalgte Skrifter (af) Carl Bernhard,1895,Kbh.,,"Saint-Aubain, Andreas Nicolai de",Kbh.,Copenhagen,55.6761,12.5683
3775,Doc3302OCR.png,Doc3302OCR,2,Li,80,Norrøn og nordisk litteratur,Carl Bernhard,Udvalgte Skrifter,1897,Kbh.,,Carl Bernhard,Kbh.,Copenhagen,55.6761,12.5683
3776,Doc1521OCR.png,Doc1521OCR,1,SV,50,"Malayiske språk, gassisk språk",,Gramatika malagasy,1878,Antan.,,,Antan.,Antananarivo,,
3777,Doc2114OCR.png,Doc2114OCR,1,GT,30,Innledningsvitenskap,"Keil, Carl Friedrich",Lehrbuch der historisch-kritischen Einleitung in... das Alte Testament,1873,Frankf.a.M.,3. umgearb.Aufl.,"Keil, Carl Friedrich",Frankf.a.M.,Frankfurt am Main,50.1109,8.6821
3778,Doc0596OCR.png,Doc0596OCR,1,Va,20,?,"Brekke, Egil",Social aand.,1919,Kra.,,"Brekke, Egil",Kra.,Oslo,59.9139,10.7522
3779,Doc0755OCR.png,Doc0755OCR,1,NV,60,Botanikk,"Carpenter, William B(enjamin)",Vegetable Physiology and systematic Botany,1865,London,,"Carpenter, William Benjamin",London,London,51.5074,-0.1278
3780,Doc3283OCR.png,Doc3283OCR,1,GT,61,Kommentar til Genesis,"Ryssel, Carl Victor",De Elohistae Pentateuchici sermone...,1878,Lips.,,"Ryssel, Carl Victor",Lips.,Leipzig,51.3397,12.3731
3781,Doc4058OCR.png,Doc4058OCR,1,Et,20,Sosiologi,"Weise, J(ohan) P(eter)",Lærebog i romerske antikviteter,1880,Kra.,,"Weise, Johan Peter",Kra.,Oslo,59.9139,10.7522
3782,Doc0807OCR.png,Doc0807OCR,1,NV,30,Fysikk,"Christie, H(artvig Caspar)",Lærebog i Fysik. D.1-2.,1865,Chra.,2'D i 1 B.,"Christie, Hartvig Caspar",Chra.,Oslo,59.9139,10.7522
3783,Doc1149OCR.png,Doc1149OCR,1,KH,,,"Eckmann, Wilhelm",Lille Lene Luther. Fortalt for barn.,1916,Kra.,,"Eckmann, Wilhelm",Kra.,Oslo,59.9139,10.7522
3784,Doc3387OCR.png,Doc3387OCR,1,GT,50,Den nære orients arkeologi,"Schmidt, Aage",Udgravningerne i Assyrien og deres Betydning for Israel.,1910,Chra.,,"Schmidt, Aage",Chra.,Oslo,59.9139,10.7522
3785,Doc3670OCR.png,Doc3670OCR,1,GT,61,Kommentar til Genesis,"Strack, Hermann (L.)",Kurzgefasster Kommentar zu den heiligen Schriften Alten und Neuen Testamentes,1888,Nördlingen,"1., 2. Aufl.","Strack, Hermann L.",Nördlingen,Nördlingen,48.8519,10.4887
3786,Doc3857OCR.png,Doc3857OCR,1,MV,170,Israelsmisjon,"Torm, Frederik",Fortællinger af Israelsmissionens Historie.,1909,Kbh.,,"Torm, Frederik",Kbh.,Copenhagen,55.6761,12.5683
3787,Doc2333OCR.png,Doc2333OCR,1,NV,70,Medisin og helse,"Lebert, Hermann",Grundzüge der ärztlichen Praxis.,1868,Tüb.,,"Lebert, Hermann",Tüb.,Tübingen,48.5216,9.0576
3788,Doc2153OCR.png,Doc2153OCR,1,KH,,,"Kjelstrup, K.",Smaaskrifter til Sandhetens Forsvar. Porsgrund 1917-18. H. 2-4.,1917,Porsgrund,,"Kjelstrup, K.",Porsgrund,Porsgrunn,59.1404,9.6564
3789,Doc4053OCR.png,Doc4053OCR,1,Le,20,Ordbøker – moderne språk og latin,"Weigand, Friedrich Ludwig Karl",Deutsches Wörterbuch. 3. verb. Aufl.,1878,Giessen,3. verb. Aufl.,"Weigand, Friedrich Ludwig Karl",Giessen,Giessen,50.5791,8.6647
3790,Doc1452OCR.png,Doc1452OCR,1,Jød,,,"Geiger, Abraham",Urschrift und Uebersetzungen der Bibel in ihrer Abhängigkeit von der inneren Entwickelung des Judenthums.,1857,Breslau,,"Geiger, Abraham",Breslau,Wrocław,51.1079,17.0385
3791,Doc0908OCR.png,Doc0908OCR,1,GT,70,Gammeltestamentlig bibelteologi og religionshistorie,"Cumming, John",Moses right and Bishop Colenso wrong.,,London,,"Cumming, John",London,London,51.5074,-0.1278
3792,Doc1363OCR.png,Doc1363OCR,1,ST,48,Seksualetikk,"Fowler, O.S.",Love and parentage. Overs. til norsk. Titbl. mangler.,,,,"Fowler, O.S.",,,,
3793,Doc3342OCR.png,Doc3342OCR,1,ST,,,"Scharling, C(arl) Henrik",Jakob Bøhmes Theosohpi. En religionsphilosophisk og dogmatisk Undersøgelse.,1879,Kbh.,,"Scharling, Carl Henrik",Kbh.,Copenhagen,55.6761,12.5683
3794,Doc3571OCR.png,Doc3571OCR,1,Le,40,Bibliografier,"Spurgeon, C(harles) H(addon)",Commenting & commentaries: 2 lectures .. with a catalogue of biblical commentaries,1876,London,,"Spurgeon, Charles Haddon",London,London,51.5074,-0.1278
3795,Doc2701OCR.png,Doc2701OCR,1,Li,80,Norrøn og nordisk litteratur,"Monrad, M(arcus) J(acob)",Literaturen og dens Dele. En Indledning til Literaturstudium.,1876,Kra.,,"Monrad, Marcus Jacob",Kra.,Oslo,59.9139,10.7522
3796,Doc2878OCR.png,Doc2878OCR,1,SV,20,Indogermanske språk [-> Indoeuropeiske språk],"Nygaard, M(arius)",Eddasprogets Syntax.,1865,Bergen,2 H.,"Nygaard, Marius",Bergen,Bergen,60.3928,5.3239
3797,Doc1467OCR.png,Doc1467OCR,1,KH,,,C. Brockelmann,Geschichte der christlichen Litteraturen des Orients,1909,Lpz.,2. Ausg. mit Berichtigungen,,Lpz.,Leipzig,51.3397,12.3731
3798,Doc0709OCR.png,Doc0709OCR,1,Jød,40,Rabbinismen,"Johannes Buxtorf, sen.",Operis Talmudici brevis recensio,,,,,,,,
3799,Doc0709OCR.png,Doc0709OCR,2,Jød,40,Rabbinismen,"Johannes Buxtorf, sen.",De abbreviaturis Hebraicis,1696,Framquera,,,Framquera,Frankfurt,50.1109,8.6821
3800,Doc1896OCR.png,Doc1896OCR,1,PT,92,Annen oppbyggelseslitteratur,W.O. von Horn,Der Finger Gottes. Eine Reihe von Geschichten,1866,Eisleben,4. Aufl.,,Eisleben,Eisleben,51.5248,11.5527
3801,Doc0779OCR.png,Doc0779OCR,1,PT,94,Lærebøker i kristendomskunnskap,E. Cauly,Cours d'instruction religieuse a l'usage des catéchismes de persévérance des maisons d'éducation et des personnes du monde,1890,Paris,5 e éd.,,Paris,Paris,48.8566,2.3522
3802,Doc3370OCR.png,Doc3370OCR,1,GT,,,Joseph Schlier,Die Könige in Israel,1865,Stuttg.,2. Aufl.,,Stuttg.,Stuttgart,48.7758,9.1829
3803,Doc0182OCR.png,Doc0182OCR,1,KH,30,"Oldkirkens kirkehistorie, patristikk",Basilius fra Kesarea,"Sanctorum patrum Basilii magni arcepiscopi Caesareae Cappadociae, et Io: Chrysostomi homiliae selectae",1687,Patavium,,,Patavium,Padua,45.4064,11.8768
3804,Doc0728OCR.png,Doc0728OCR,1,GT,70,Gammeltestamentlig bibelteologi og religionshistorie,Friedrich Böttcher,De inferis rebusque post mortem futuris ex Hebraeorum et Graecorum opinionibus libri duo,1846,Dresda,,,Dresda,Dresden,51.0504,13.7373
3805,Doc0728OCR.png,Doc0728OCR,2,GT,70,Gammeltestamentlig bibelteologi og religionshistorie,Friedrich Böttcher,Collectanea Hebraica ad grammatica studii repetitionem moderationemque,1844,Dresda,,,Dresda,Dresden,51.0504,13.7373
3806,Doc3052OCR.png,Doc3052OCR,1,NV,10,Naturvitenskap – allment,Friedrich Pfaff,Die Entwicklung der Welt auf atomistischer Grundlage,1883,Heidelb.,,,Heidelb.,Heidelberg,49.3988,8.6724
3807,Doc4084OCR.png,Doc4084OCR,1,PT,80,Hymnologi og kirkemusikk,"Wexels, Wilhelm Andreas","Tillægg til den Evangelisk-christelige Psalmebog af W.A. Wexels, A. Grimelund og J. Moe.",1854,Chra.,,"Wexels, Wilhelm Andreas",Chra.,Oslo,59.9139,10.7522
3808,Doc1357OCR.png,Doc1357OCR,1,ST,18,Psykologi,"Fortlage, C.",Psykologiske Foredrag. Paa Dansk ved Alex. Thorsøe.,1876,Kbh.,,"Fortlage, C.",Kbh.,Copenhagen,55.6761,12.5683
3809,Doc1357OCR.png,Doc1357OCR,2,ST,18,Psykologi,"Monrad, M. I.",Om Menneskets Sjæl.,1864,Chra.,,"Monrad, M. I.",Chra.,Oslo,59.9139,10.7522
3810,Doc0846OCR.png,Doc0846OCR,1,MV,138,Misjon og kirke på Madagaskar,"Clark, Henry E.","Ny-patriarika, na ny tantarany Abrahama, Isaka, Jakoba ary Josefa.",1875,Antan.,,"Clark, Henry E.",Antan.,Antananarivo,-18.8792,47.5079
3811,Doc4060OCR.png,Doc4060OCR,1,NT,,,"Weiss, Bernhard",Das Neue Testament ... Übersetzung mit ... Erläuterung ...,1904,Lpz.,2 b.,"Weiss, Bernhard",Lpz.,Leipzig,51.3397,12.3731
3812,Doc3305OCR.png,Doc3305OCR,1,Li,40,Latinske klassikere,"Sallustus Crispus, Gaius",Catilina et Jugurtha. Bearb. til skolebrug af Carl Müller.,1881,Kra.,2. udg. D.1-2,"Sallustus Crispus, Gaius",Kra.,Oslo,59.9139,10.7522
3813,Doc0722OCR.png,Doc0722OCR,1,Ge,30,Norsk geografi,"Bøtzmann, Frederik",Sverige. Uddrag og Oversættelser af forskjellige Forfattere.,1869,Chra.,,"Bøtzmann, Frederik",Chra.,Oslo,59.9139,10.7522
3814,Doc3830OCR.png,Doc3830OCR,1,PT,92,Annen oppbyggelseslitteratur,"Thomasius, Gottfried",Prædikener. Fra Tydsk overs. ved Karl Martin Breien.,1857,Kra.,,"Thomasius, Gottfried",Kra.,Oslo,59.9139,10.7522
3815,Doc3407OCR.png,Doc3407OCR,1,ST,18,Psykologi,"Schubert, Gotthilf Heinrich von",Die Geschichte der Seele.,1850,Stuttg.,4. bearb. Aufl. B.1-2.,"Schubert, Gotthilf Heinrich von",Stuttg.,Stuttgart,48.7758,9.1829
3816,Doc3118OCR.png,Doc3118OCR,1,PT,92,Annen oppbyggelseslitteratur,"Pontoppidan, Erich","Troens Speil, eller Guds Børns Kiendetegn. Overs. fra Tydsk af Vesti Egeberg.",1834,Kbh.,,"Pontoppidan, Erich",Kbh.,Copenhagen,55.6761,12.5683
3817,Doc1839OCR.png,Doc1839OCR,1,ST,,,"Hofmann, J(ohann) Chr(istian Konrad) v(on)",Theologische Ethik. Abdruck einer ... Vorlesung.,1878,Nördlingen,,"Hofmann, Johann Christian Konrad von",Nördlingen,Nördlingen,48.8518,10.4883
3818,Doc1293OCR.png,Doc1293OCR,1,NT,,,"Feine, Paul",Einleitung in das Neue Testament,1913,Lpz.,,"Feine, Paul",Lpz.,Leipzig,51.3397,12.3731
3819,Doc0313OCR.png,Doc0313OCR,1,GT,10,Tekstutgaver og oversettelser,,Bibelen G.T. Salmernes bok. Norsk. Psalmternes Bog i oprindelig poetisk Form fremstillet af Pastor Storjohann.,1891,Chra.,,,Chra.,Oslo,59.9139,10.7522
3820,Doc0737OCR.png,Doc0737OCR,1,GT,66,Kommentar til Salmene,"Calvin, Johann",In librum Psalmorum commentaria. Ad editionem Amstelodamensem ... exscribi cur. A. Tholuck.,1836,Berlin,,"Calvin, Johann",Berlin,Berlin,52.52,13.405
3821,Doc0164OCR.png,Doc0164OCR,1,KH,80,Norges kirkehistorie,"Bang, A.Chr.",Oslo Domkapitels Altrrer og Præbender efter Reformationen,1893,Kra.,,"Bang, A. Chr.",Kra.,Oslo,59.9139,10.7522
3822,Doc1227OCR.png,Doc1227OCR,1,Ge,10,"Reiseskildringer, atlas","Erslev, Ed(uard)","Jordkloden og Mennesket, en almindelig Skildring af den physiske Geografi. D.1-2.",1860,Kbh.,2 b.,"Erslev, Edvard",Kbh.,Copenhagen,55.6761,12.5683
3823,Doc2559OCR.png,Doc2559OCR,1,Hi,15,Norsk historie,"Malling, Ove","Store og gode Handlinger af Danske, Norske og Holstenere. 5te Oplag.",1810,Kbh.,,"Malling, Ove",Kbh.,Copenhagen,55.6761,12.5683
3824,Doc2251OCR.png,Doc2251OCR,1,KH,30,"Oldkirkens kirkehistorie, patristikk","Krogh-Tønning, K(nud)",Om den ældste kirkelige Apologi over for det græsk-romerske Hedenskabs Tænkning.,1882,Chra.,,"Krogh-Tønning, Knud",Chra.,Oslo,59.9139,10.7522
3825,Doc1900OCR.png,Doc1900OCR,1,KH,70,Kirkehistoriske monografier,"Horning, Friedrich","Neue Züge aus dem Leben des Vorkämpfers Friedrich Horning, Pfarrer an Jung St.Peter (1845-1882). Von W.H., Pfarrer an Jung St.Peter. 2. Abdr.",1903,Strassb. i E.,,"Horning, Friedrich",Strassburg i E.,Strasbourg,48.5839,7.7455
3826,Doc1767OCR.png,Doc1767OCR,1,NV,70,Medisin og helse,"Hermann, L(udimar)",Grundriss der Physiologie des Menschen. 3. umgearb. Aufl.,1870,Berlin,,"Hermann, Ludimar",Berlin,Berlin,52.52,13.405
3827,Doc2054OCR.png,Doc2054OCR,1,Jød,10,Jødedommen - allment og blandet,"Jolowicz, H.",Zwei Bücher Blüthen rabbinischer Weisheit. 2. Ausg.,1849,Thorn,,"Jolowicz, H.",Thorn,Toruń,53.0138,18.5984
3828,Doc2054OCR.png,Doc2054OCR,2,Jød,10,Jødedommen - allment og blandet,"Grünwald, Seligmann","Die Glaubens- und Sittenlehren des Talmuds, nebst Erklärungen der heiligen Schrift etc. in talmudischen Auszügen ... ins Deutsche übertr.",1854,Heilbraun,,"Grünwald, Seligmann",Heilbraun,Heilbronn,49.1427,9.2109
3829,Doc1885OCR.png,Doc1885OCR,1,Li,40,Latinske klassikere,"Horatius Flaccus, Q(uintus)",Opera omnia,1850,London,New ed. rev.,"Horatius Flaccus, Quintus",London,London,51.5074,-0.1278
3830,Doc3590OCR.png,Doc3590OCR,1,Jød,10,Jødedommen - allment og blandet,"Stanley, Arthur Penrhyn",Lectures on the history of the Jewish church. 3.th ser. From the captivity to the Christian era. 2nd ed.,1877,London,,"Stanley, Arthur Penrhyn",London,London,51.5074,-0.1278
3831,Doc0268OCR.png,Doc0268OCR,1,Bi,40,Bibelutgaver,,La sainte Bible.,1891,Paris,6 e ed.,,Paris,Paris,48.8566,2.3522
3832,Doc4209OCR.png,Doc4209OCR,1,SV,20,Indogermanske språk [-> Indoeuropeiske språk],"Aasen, I(var)",Norsk Navnebog,1878,Kra.,,"Aasen, Ivar",Kra.,Oslo,59.9139,10.7522
3833,Doc4209OCR.png,Doc4209OCR,2,SV,20,Indogermanske språk [-> Indoeuropeiske språk],"Paulsen, Eilert",Navnefortegnelse over 400 norske Personnavne.,1892,Kra.,,"Paulsen, Eilert",Kra.,Oslo,59.9139,10.7522
3834,Doc0612OCR.png,Doc0612OCR,1,Li,80,Norrøn og nordisk litteratur,"Broch, Chr.; Seip, M.",Kortfattet norsk og dansk litteraturhistorie,1890,Kra.,2. opl.,"Broch, Chr.; Seip, M.",Kra.,Oslo,59.9139,10.7522
3835,Doc0612OCR.png,Doc0612OCR,2,Li,80,Norrøn og nordisk litteratur,"Broch, Chr.; Seip, M.",Kortfattet norsk og dansk litteraturhistorie,1893,Kra.,3. opl.,"Broch, Chr.; Seip, M.",Kra.,Oslo,59.9139,10.7522
3836,Doc0612OCR.png,Doc0612OCR,3,Li,80,Norrøn og nordisk litteratur,"Broch, Chr.; Seip, M.",Kortfattet norsk og dansk litteraturhistorie,1894,Kra.,3. forøg.udg.,"Broch, Chr.; Seip, M.",Kra.,Oslo,59.9139,10.7522
3837,Doc0612OCR.png,Doc0612OCR,4,Li,80,Norrøn og nordisk litteratur,"Broch, Chr.; Seip, M.",Kortfattet norsk og dansk litteraturhistorie,1897,Kra.,4. forøg.udg.,"Broch, Chr.; Seip, M.",Kra.,Oslo,59.9139,10.7522
3838,Doc2658OCR.png,Doc2658OCR,1,PT,92,Annen oppbyggelseslitteratur,"Miller, J.R.",Young men. Faults and ideals. A friendly talk with quotations from girls letters.,1896,London,,"Miller, J.R.",London,London,51.5074,-0.1278
3839,Doc2516OCR.png,Doc2516OCR,1,PT,92,Annen oppbyggelseslitteratur,"Laache, N.J.",Guds Ords herlighet. Prædiken,1877,Stvg.,,"Laache, N.J.",Stvg.,Stavanger,58.9699756,5.7331073
3840,Doc0445OCR.png,Doc0445OCR,1,NT,10,Tekstutgaver og oversettelser,,Bibelen. N.T. Norsk. Vor Herres og Frelsers Jesu Christi Nye Testament.,1879,Chra.,,,Chra.,Oslo,59.9139,10.7522
3841,Doc1929OCR.png,Doc1929OCR,1,KH,152,Protestantiske kirkesamfunn og vekkelsesbevegelser,,Hvorfor jeg blev evangelisk. En tidligere katoliks bekjendelse. Overs. av Edv. Sverdrup.,1913,Kra.,2 ekspl.,,Kra.,Oslo,59.9139,10.7522
3842,Doc3007OCR.png,Doc3007OCR,1,MV,138,Misjon og kirke på Madagaskar,"Pearson, John",Ny Filazan-kevitry ny symbolum atao hoe ny Credo. Nadikany F.A. Gregory.,,Antan.,u.å.,"Pearson, John",Antan.,Antananarivo,-18.8792,47.5079
3843,Doc0914OCR.png,Doc0914OCR,1,Bi,10,Bibelske oppslagsverk,"Kitto, John",A cyclopædia of biblical literature,1869,Edinb.,3 rd ed.,"Kitto, John",Edinb.,Edinburgh,55.9533,-3.1883
3844,Doc3469OCR.png,Doc3469OCR,1,MV,138,Misjon og kirke på Madagaskar,"Shaw, George A.","Madagascar and France with some account of the island, its people, its resources and development.",1885,(Lond.),,"Shaw, George A.",London,London,51.5074,-0.1278
3845,Doc0798OCR.png,Doc0798OCR,1,PT,80,Hymnologi og kirkemusikk,"Christ, W.",Anthologia Graeca carminum Christianorum adornaverunt W.Christ et M.Paramikas.,1871,Lips.,,"Christ, W.",Lips.,Leipzig,51.3397,12.3731
3846,Doc2272OCR.png,Doc2272OCR,1,ST,50,Apologetikk,"Kähler, Martin",Dogmatische Zeitfragen.,1898,Lpz.,,"Kähler, Martin",Lpz.,Leipzig,51.3397,12.3731
3847,Doc0680OCR.png,Doc0680OCR,1,ST,,,"Bugge-Asperheim, O.",Gjenfødelse ved Daaben.,1890,Arendal,,"Bugge-Asperheim, O.",Arendal,Arendal,58.4615,8.7725
3848,Doc0716OCR.png,Doc0716OCR,1,KH,,,"Büchsenchütz, Paul",Hans Nielsen Hauge 1771–1824. These ... pour obtenir le grade de bachelier en théologie ...,1901,Cahors,,"Büchsenchütz, Paul",Cahors,Cahors,44.449,1.438
3849,Doc0455OCR.png,Doc0455OCR,1,NT,10,Tekstutgaver og oversettelser,Bibelen. N.T. 2.Kor. Norsk.,Andet Korimtierbrev overs. og fortolket af P.O.Schjøtt.,1923,Kra.,,P.O. Schjøtt,Kra.,Oslo,59.9139,10.7522
3850,Doc1495OCR.png,Doc1495OCR,1,SV,20,Indogermanske språk [-> Indoeuropeiske språk],"Gjør, M(agnus)",Samling af Opgaver til Oversættelse fra Latin udg. af M.Gjør og J.Johanssen.,1868,Chra.,,"Gjør, Magnus",Chra.,Oslo,59.9139,10.7522
3851,Doc0702OCR.png,Doc0702OCR,1,ST,,,"Butler, Joseph","The analogy of religion, to the constitution and course of nature: also 15 sermons ... With a life of the author, ... By Joseph Angus.",,London,,"Butler, Joseph",London,London,51.5074,-0.1278
3852,Doc3032OCR.png,Doc3032OCR,1,ST,50,Apologetikk,"Petersen, Fredrik",Hvorledes bør Kirken møde Nutidens Vantro ?.,1880,Kra.,,"Petersen, Fredrik",Kra.,Oslo,59.9139,10.7522
3853,Doc3032OCR.png,Doc3032OCR,2,ST,50,Apologetikk,,Hvorfor jeg tror paa Jesus Christus.,1884,Chra.,,,Chra.,Oslo,59.9139,10.7522
3854,Doc2437OCR.png,Doc2437OCR,1,KH,,,"Luther, (Martin)",Deutsche Luther-Briefe,,Lpz.,4.-6. Taus.,"Luther, Martin",Lpz.,Leipzig,51.3397,12.3731
3855,Doc2723OCR.png,Doc2723OCR,1,MV,10,Misjonsteori – allment,"Mott, John R.",Den afgjørende Time i den kristne Mission,1911,Kbh.,,"Mott, John R.",Kbh.,Copenhagen,55.6761,12.5683
3856,Doc3526OCR.png,Doc3526OCR,1,ST,40,Etikk og moral,"Smith, Richard Travers",Religion and morality,,London,,"Smith, Richard Travers",London,London,51.5074,-0.1278
3857,Doc0085OCR.png,Doc0085OCR,1,KH,,,"Anker, Ella",Personlighedens liv efter døden,1911,Kra.,,"Anker, Ella",Kra.,Oslo,59.9139,10.7522
3858,Doc2463OCR.png,Doc2463OCR,1,KH,150,"Symbolikk, konfesjonskunnskap",,"Die symbolischen Bücher der evangelisch-lutherischen Kirche, deutsch und lateinisch",1860,Stuttg.,2. durchges. Aufl.,,Stuttg.,Stuttgart,48.7758,9.1829
3859,Doc0292OCR.png,Doc0292OCR,1,GT,10,Tekstutgaver og oversettelser,Carol. Godofr. Guiliemus Theile,De tolv små profeter,1851,Lips.,Ed.ster.,"Theile, Carolus Godofredus Guilielmus",Lips.,Leipzig,51.3397,12.3731
3860,Doc0384OCR.png,Doc0384OCR,1,NT,10,Tekstutgaver og oversettelser,"Preuschen, Erwin",Antilegomena,1901,Giessen,,"Preuschen, Erwin",Giessen,Gießen,50.587,8.6784
3861,Doc3320OCR.png,Doc3320OCR,1,MV,70,Nordisk misjon - selskap utenfor Norge,,Santalmissionen,1911,Kra.,,,Kra.,Oslo,59.9139,10.7522
3862,Doc0822OCR.png,Doc0822OCR,1,Li,40,Latinske klassikere,"Cicero, M(arcus) Tullius",(Eius) aliorumque ad ipsum epistolae selectae ... ed. Sev. Nic. Ioan. Bloch.,1818,Havnia,,"Cicero, Marcus Tullius",Hafnia,Copenhagen,55.6761,12.5683
3863,Doc1270OCR.png,Doc1270OCR,1,SV,20,Indogermanske språk [-> Indoeuropeiske språk],"Falk, Hjalmar",Landsmaal eller rigsmaal.,1900,Kra.,,"Falk, Hjalmar",Kristiania,Oslo,59.9139,10.7522
3864,Doc2891OCR.png,Doc2891OCR,1,RV,10,Religionshistorie,"Nägelisbach, Carl Friedrich von",Homerische Theologie. 2. Aufl. ... bearb. von Georg Autenrieth.,1861,Nürnb.,2. Aufl.,"Nägelisbach, Carl Friedrich von",Nürnberg,Nuremberg,49.4521,11.0767
3865,Doc4116OCR.png,Doc4116OCR,1,KH,20,"Almenn kirkehistorie, helhetsfremstillinger","Wiltsch, J(ohann) E(lieser) Th(eodor)",Kirchenhistorischer Atlas von den ersten Zeiten ... des Christentums bis zum Anfang des 16. Jahrh.,1843,Gotha,,"Wiltsch, Johann Elieser Theodor",Gotha,Gotha,50.9484,10.7019
3866,Doc0387OCR.png,Doc0387OCR,1,NT,10,Tekstutgaver og oversettelser,,Bibelens. N.T. Gresk. Novum testamentum Graece. Rec. ... Constant. de Tischendorf. Ed. academica 9.,1877,Lips.,9,,Leipzig,Leipzig,51.3397,12.3731
3867,Doc0531OCR.png,Doc0531OCR,1,NV,50,Zoologi,"Boas, J(ohan) E(rik) V(esti)",Lærebog i Zoologien.,1888,Kbh.,,"Boas, Johan Erik Vesti",København,Copenhagen,55.6761,12.5683
3868,Doc2899OCR.png,Doc2899OCR,1,Ge,10,"Reiseskildringer, atlas","Oberlænder, R. og Louis Thomas",Opdagelsernes Bog. En Fremstilling af Opdagelsesrejserne. 1. Del.,1890,Kbh.,1. Del.,"Oberlænder, R. og Louis Thomas",København,Copenhagen,55.6761,12.5683
3869,Doc3932OCR.png,Doc3932OCR,1,MV,20,"Misjon - konferanser, rapporter, oversikter","Vahl, J.","Forklaring til Missionsatlas. B. 1-4. (1. H.: Asien; 2. H.: Afrika; 3. H.: Amerika, 4. H.: Australien.)",1883,Kbh.,B. 1-4.,"Vahl, J.",København,Copenhagen,55.6761,12.5683
3870,Doc2884OCR.png,Doc2884OCR,1,KH,91,,"Nyholm, Asger",Religion og politik : en Monrad studie,1937,Kbh.,,Asger Nyholm,Kbh.,Copenhagen,55.6761,12.5683
3871,Doc2461OCR.png,Doc2461OCR,1,KH,80,Norges kirkehistorie,,Den moderne Vantro,1876,Kra.,,,Kra.,Kristiania,59.9139,10.7522
3872,Doc2765OCR.png,Doc2765OCR,1,SV,20,Indogermanske språk [-> Indoeuropeiske språk],"Müller, Friedrich Max",A Sanskrit Grammar for Beginners,1870,London,,Friedrich Max Müller,London,London,51.5074,-0.1278
3873,Doc1516OCR.png,Doc1516OCR,1,PT,92,Annen oppbyggelseslitteratur,"Goulburn, Edward Meyrick",Christendommens personlige Tilegnelse og Udøvelse. Betragtninger,1866,Bergen,5. engelske Udg.,Edward Meyrick Goulburn,Bergen,Bergen,60.3913,5.3221
3874,Doc4115OCR.png,Doc4115OCR,1,KH,,,"Wiltsch, Johann Elieser Theodor",Atlas sacer sive ecclesiasticus,1843,Gotha,,Johann Elieser Theodor Wiltsch,Gotha,Gotha,50.9461,10.6956
3875,Doc3985OCR.png,Doc3985OCR,1,MV,138,Misjon og kirke på Madagaskar,"Vogt, Volrath","Ny tantaran' ny eklesia, nosoratany Volrad Vogt. Orig.tit.: Kirkehistorie",1879,Tanan,,Volrath Vogt,Tanan,Antananarivo,-18.8792,47.5079
3876,Doc2206OCR.png,Doc2206OCR,1,MV,130,Misjon og kirke i Afrika,"Kolmodin, Adolf",Galla och evangelium,1885,Sth.,,Adolf Kolmodin,Sth.,Stockholm,59.3293,18.0686
3877,Doc0526OCR.png,Doc0526OCR,1,MV,30,Misjonshistorie,"Blumhardt, Christian Gottlieb",Versuch einer allgemeine Missionsgeschichte der Kirche Christi. B.1-5,1828,Basel,5 b.,Christian Gottlieb Blumhardt,Basel,Basel,47.5596,7.5886
3878,Doc3936OCR.png,Doc3936OCR,1,MSS,,,"Valen, A.",Fortegnelse over Seminariets (i Fianarantsoa).Møbler og Inventarium smat Katalog over Bøger ...,,,,"Valen, A.",,,,
3879,Doc2552OCR.png,Doc2552OCR,1,Jød,10,Jødedommen - allment og blandet,Mose ben Maimun,"More lisēdaqa, hu sefer More nebokim",1839,Krotoschin,,Mose ben Maimun,Krotoschin,Krotoszyn,51.656494,17.380037
3880,Doc2612OCR.png,Doc2612OCR,1,GT,70,Gammeltestamentlig bibelteologi og religionshistorie,"Meinhof, H.",Biblisches Schutz- und Trutzbüchlein Die Wahrheit der Bibel dargelegt gegen die Angriffe der Socialdemokraten und Freireligiösen ...,1895,Lpz.,,"Meinhof, H.",Lpz.,Leipzig,51.339695,12.373075
3881,Doc3723OCR.png,Doc3723OCR,1,PT,92,Annen oppbyggelseslitteratur,,Synderens skjebne.,,Kra.,,,Kra.,Oslo,59.913868,10.752245
3882,Doc1024OCR.png,Doc1024OCR,1,NT,,,"Delitz, Franz",Handwerkerleben zur Zeit Jesu.,1868,Erlangen,,"Delitz, Franz",Erlangen,Erlangen,49.590987,11.007486
3883,Doc0177OCR.png,Doc0177OCR,1,ST,,,"Barth, J(acob) B(eckmann)",Præstelærens Usandhed og den sande Kristendom. Et Modskrift mot Fr. Petersen og J.C. Heuch.,1889,Kra.,,"Barth, Jacob Beckmann",Kra.,Oslo,59.913868,10.752245
3884,Doc0386OCR.png,Doc0386OCR,1,NT,10,Tekstutgaver og oversettelser,Bibelen. N.T. Gresk.,Novum Testamentum Graece,1877,Lips.,Ed. academica 9.,,Lips.,Leipzig,51.339695,12.373075
3885,Doc0056OCR.png,Doc0056OCR,1,PT,50,Liturgikk,"Alt, Henrich",Der kirchliche Gottesdienst nach seinem verschiedenen Entwickelungsformen und seinen einzelnen Theilen historisch dargestellt.,1851,Berlin,2. Aufl.,"Alt, Henrich",Berlin,Berlin,52.5200066,13.404954
3886,Doc0784OCR.png,Doc0784OCR,1,MV,121,Misjon og kirke i Kina,The Central China Union Lutheran,"Minutes of the Conference held at the Theological Seminary, Shekow, April 9-12, 1915",1915,U.S.,,,U.S.,United States,37.0902,-95.7129
3887,Doc3016OCR.png,Doc3016OCR,1,MV,138,Misjon og kirke på Madagaskar,"Peill, J.",Ny Tantaran' i Jesusy Kristy,1899,Antan,,"Peill, J.",Antan,Antananarivo,-18.8792,47.5079
3888,Doc1220OCR.png,Doc1220OCR,1,ST,,,"Eriksen, R.",Det oversanselige. En kort udsigt over de psykiske og spiritualistiske fænomener,1891,Kra.,,"Eriksen, R.",Kra.,Oslo,59.9139,10.7522
3889,Doc1291OCR.png,Doc1291OCR,1,ST,,,"Feilberg, K(arl)",Om Kulturbevidsthed og Gudsbevidsthed,1893,Kra.,,"Feilberg, Karl",Kra.,Oslo,59.9139,10.7522
3890,Doc2268OCR.png,Doc2268OCR,1,NT,40,Kommentarverk til hele NT,"Kübel, Robert",Bibelkundskab. Forklaring til de vigtigste Stykker af den hellige Skrift og Indledning i de bibelske Bøger,1890,Kra.,,"Kübel, Robert",Kra.,Oslo,59.9139,10.7522
3891,Doc1615OCR.png,Doc1615OCR,1,KH,30,"Oldkirkens kirkehistorie, patristikk","Hagen, Jo(h)annes",Fragmenta selecta ex scriptis patrum ecclesiae Latinae,1850,Haunia,I sm.b,"Hagen, Johannes",Haunia,Copenhagen,55.6761,12.5683
3892,Doc1615OCR.png,Doc1615OCR,2,KH,30,"Oldkirkens kirkehistorie, patristikk","Augustinus, Aurelius",Enchiridion ad Laurentium de fide,,,,"Augustinus, Aurelius",,,,
3893,Doc0919OCR.png,Doc0919OCR,1,KH,30,"Oldkirkens kirkehistorie, patristikk",Cyprianus; (Thacius Cæcilius),Opera,1842,Parisiae,,"Cyprianus, Thacius Cæcilius",Parisiae,Paris,48.8566,2.3522
3894,Doc0341OCR.png,Doc0341OCR,1,NT,10,Tekstutgaver og oversettelser,Bibelen,"N.T. Acta. Arrawack The Acts of the Apostles, transl. into the Arrawack tongue; by Theodore Schultz, in 1802",1850,N.Y.,,Bibelen,N.Y.,New York,40.7128,-74.006
3895,Doc0366OCR.png,Doc0366OCR,1,NT,10,Tekstutgaver og oversettelser,,Bibelen. N.T. Lukas. Fransk. Evangile selon saint Luc. Version de J.F. Ostervald. Revision de 1885.,1891,Paris,,,Paris,Paris,48.8566,2.3522
3896,Doc2934OCR.png,Doc2934OCR,1,GT,20,"Ordbøker, konkordanser og grammatikker","Olshausen, Justus",Lehrbuch der hebräischen Sprache,1861,Brschw.,,"Olshausen, Justus",Brschw.,Braunschweig,52.2689,10.5268
3897,Doc2870OCR.png,Doc2870OCR,1,MV,50,Norsk misjon - Det Norske Misjonsselskap,,Det Norske Missionsselskab. Festskrift til (dets) Jubilæum i 1892. Red. av L. Dahle og S. E. Jørgensen.,1892,Stvg.,,,Stvg.,Stavanger,58.9699756,5.7331073
3898,Doc3579OCR.png,Doc3579OCR,1,Li,50,Fransk litteratur,"Staaff, (Ferdinand-Nathaniel)",La littérature francaise ... Lectures choisies.,1871,Paris,4 e- 5: e éd. T.1-3.,"Staaff, Ferdinand Nathaniel",Paris,Paris,48.8566,2.3522
3899,Doc1123OCR.png,Doc1123OCR,1,SV,20,Indogermanske språk [-> Indoeuropeiske språk],"Döderlein, (Ludwig Christoph Wilhelm)",Handbook of Latin Synonymes. Transl. from the German by H.H. Arnold.,1852,London,"2. ed., rev.","Döderlein, Ludwig Christoph Wilhelm",London,London,51.5074,-0.1278
3900,Doc2214OCR.png,Doc2214OCR,1,NT,,,"Kolmodin, A(dolf)",Är Johannesevangeliets Kristusbild en annan än synoptikernas ?,1907,Sth.,,"Kolmodin, Adolf",Sth.,Stockholm,59.3293,18.0686
3901,Doc2008OCR.png,Doc2008OCR,1,Li,30,Greske klassikere,"Jebb, R.C.",Greek literature,1886,London,,"Jebb, R.C.",London,London,51.5074,-0.1278
3902,Doc0997OCR.png,Doc0997OCR,1,SV,60,Afrikanske språk,"Dahle, M(arkus)",Kortfattet Zulugrammatik.,1893,Stvg.,2 ekspl.,"Dahle, Markus",Stvg.,Stavanger,58.9699756,5.7331073
3903,Doc1007OCR.png,Doc1007OCR,1,Li,65,,Dante Alighieri,La (divina) commedia.,1868,Firenze,6. ed. corr.,Dante Alighieri,Firenze,Florence,43.7696,11.2558
3904,Doc1128OCR.png,Doc1128OCR,1,Hi,10,Politisk historie og kulturhistorie,"Daa, Ludvig Kr(istensen)",Lærebog i Middelalderens Historie,1864,Kra.,,Ludvig Kristensen Daa,Kra.,Oslo,59.9139,10.7522
3905,Doc0117OCR.png,Doc0117OCR,1,KH,30,"Oldkirkens kirkehistorie, patristikk",Athenagoras,Bønskrift for de Christne,1886,Chra.,,Athenagoras,Chra.,Oslo,59.9139,10.7522
3906,Doc0117OCR.png,Doc0117OCR,2,KH,30,"Oldkirkens kirkehistorie, patristikk",Aurelius Augustinus,Modi Donatisterne: eller Om Kirkens Eenhed: Overs.,,,,Augustine of Hippo,,,,
3907,Doc4069OCR.png,Doc4069OCR,1,PT,92,Annen oppbyggelseslitteratur,"Wergeland, Håkon",Kyrkjeprofeten. Dikt.,1919,Kra.,,Håkon Wergeland,Kra.,Oslo,59.9139,10.7522
3908,Doc2095OCR.png,Doc2095OCR,1,PT,,,"Kalkar, Chr(istian) H(ermann)",Samvittighedsspeil for evangeliske Geistlige,1881,Kbh.,,Christian Hermann Kalkar,Kbh.,Copenhagen,55.6761,12.5683
3909,Doc0693OCR.png,Doc0693OCR,1,NT,,,"Bungener, Félix","Saint Paul: His life, labours, and epistles.",,London,,Félix Bungener,London,London,51.5074,-0.1278
3910,Doc1268OCR.png,Doc1268OCR,1,KH,,,"Fairbank, John K.",East Asia. The Great Tradition. A History of East Asian Civilization. Vol. 1.,1960,London,,John K. Fairbank,London,London,51.5074,-0.1278
3911,Doc4055OCR.png,Doc4055OCR,1,RV,60,Islam,"Weil, Gustav",Historisch-kritische Einleitung in den Koran.,1878,Bielef.,2. verb. Aufl.,Gustav Weil,Bielef.,Bielefeld,52.0219,8.5332
3912,Doc1507OCR.png,Doc1507OCR,1,Bi,,,"Godet, F.",Etudes bibliques,1876,Paris,2e sér: en 1 vol.,"Godet, F.",Paris,Paris,48.8566,2.3522
3913,Doc2940OCR.png,Doc2940OCR,1,SV,20,Indogermanske språk [-> Indoeuropeiske språk],"Ording, Fr(edrik)",Latinsk elementarbog,1903,Kra.,,"Ording, Frederik",Kra.,Oslo,59.9139,10.7522
3914,Doc2751OCR.png,Doc2751OCR,1,PT,92,Annen oppbyggelseslitteratur,"Murray, Andrew",Abide in Christ: Thoughts on the blessed life of fellowship with the son of God,1883,London,8th thous.,"Murray, Andrew",London,London,51.5074,-0.1278
3915,Doc2919OCR.png,Doc2919OCR,1,MV,10,Misjonsteori – allment,"Oldham, J.H.",The world and the gospel,1916,London,,"Oldham, J.H.",London,London,51.5074,-0.1278
3916,Doc1107OCR.png,Doc1107OCR,1,GT,64,Kommentar til profetbøkene,"Duhm, Bernhard",Israels Propheten,1916,Tüb.,,"Duhm, Bernhard",Tüb.,Tübingen,48.5227,9.0522
3917,Doc3835OCR.png,Doc3835OCR,1,ST,,,"(Thomson), William",An outline of necessary laws of thought,1364,London,7th thous.,"Thomson, William",London,London,51.5074,-0.1278
3918,Doc3087OCR.png,Doc3087OCR,1,NT,42,Kommentar til de synoptiske evangelier,"Platou, J.M.",Forklaring af Mattæus-evangeliet til skolebrug,1890,Kra.,,"Platou, J.M.",Kra.,Oslo,59.9139,10.7522
3919,Doc1451OCR.png,Doc1451OCR,1,Jød,40,Rabbinismen,"Geiger, Abraham",Lehr - und Lesebuch zur Sprache der Mischnah. 2. Abt. i 1 B.,1845,Breslau,,"Geiger, Abraham",Breslau,Wrocław,51.1079,17.0385
3920,Doc2359OCR.png,Doc2359OCR,1,ST,,,"Letourneau, Ch.",Moralens Udviklingshistorie. Forelæsninger ... Overs. af Vilhelm Boye.,1889,Kbh.,,,Kbh.,Copenhagen,55.6761,12.5683
3921,Doc0911OCR.png,Doc0911OCR,1,SV,50,"Malayiske språk, gassisk språk","Cust, R(obert) N(eedham)",The modern languages of Oceania.,,(London u.å.),,,London,London,51.5074,-0.1278
3922,Doc0266OCR.png,Doc0266OCR,1,Bi,40,Bibelutgaver,"Bibelen, engelsk.",The variorum teacher's edition of the Holy bible ... ed. by F.K.Cheyne a.o. ... with which is incorporated the Aids to the student of the Holy bible.,1880,London,,,London,London,51.5074,-0.1278
3923,Doc3402OCR.png,Doc3402OCR,1,SV,60,Afrikanske språk,"Schreuder, H(ans) P(aludan) S(mith)",Grammatik for Zulu-Sproget. Med Fortale og Anm. af C.A.Holmboe.,1850,Chra.,,,Chra.,Oslo,59.9139,10.7522
3924,Doc1170OCR.png,Doc1170OCR,1,NT,90,Nytestamentlig teologi. Urkirkens historie,"Eitrem, S.",Ein christliches-Amulett auf Papyrus von S. Eitrem und A. Fridrichsen.,1921,Kra.,,,Kra.,Oslo,59.9139,10.7522
3925,Doc2400OCR.png,Doc2400OCR,1,MV,,,,Logika Fizarana 1.,1878,Antan.,,,Antan.,Antananarivo,-18.8792,47.5079
3926,Doc3048OCR.png,Doc3048OCR,1,PT,80,Hymnologi og kirkemusikk,"Petersen, William",Under Mesterens Haand. Sange og Smaadigte.,1900,Kbh.,,,Kbh.,Copenhagen,55.6761,12.5683
3927,Doc2680OCR.png,Doc2680OCR,1,Li,80,Norrøn og nordisk litteratur,"Moe, Jørgen",Samlede Skrifter. Hundredaarsudgave.,1914,Kra.,,,Kra.,Oslo,59.9139,10.7522
3928,Doc3961OCR.png,Doc3961OCR,1,Li,70,Tysk litteratur,"Vilmar, A(ugust) F(riedrich) C(hristian)",Ueber Goethes Tasso.,1897,Gütersl.,2. Aufl.,"Vilmar, August Friedrich Christian",Gütersl.,Gütersloh,51.9034,8.3919
3929,Doc0106OCR.png,Doc0106OCR,1,PT,92,Annen oppbyggelseslitteratur,"Arnd(t), Johann",Paradiesgärtlein.,1853,Lpz.,,"Arndt, Johann",Lpz.,Leipzig,51.3397,12.3731
3930,Doc3153OCR.png,Doc3153OCR,1,ST,,,"Qvisling, J(on) L(aurits)",De hellige engle.,1892,Kr.,,"Qvisling, Jon Laurits",Kr.,Kristiania,59.9139,10.7522
3931,Doc0140OCR.png,Doc0140OCR,1,SV,20,Indogermanske språk [-> Indoeuropeiske språk],"Autenrieth, Georg",Wörterbuch zu den homerischen Gedichten.,1881,Lpz.,3. umgearb. Aufl.,"Autenrieth, Georg",Lpz.,Leipzig,51.3397,12.3731
3932,Doc3987OCR.png,Doc3987OCR,1,SV,50,"Malayiske språk, gassisk språk","S(tueland), L.","Vokabolary Malagasy sy Norsky, hianarana teny Norsky tsotsotra.",1893,Antananarivo,,"Stueland, L.",Antananarivo,Antananarivo,-18.8792,47.5079
3933,Doc1163OCR.png,Doc1163OCR,1,MV,121,Misjon og kirke i Kina,"Eikrem, P.S. og Andreas Fleischer",Kinas aapne dør av P.S.Eikrem og Andreas Fleischer.,1916,Stvg.,,"Eikrem, P.S. og Andreas Fleischer",Stvg.,Stavanger,58.9699756,5.7331073
3934,Doc3175OCR.png,Doc3175OCR,1,GT,61,Kommentar til Genesis,"Ranke, Friedrich Henrich","Untersuchungen über den Pentateuch, aus dem Gebiete der höheren Kritik. B.1-2.",1834,Erlangen,2 b.,"Ranke, Friedrich Henrich",Erlangen,Erlangen,49.5901,11.1978
3935,Doc2050OCR.png,Doc2050OCR,1,MV,138,Misjon og kirke på Madagaskar,"Johnson, Joh(anne)s",Fianaran'ny zaza madinika teny frantsay.,1898,Tanan.,,"Johnson, Johannes",Tanan.,Antananarivo,-18.8792,47.5079
3936,Doc2970OCR.png,Doc2970OCR,1,KH,,,"Paleario, Aonio",Om Christi Velgjernimg. Efter det Tydske ved M. Falkenberg.,1856,Chra.,,"Paleario, Aonio",Chra.,Oslo,59.9139,10.7522
3937,Doc0327OCR.png,Doc0327OCR,1,GT,10,Tekstutgaver og oversettelser,,Bibelen. G.T. Salmernes bok. Svensk. Psaltaren enligt bibelkommissionens normalupplaga.,1897,Sth.,,,Sth.,Stockholm,59.3293,18.0686
3938,Doc0927OCR.png,Doc0927OCR,1,ST,,,"Dahl, Niels A.",Daab og Nadverd.,1898,Kra.,,"Dahl, Niels A.",Kra.,Oslo,59.9139,10.7522
3939,Doc3360OCR.png,Doc3360OCR,1,NT,54,?,"Schjøtt, P.O.",Apostelen Paulus' andet brev til Timotheus.,1914,Kra.,,"Schjøtt, P.O.",Kra.,Oslo,59.9139,10.7522
3940,Doc0897OCR.png,Doc0897OCR,1,ST,35,Systematisk teologi – monografier,"Cremer, Hermann",Weissagung und Wunder im Zusammenhange der Heilsgeschichte.,1900,Gütersl.,,"Cremer, Hermann",Gütersl.,Gütersloh,51.9069,8.3863
3941,Doc3364OCR.png,Doc3364OCR,1,SV,20,Indogermanske språk [-> Indoeuropeiske språk],"Schleicher, August, Hg.","Indogermanische Chrestomathie. Schriftproben und lesestücke mit glossaren zu seinem compendium der vergleichenden grammatik ... Bearb. von H. Ebel, A. Leskien, Johannes Schmidt und August Schleicer.",1869,Weimar,,"Schleicher, August",Weimar,Weimar,50.9803,11.329
3942,Doc0738OCR.png,Doc0738OCR,1,NT,,,"Calvin, Johann","In omnes Pauli apostoli epistolas atque etiam in Epistolam ad Hebraeos commentarii, ad ed. R. Steph.",1831,Hale Saxonum,Vol.1-2. 2 vol.,"Calvin, Johann",Hale Saxonum,Halle (Saale),51.4822,11.9692
3943,Doc2838OCR.png,Doc2838OCR,1,KH,,,"Nissen, R(asmus) Tønder",Kirkehistorie. 10. utg. ved Karl Schreiner.,1916,Kra.,,"Nissen, Rasmus Tønder",Kra.,Oslo,59.9139,10.7522
3944,Doc3732OCR.png,Doc3732OCR,1,KH,,,"Sørensen, Chr(istian)",Er vor Konfirmation i sin nuværende Skikkelse kristelig forsvarlig? Et Konvents-foredrag.,1906,Kbh.,,"Sørensen, Christian",Kbh.,Copenhagen,55.6761,12.5683
3945,Doc2681OCR.png,Doc2681OCR,1,NT,,,"Moe, Olaf",Kristendom og slektskap. Familiens betydning for troens utbredelse i den første kristenhet.,1915,Kra.,,"Moe, Olaf",Kra.,Oslo,59.9139,10.7522
3946,Doc2074OCR.png,Doc2074OCR,1,MV,138,Misjon og kirke på Madagaskar,"Jørgensen, S(imon) E(manuel)",Hevi-teny aminy Joela sy Jona ary Malakia.,1892,Antan.,,"Jørgensen, Simon Emanuel",Antan.,Antananarivo,-18.8792,47.5079
3947,Doc2286OCR.png,Doc2286OCR,1,Bi,20,"Bibelkunnskap, hermeneutikk","Köster, Friedrich Burchard","Erläuterungen der heiligen Schrift ... aus den Klassikern, besonders aus Homer.",1833,Kiel,,"Köster, Friedrich Burchard",Kiel,Kiel,54.3233,10.1228
3948,Doc3820OCR.png,Doc3820OCR,1,ST,50,Apologetikk,"Tholuck, A(ugust)","Die Lehre von der Sünde und vom Versöhner, oder die wahre Weihe des Zweiflers. 6. Aufl.",1839,Hamb.,6. Aufl.,"Tholuck, August",Hamb.,Hamburg,53.5511,9.9937
3949,Doc2553OCR.png,Doc2553OCR,1,ST,,,"Maitland, Brownlow",Theism or agnosticism: An essay on the grounds of belief in God.,,London u.a.,,"Maitland, Brownlow",London u.a.,London and others,51.5074,-0.1278
3950,Doc3574OCR.png,Doc3574OCR,1,PT,92,Annen oppbyggelseslitteratur,"Spurgeon, Charles H(addon)",Mark-Prædikener. Overs. fra Engelsk af V.B.,1885,Kbh.,,"Spurgeon, Charles Haddon",Kbh.,Copenhagen,55.6761,12.5683
3951,Doc1825OCR.png,Doc1825OCR,1,ST,,,"Hodge, Charles",Systematic theology. Vol. 1-3.,1871,London,Vol. 1-3,"Hodge, Charles",London,London,51.5074,-0.1278
3952,Doc1475OCR.png,Doc1475OCR,1,KH,,,"Gieseler, Joh(ann) Carl Ludw(ig)",Lehrbuch der Kirchengeschichte,1835,Bonn,4.Aufl.,"Gieseler, Johann Carl Ludwig",Bonn,Bonn,50.7374,7.0982
3953,Doc2094OCR.png,Doc2094OCR,1,MV,170,Israelsmisjon,Kalkar. Chr(istian) H(ermann),Missionen iblandt Jøderne,1868,Kbh.,,"Kalkar, Christian Hermann",Kbh.,Copenhagen,55.6761,12.5683
3954,Doc3618OCR.png,Doc3618OCR,1,KH,90,De nordiske lands kirkehistorie,"Stein, Harald","Hvad vil den indre Mission ? Otte Foredrag om Tro, virksom i Kjærlighet",1882,Kbh.,,"Stein, Harald",Kbh.,Copenhagen,55.6761,12.5683
3955,Doc0673OCR.png,Doc0673OCR,1,NT,,,"Bugge, F(rederik) W(ilhelm)",Apostelen Paulus's Breve,1880,Chra.,2.Opl.,"Bugge, Frederik Wilhelm",Chra.,Oslo,59.9139,10.7522
3956,Doc2813OCR.png,Doc2813OCR,1,ST,,,"Neumann, F.W.",Life after death ? Palinodia,1886,London,,"Neumann, F.W.",London,London,51.5074,-0.1278
3957,Doc0910OCR.png,Doc0910OCR,1,Hi,10,Politisk historie og kulturhistorie,"Curtius, Ernst",Griechische Geschichte,1878,Berlin,5. verb. Aufl.,"Curtius, Ernst",Berlin,Berlin,52.52,13.405
3958,Doc0583OCR.png,Doc0583OCR,1,SV,20,Indogermanske språk [-> Indoeuropeiske språk],"Brachet, Auguste",Grammaire historique de la langue francaise,1867,Paris,5e éd.,"Brachet, Auguste",Paris,Paris,48.8566,2.3522
3959,Doc3575OCR.png,Doc3575OCR,1,PT,,,"Spurgeon, C(harles) H(addon)",Mina predikoutkast ... D.1. 1.Mös.bok.- Ordspr. ... Ofvers.,1885,Sth.,,"Spurgeon, Charles Haddon",Sth.,Stockholm,59.3293,18.0686
3960,Doc2758OCR.png,Doc2758OCR,1,ST,,,"Müller, E.",Die neuesten Zeugnisse der theologischen Universitätslehrer gegen die radikale Theologie,1906,Halle a. S.,,"Müller, E.",Halle a. S.,Halle (Saale),51.4827,11.9695
3961,Doc1327OCR.png,Doc1327OCR,1,SV,20,Indogermanske språk [-> Indoeuropeiske språk],"Fivas, Victor de",New grammar of French grammars; comprising the substance of all the most approved French grammars,1855,London,14th ed.,"Fivas, Victor de",London,London,51.5074,-0.1278
3962,Doc0975OCR.png,Doc0975OCR,1,MV,138,Misjon og kirke på Madagaskar,"Dahle, L(ars)",Ny Evangelia. Fanazavana ny teksta voalohany ... Edisiona fahatelo. (Evangelie-tekstene. Forklaring til 1. række. 3.oppl.),1920,Tananarive,,"Dahle, Lars",Tananarive,Antananarivo,-18.8792,47.5079
3963,Doc0110OCR.png,Doc0110OCR,1,Ge,10,"Reiseskildringer, atlas","Arstal, Aksel",Geografi for middelskolen,1899,Kra.,,"Arstal, Aksel",Kra.,Oslo,59.9139,10.7522
3964,Doc2889OCR.png,Doc2889OCR,1,Et,10,Etnologi – allment,"Nyström, Anton","Alfabetiskt register till Allmän kulturhistoria, utarb. af Lousie Nyström",1893,Sth.,,"Nyström, Anton",Sth.,Stockholm,59.3293,18.0686
3965,Doc3196OCR.png,Doc3196OCR,1,GT,30,Innledningsvitenskap,"Reland, Hadrian (1676-1718)",Antiquitates sacrae veterum Hebraeorum rec. et aux. Georg.Jo.Ludov.Vogel,1769,Hala,,"Reland, Hadrian (1676-1718)",Hala,Halle (Saale),51.4827,11.9695
3966,Doc3196OCR.png,Doc3196OCR,2,GT,30,Innledningsvitenskap,Johannes Simon,Vorlesungen über die jüdischen Altherthümer nach Anleitung Hadr.Relands Antiquitatum ... hg. von Samuel Mursinna,1769,Halle,,Johannes Simon,Halle,Halle (Saale),51.4827,11.9695
3967,Doc1400OCR.png,Doc1400OCR,1,KH,80,Norges kirkehistorie,,"Frivillig kirkelig Landsmøde, 5., forsamlet i Kristiania fra 29 de Oktober til 2 den November 1906",1907,Kra.,2 ekspl.,,Kra.,Oslo,59.9139,10.7522
3968,Doc3896OCR.png,Doc3896OCR,1,GT,68,Kommentar til skriftene forøvrig,"Michaelis, Jo.Heinrich",Uberiores adnotationes philologico-exegeticae in Hagiographos. Psalmi,1720,Hala,3 T.,"Michaelis, Jo.Heinrich",Hala,Halle (Saale),51.4827,11.9695
3969,Doc3896OCR.png,Doc3896OCR,2,GT,68,Kommentar til skriftene forøvrig,"Michaelis, Jo.Heinrich",Uberiores adnotationes philologico-exegeticae in Hagiographos. Liber Jobi,1720,Hala,Ib,"Michaelis, Jo.Heinrich",Hala,Halle (Saale),51.4827,11.9695
3970,Doc3212OCR.png,Doc3212OCR,1,KH,,,"Riant, Paul",Skandinavernes Korstog og Andagtsreiser til Palæstina (1000-1350).,1868,Kbh.,,"Riant, Paul",Kbh.,Copenhagen,55.6761,12.5683
3971,Doc3135OCR.png,Doc3135OCR,1,NT,,,"Pressensé, E(dmond) de","Jesus Christus, hans Tid, hans Liv, hans Gjerning.",1869,Kbh.,,"Pressensé, Edmond de",Kbh.,Copenhagen,55.6761,12.5683
3972,Doc3968OCR.png,Doc3968OCR,1,Li,40,Latinske klassikere,Virgilius,Works of Virgil rendered into English Prose. By James Lonsdale and Samuel Lee.,1874,London,,Virgilius,London,London,51.5074,-0.1278
3973,Doc2605OCR.png,Doc2605OCR,1,NV,70,Medisin og helse,Medisinaldirektøren,Sundhedstilstanden og medicinalforholdene 1912.,1914,Kra.,Aarg. 60. Utg. av Direktøren for det civile medicinalvæsen.,Medisinaldirektøren,Kra.,Oslo,59.9139,10.7522
3974,Doc0983OCR.png,Doc0983OCR,1,MS,,,"(Dahle, Lars)",Nytestamentlige (gammeltestamentlige) synonymer.,,U.s.u.å.,,"Dahle, Lars",Unknown,Unknown,,
3975,Doc3220OCR.png,Doc3220OCR,1,PT,90,Prekener og andaktsbøker,"Riddervold, Jul.",Prædikener til Aarets Søndage og Helligdage.,1902,Kra.,298 s.,"Riddervold, Jul.",Kra.,Oslo,59.9139,10.7522
3976,Doc2148OCR.png,Doc2148OCR,1,Va,20,?,Kirlu,Elendighedens Ofre. Original Virkelighedsfortelling fra Kristiania.,,Kra.,u.å.,Kirlu,Kra.,Oslo,59.9139,10.7522
3977,Doc1065OCR.png,Doc1065OCR,1,SV,20,Indogermanske språk [-> Indoeuropeiske språk],"Diez, Friedrich",Französische Grammatik ...,1865,Marb.,2. verb. Aufl.,"Diez, Friedrich",Marb.,Marburg,50.8022,8.7665
3978,Doc2816OCR.png,Doc2816OCR,1,GT,20,"Ordbøker, konkordanser og grammatikker","Nicolai, Jo. Fridric","Hodogeticum orientale harmonicum; quod complectitur 1. Lexicon linguarum: Ebraicae, Chaldaicae, Syriacae, Arabicae, Aethiopicae et Persicae harmonium. 2. Grammaticam linguarum earundem. 3. Dicta biblica.",1670,Jenae,,"Nicolai, Johann Friedrich",Jenae,Jena,50.9271,11.5892
3979,Doc2724OCR.png,Doc2724OCR,1,MV,10,Misjonsteori – allment,"Mott, John R.",Consecration,1908,London,Reprint from Hoc Deus vult.,"Mott, John R.",London,London,51.5074,-0.1278
3980,Doc3838OCR.png,Doc3838OCR,1,ST,,,"Thorson, A.B.",Om Velfærdsmoral og Determinisme i Anledning af Prof. Høffdings Etik.,1888,Kbh.,,"Thorson, A.B.",Kbh.,Copenhagen,55.6761,12.5683
3981,Doc3115OCR.png,Doc3115OCR,1,PT,,,"Pontoppidan, Erich","Opvækkelige Hyrde-Breve, forsendte aarlig til Præsteskabet i Bergens Stift.",1849,Levanger,Paany trykte,"Pontoppidan, Erich",Levanger,Levanger,63.7463,11.2994
3982,Doc1234OCR.png,Doc1234OCR,1,SV,10,Språkvitenskap – allment,,Esperantoordliste,1907,Kra.,,,Kra.,Oslo,59.9139,10.7522
3983,Doc3478OCR.png,Doc3478OCR,1,MV,138,Misjon og kirke på Madagaskar,"Sibree, James",A quarter-century of change and progress: Antananarivo and Madagascar twenty-five years ago.,1890,Antan.,"Særtr. av Antan.annual, 1888.","Sibree, James",Antananarivo,Antananarivo,-18.8792,47.5079
3984,Doc2595OCR.png,Doc2595OCR,1,MV,138,Misjon og kirke på Madagaskar,"Matthews, T.T.","Ny fahasambaran sy ny lalàn' ny fanjakany. Fampisehoan-kevitra amy ny filazanstara nosoratan, Matio toko V., ka hatramy ny toko VII.",1886,Antan.,L.M.S.,"Matthews, T.T.",Antananarivo,Antananarivo,-18.8792,47.5079
3985,Doc1380OCR.png,Doc1380OCR,1,SV,10,Språkvitenskap – allment,"Freund, Wilhelm",Wie studiert man Philologie? Eine Hodegetik ...,1872,Lpz.,2. Aufl.,"Freund, Wilhelm",Lpz.,Leipzig,51.3397,12.3731
3986,Doc0517OCR.png,Doc0517OCR,1,MV,20,"Misjon - konferanser, rapporter, oversikter","Blegen, J.H.",Al Verden for Kristus. Beretning om Verdensmissionskonferensen i Edinburgh 14 de til 23 de Juni 1910.,1911,"Minneap., Minn.",,"Blegen, J.H.","Minneap., Minn.","Minneapolis, Minnesota",44.9778,-93.265
3987,Doc3019OCR.png,Doc3019OCR,1,SV,60,Afrikanske språk,Perrin,English-Zulu dictionary. New ed. rev. by J.A. Brickhill.,1865,Pietermaritzb.,New ed. rev.,Perrin,Pietermaritzb.,Pietermaritzburg,-29.6006,30.3794
3988,Doc2566OCR.png,Doc2566OCR,1,Li,,,"Manzoni, Alessandro",Die Verlobten. Uebers. von Daniel Lessmann.,,Lpz. u.å.,,"Manzoni, Alessandro",Lpz. u.å.,Leipzig and others,51.3397,12.3731
3989,Doc3890OCR.png,Doc3890OCR,1,NV,30,Fysikk,"Tyndall, John","Varme og Kulde, seks Foredrag.",1874,Chra.,,"Tyndall, John",Chra.,"Oslo, Kristiania",59.9139,10.7522
3990,Doc0500OCR.png,Doc0500OCR,1,GT,61,Kommentar til Genesis,"Birks, T.R.","The exodus of Israel: Its difficulties examined, and its truth confirmed ...",1863,London,,"Birks, T.R.",London,London,51.5074,-0.1278
3991,Doc2004OCR.png,Doc2004OCR,1,GT,70,Gammeltestamentlig bibelteologi og religionshistorie,"Janson, Kristofer",Adam og Eva i ny Belysning.,1896,Kra.,,"Janson, Kristofer",Kra.,"Oslo, Kristiania",59.9139,10.7522
3992,Doc3272OCR.png,Doc3272OCR,1,PT,,,"Rudelbach, A(ndreas) G(ottlob)","Den evangeliske Kirkeforfatnings Oprindelse og Princip, dens Udartning og dens mulige Gjenrejsning fornemmelig i Danmark ...",1849,Kbh.,,"Rudelbach, Andreas Gottlob",Kbh.,Copenhagen,55.6761,12.5683
3993,Doc3272OCR.png,Doc3272OCR,2,PT,,,"Høfling, Joh. Wilh. Friedr.",Grundsätze evangelisch-lutherischer Kirchenverfassung. Eine dogmatisch-kirchenrechtliche Abhandlung.,1850,Erlangen,,"Høfling, Joh. Wilh. Friedr.",Erlangen,Erlangen,49.5897,11.1978
3994,Doc0614OCR.png,Doc0614OCR,1,Te,10,Matematikk,"Broch, O(le) J(acob)",Lærebog i Arithmetik og Algebraens Elementer.,1862,Chra.,2. Opl.,"Broch, Ole Jacob",Chra.,"Oslo, Kristiania",59.9139,10.7522
3995,Doc1345OCR.png,Doc1345OCR,1,ST,,,Andreas Brandrud,For frisindet kristendom. Religiøse foredrag (m.fl.),1906,Kra.,,"Brandrud, Andreas",Kra.,Oslo,59.9139,10.7522
3996,Doc1345OCR.png,Doc1345OCR,2,ST,,,Andreas Brandrud,For frisindet kristendom II ... Religiøse foredrag af,1907,Kra.,,"Brandrud, Andreas",Kra.,Oslo,59.9139,10.7522
3997,Doc3072OCR.png,Doc3072OCR,1,KH,70,Kirkehistoriske monografier,Ferdinand Piper,Die Zeugen der Wahrheit. Lebensbilder zum evangelischen Kalender.B.1–4.,1874,Lpz.,4 b.,"Piper, Ferdinand",Lpz.,Leipzig,51.3397,12.3731
3998,Doc1261OCR.png,Doc1261OCR,1,MV,121,Misjon og kirke i Kina,Ernst Faber,Billeder fra China.,1894,Bergen,,"Faber, Ernst",Bergen,Bergen,60.3913,5.3221
3999,Doc1288OCR.png,Doc1288OCR,1,PT,99,,Georg Fasting,Vor religiøse opdragelse.,1892,Bergen,,"Fasting, Georg",Bergen,Bergen,60.3913,5.3221
4000,Doc2485OCR.png,Doc2485OCR,1,NV,50,Zoologi,Chr(istian Frederik) Lütken,Skildringer af Dyrelivet i Fortid og Nutid.,1880,Kbh.,,"Lütken, Christian Frederik",Kbh.,Copenhagen,55.6761,12.5683
4001,Doc3903OCR.png,Doc3903OCR,1,SV,30,Semittiske språk,Maximilian Adolph Uhlemann,De veterorum Aegyptiorum lingua et litteris ...,1851,Lips.,,"Uhlemann, Maximilian Adolph",Lips.,Leipzig,51.3397,12.3731
4002,Doc1120OCR.png,Doc1120OCR,1,PT,94,Lærebøker i kristendomskunnskap,K(arl) A(ugust) Dächsel,"Opbyggelig Kathekismusundervisning. Forklaringer, Bemærkninger og Fortællinger til Kathekismen ... Udg. ved H.Grønsdal.",1887,Bergen,,"Dächsel, Karl August",Bergen,Bergen,60.3913,5.3221
4003,Doc0254OCR.png,Doc0254OCR,1,ST,50,Apologetikk,F(rederik) Bettex,Naturstudium og Kristendom. Autor. Overs. efter Orig. 10.Opl. ved M.Wölff.,1905,Kbh.,2 ekspl.,"Bettex, Frederik",Kbh.,Copenhagen,55.6761,12.5683
4004,Doc1263OCR.png,Doc1263OCR,1,Hi,20,Nordisk historie,"Fabricius, A(dam Kristoffer)",Illustreret Danmarkshistorie for Folket.,1889,Odense,Ny Udg.,Adam Kristoffer Fabricius,Odense,Odense,55.3946,10.3883
4005,Doc1401OCR.png,Doc1401OCR,1,KH,80,Norges kirkehistorie,,"Frivillig kirkelig landsmøde, 6. forsamlet i Kristiania fra 1. til 9. november 1908.",1909,Kra.,,,Kra.,Kristiania,59.9139,10.7522
4006,Doc1470OCR.png,Doc1470OCR,1,GT,20,"Ordbøker, konkordanser og grammatikker","Gesenius, Wilhelm",Thesaurus philologicus criticus linguae Hebraea et Chaldaea Veteris Testamenti. Ed. 2. T.1-4.,1842,Lips.,4 t.,Wilhelm Gesenius,Lips.,Leipzig,51.3397,12.3731
4007,Doc1470OCR.png,Doc1470OCR,2,GT,20,"Ordbøker, konkordanser og grammatikker",,"Fasc. novissimus ... indices, additamenta et emendationes ... ed. Aemilius Roediger Ed. 2. auctior.",1858,Lips.,,,Lips.,Leipzig,51.3397,12.3731
4008,Doc0144OCR.png,Doc0144OCR,1,ST,,,"Bacon, (Francis Viscount St. Alban)",Moral and historical works ... (ed.) by Joseph Devey.,1870,London,,Francis Bacon,London,London,51.5074,-0.1278
4009,Doc2203OCR.png,Doc2203OCR,1,Li,80,Norrøn og nordisk litteratur,"Koll, Karl",Laak lagnad. Forteljing.,1893,Bergen,,Karl Koll,Bergen,Bergen,60.3913,5.3221
4010,Doc1802OCR.png,Doc1802OCR,1,MV,138,Misjon og kirke på Madagaskar,,Misjonslitt. Hevitra atìsipý ny amin'ny organisasionan' ny Fiangonana lutherana Malagasy eto ampovoan-tany.,,U.s.u.å.,,,U.s.u.å.,Unknown,,
4011,Doc1059OCR.png,Doc1059OCR,1,ST,,,"Dietelmaier, Joh(ann) Augustin",Historia dagmatis de descensu Christi ad inferos litteraria. Ed. 2. emend. auctior.,1762,Altorfium,,Johann Augustin Dietelmaier,Altorfium,Altdorf,49.387,11.359
4012,Doc1464OCR.png,Doc1464OCR,1,NV,70,Medisin og helse,"Gerhardt, Carl",Lehrbuch der Kinderkrankheiten. 3. verb. Aufl.,1874,Tüb.,,Carl Gerhardt,Tüb.,Tübingen,48.5236,9.0536
4013,Doc3082OCR.png,Doc3082OCR,1,Li,30,Greske klassikere,Platon,Timaeos,1855,Kbh.,,Plato,Kbh.,Copenhagen,55.6761,12.5683
4014,Doc3082OCR.png,Doc3082OCR,2,,30,,"Mühlhäuser, Dr.","Staatskirche, Volkskirche, Freikirche",1869,Barmen,2. Abdr.,"Mühlhäuser, Dr.",Barmen,Wuppertal,51.2562,7.1508
4015,Doc3596OCR.png,Doc3596OCR,1,MV,121,Misjon og kirke i Kina,,Statutes of the Central China Union Lutheran Theological Seminary,,U.s.u.å.,,,U.s.u.å.,Unknown,,
4016,Doc3639OCR.png,Doc3639OCR,1,PT,80,Hymnologi og kirkemusikk,"Sthen, Hans Christensen","Herre Jesu Christ, Min Frelser du est",,,,"Sthen, Hans Christensen",,,,
4017,Doc1509OCR.png,Doc1509OCR,1,PT,20,Pastorallære,"Goderstad, Lars",To Slags Prester. Fremstillet i Bibelens og Kirkehistoriens Lys,1914,Bergen,,"Goderstad, Lars",Bergen,Bergen,60.3913,5.3221
4018,Doc1502OCR.png,Doc1502OCR,1,ST,,,"Goderstad, Lars",Den moderne Theologi seet i Guds Ords lys,,Bergen,,"Goderstad, Lars",Bergen,Bergen,60.3913,5.3221
4019,Doc2741OCR.png,Doc2741OCR,1,SV,20,Indogermanske språk [-> Indoeuropeiske språk],"Munch, P(eter) A(ndreas)","Forn-Swenskans (Svænsku ok Gøzku) och Forn-Norskans(Norroenu)Språkbyggnad, jemte ett Bihang om den äldsta runskriften",1849,Sth.,,"Munch, Peter Andreas",Sth.,Stockholm,59.3293,18.0686
4020,Doc3651OCR.png,Doc3651OCR,1,ST,,,"Storjohann, (Johan Cordt Harmens)",Jesu Kristi Opstandelse fra de Døde Et Svar til den moderne Fornægtelse af samme,1908,Bergen,,"Storjohann, Johan Cordt Harmens",Bergen,Bergen,60.3913,5.3221
4021,Doc0708OCR.png,Doc0708OCR,1,Jød,,,"Buxtorf, Johannes (1564-1629)","Lexicon Chaldaicum, Talmudicum et Rabbinicum",1639,Basileae,,"Buxtorf, Johannes",Basileae,Basel,47.5596,7.5886
4022,Doc1078OCR.png,Doc1078OCR,1,Et,20,Sosiologi,"Ditlevsen, J(ohan) G(ottlob)",Louis Pasteur.,1896,Kbh.,,"Ditlevsen, Johan Gottlob",Kbh.,Copenhagen,55.6761,12.5683
4023,Doc0317OCR.png,Doc0317OCR,1,GT,10,Tekstutgaver og oversettelser,,Bibelen. G.T. Sal. Nynorsk. Salmarne.,1904,Kra.,,,Kra.,Oslo,59.9139,10.7522
4024,Doc0121OCR.png,Doc0121OCR,1,GT,64,Kommentar til profetbøkene,"Auberlen, Carl August",Der Prophet Daniel und die Offenbarung Johannis...,1857,Basel,2. Aufl.,"Auberlen, Carl August",Basel,Basel,47.5596,7.5886
4025,Doc3707OCR.png,Doc3707OCR,1,KH,,,"Sverdrup, Edv. medforf.",Hauge ogh Haugianismen. av L. Dahle och Edv. Sverdrup.,1925,Stockh.,,"Sverdrup, Edvard",Stockh.,Stockholm,59.3293,18.0686
4026,Doc1480OCR.png,Doc1480OCR,1,GT,,,"Ginsburg, Christian D.",The song of songs Transl. ... with a commentary ...,1857,London,,"Ginsburg, Christian David",London,London,51.5074,-0.1278
4027,Doc4193OCR.png,Doc4193OCR,1,SV,20,Indogermanske språk [-> Indoeuropeiske språk],"Aalholm, N(iels) M(atthias)",Materialier til franske Stiløvelser ...,1853,Chra.,,"Aalholm, Niels Matthias",Chra.,Oslo,59.9139,10.7522
4028,Doc3060OCR.png,Doc3060OCR,1,Jød,40,Rabbinismen,"Philippson, Ludwig","Die Israelitische Bibel. Enthaltend: Den heiligen Urtext, die deutsche Uebertragung, die allgemeine, ausführliche Erläuterung, ...",1858,Lpz.,2. Ausg.,"Philippson, Ludwig",Lpz.,Leipzig,51.3397,12.3731
4029,Doc3382OCR.png,Doc3382OCR,1,GT,,,"(Schmidt, Aage)",Forslag om en Udgravning i Silo,,(Kbh.),,"Schmidt, Aage",Kbh.,Copenhagen,55.6761,12.5683
4030,Doc2973OCR.png,Doc2973OCR,1,ST,,,"Paley, William","A view of the evidences of Christianity, and the Horae Paulinae",1849,Cambr.,A new ed. by Robert Potts.,"Paley, William",Cambr.,Cambridge,52.2043,0.1218
4031,Doc1311OCR.png,Doc1311OCR,1,MV,138,Misjon og kirke på Madagaskar,,Fihirana fanao amin'ny Fiangonana loterana,1903,Tanan.,N.M.S.,,Tanan.,Antananarivo,-18.8792,47.5079
4032,Doc1311OCR.png,Doc1311OCR,2,MV,138,Misjon og kirke på Madagaskar,,,1906,Tanan.,,,Tanan.,Antananarivo,-18.8792,47.5079
4033,Doc3695OCR.png,Doc3695OCR,1,Li,40,Latinske klassikere,"Suetonius Tranquillus, Gaius",Tolv første Romerske Keiseres Levnetsbeskrivelse,1802,Kbh.,D.1-2,"Suetonius Tranquillus, Gaius",Kbh.,Copenhagen,55.6761,12.5683
4034,Doc3761OCR.png,Doc3761OCR,1,Jød,40,Rabbinismen,,Talmud. Mischna,,,,,,,,
4035,Doc1281OCR.png,Doc1281OCR,1,ST,10,Filosofi og idéhistorie,"Eucken, Rudolf",Rudolf Eucken. A philosophy of life,1910,Lond.,by Abel J. Jones,"Eucken, Rudolf",Lond.,London,51.5074,-0.1278
4036,Doc3039OCR.png,Doc3039OCR,1,NT,55,Kommentar til Hebreerbrevet,"Petersen, L.W. Schat",Hebraer-Brevet fortolket,1896,Kbh.,,"Petersen, L.W. Schat",Kbh.,Copenhagen,55.6761,12.5683
4037,Doc2195OCR.png,Doc2195OCR,1,Li,70,Tysk litteratur,"Koch, Max",Geschichte der deutschen Litteratur,1897,Lpz.,3. durchges. Aufl.,"Koch, Max",Lpz.,Leipzig,51.3397,12.3731
4038,Doc3247OCR.png,Doc3247OCR,1,SV,20,Indogermanske språk [-> Indoeuropeiske språk],"Roget, Peter Mark",Thesaurus of English words and phrases,1879,London,New ed. by John Lewis Roget,"Roget, Peter Mark",London,London,51.5074,-0.1278
4039,Doc1405OCR.png,Doc1405OCR,1,KH,80,Norges kirkehistorie,,Frivillige kirkemøte. Drammen 1919. Kirkestevnet i Drammen 7.-8. sept. 1919. Foredrag og taler.,1919,Kra.,,,Kra.,Oslo,59.9139,10.7522
4040,Doc3498OCR.png,Doc3498OCR,1,ST,50,Apologetikk,"Skagestad, G. (abriel)",Materialismen og vor tid. 3 foredrag.,1913,Kra.,2 ekspl.,"Skagestad, Gabriel",Kra.,Oslo,59.9139,10.7522
4041,Doc3333OCR.png,Doc3333OCR,1,Li,80,Norrøn og nordisk litteratur,"Schack, E.H.",Johannes,,Kbh.,,"Schack, E.H.",Kbh.,Copenhagen,55.6761,12.5683
4042,Doc0940OCR.png,Doc0940OCR,1,KH,152,Protestantiske kirkesamfunn og vekkelsesbevegelser,"Dahle, L. (ars)",Den sjæl som synder skal dø. Av L. Dahle og G. Daae.,1921,Bergen,,"Dahle, Lars",Bergen,Bergen,60.3913,5.3221
4043,Doc1349OCR.png,Doc1349OCR,1,KH,,,,Foreningen til evangeliets forkynnelse for skandinaviske sjømænd i fremmede havner . I 50 aar. 1864-1914. Festskrift.,1914,Bergen,,,Bergen,Bergen,60.3913,5.3221
4044,Doc2771OCR.png,Doc2771OCR,1,PT,92,Annen oppbyggelseslitteratur,"Mynster, C.",To Lignelser. De to Veje og Øen i det store Hav.,1906,Kbh.,,"Mynster, C.",Kbh.,Copenhagen,55.6761,12.5683
4045,Doc1971OCR.png,Doc1971OCR,1,MV,138,Misjon og kirke på Madagaskar,,Ireo fahavalo goavambe ...,1896,Antan.,,,Antan.,Antananarivo,-18.8792,47.5079
4046,Doc0734OCR.png,Doc0734OCR,1,RV,20,Religionsfenomenologi,"Callaway, Henry",On the religious sentiment amongst the tribes of South Africa.,,U.s.u.å.,,"Callaway, Henry",U.s.u.å.,Unknown,,
4047,Doc1732OCR.png,Doc1732OCR,1,KH,,,"Heffermed, A(braham) V(ilhelm)",Geistlige Møder i Norge. Et Bidrag til den norske Kirkes Historie efter Reformationen til 1814.,1890,Kra.,,"Heffermed, Abraham Vilhelm",Christiania,Oslo,59.9139,10.7522
4048,Doc1790OCR.png,Doc1790OCR,1,MV,90,Misjonærbiografier,"Hesse, Joh(annes)",Sechs-und-dreissig Jahre in der indischen Mission. Dr. John Scudder ...,1875,Basel,,"Hesse, Johannes",Basel,Basel,47.5596,7.5886
4049,Doc1626OCR.png,Doc1626OCR,1,PT,80,Hymnologi og kirkemusikk,"Hagene, Kristoffer","Sange for Skolen og Hjemmet, Melodier til. Gjennemsm. af Ludv. M. Lindeman. 2. Opl.",1889,Kra.,2. Opl.,"Hagene, Kristoffer",Christiania,Oslo,59.9139,10.7522
4050,Doc3374OCR.png,Doc3374OCR,1,KH,,,"Schmid, H(einrich)",Lehrbuch der Dogmengeschichte. 2.verm. Aufl.,1868,Nördlingen,2.verm. Aufl.,"Schmid, Heinrich",Nördlingen,Nördlingen,48.8516,10.4881
4051,Doc2745OCR.png,Doc2745OCR,1,KH,80,Norges kirkehistorie,"Munch, P.A.","Oplysninger om det pavelige Archiv og dets Indhold, udg. af Gustav Storm.",1876,Chra.,,"Munch, P.A.",Christiania,Oslo,59.9139,10.7522
4052,Doc3420OCR.png,Doc3420OCR,1,ST,15,Filosofihistorie,"Schwegler, Albert",Philosophiens Historie i sammentrængt Fremstilling. Overs. af F.C.B. Dahl.,1856,Kbh.,,"Schwegler, Albert",København,Copenhagen,55.6761,12.5683
4053,Doc1841OCR.png,Doc1841OCR,1,ST,,,"Hognestad, Peter",Meiningar um Jesus.,1907,Kra.,,"Hognestad, Peter",Christiania,Oslo,59.9139,10.7522
4054,Doc2868OCR.png,Doc2868OCR,1,MV,138,Misjon og kirke på Madagaskar,,"De Konferensresolutioner fra 1877-91, som antages endnu at have nogen praktisk Bedeutung ...",1892,Antan.,,,Antananarivo,Antananarivo,-18.8792,47.5079
4055,Doc3400OCR.png,Doc3400OCR,1,KH,170,Moderne religiøse samfunn og retninger,"Schreiner, Karl",Mormonerne og deres lære. Foredrag.,1912,Kra.,,"Schreiner, Karl",Kra.,Oslo,59.9139,10.7522
4056,Doc4201OCR.png,Doc4201OCR,1,ST,,,"Aars, Kristian B(irch)-R(eichenwald)",Indledning til psykologien ...,1898,Kra.,,"Aars, Kristian Birch-Reichenwald",Kra.,Oslo,59.9139,10.7522
4057,Doc2768OCR.png,Doc2768OCR,1,MV,10,Misjonsteori – allment,"Müller, Karl Friedrich",Was man erlebt. Ansprache.,1907,Bremen,,"Müller, Karl Friedrich",Bremen,Bremen,53.0793,8.8017
4058,Doc1395OCR.png,Doc1395OCR,1,KH,80,Norges kirkehistorie,"Frivillig kirkelig Landsmøde, ... 1873.",Forhandlinger.,1873,Chra.,,,Chra.,Oslo,59.9139,10.7522
4059,Doc2256OCR.png,Doc2256OCR,1,ST,110,,"Kuhn, Félix","Choses anciennes et nouvelles. Extraits d'articles parus dans le journal ""Le Temoignage"", publiés par un Groupe d'Amis.",1911,Paris,,"Kuhn, Félix",Paris,Paris,48.8566,2.3522
4060,Doc0059OCR.png,Doc0059OCR,1,MV,70,Nordisk misjon - selskap utenfor Norge,Altschul.,Real-Lexicon für homöopathische Arzneimittellehre. Therapie u. Arzneireitungskunde ...,1864,Sondershausen,,Altschul,Sondershausen,Sondershausen,51.369346,10.870875
4061,Doc2185OCR.png,Doc2185OCR,1,PT,80,Hymnologi og kirkemusikk,"Knapp, Albert",Evangelischer Liederschatz ... gesammelt und ... bearb. 3. verm. Aufl.,1865,Stuttg.,3. verm. Aufl.,"Knapp, Albert",Stuttg.,Stuttgart,48.7758,9.1829
4062,Doc1755OCR.png,Doc1755OCR,1,GT,40,Israels historie,"Hengstenberg, E.W.",History of the kingdom of God under the Old Testament. Transl. from German Vol.1-2.,1871,Edinb.,Vol.1-2,"Hengstenberg, E.W.",Edinb.,Edinburgh,55.9533,-3.1883
4063,Doc3948OCR.png,Doc3948OCR,1,Li,50,Fransk litteratur,"La Veye, Marin de",The French classics abridged ... Vol.1-2.,1859,London,,Marin de la Veye,London,London,51.5074,-0.1278
4064,Doc1213OCR.png,Doc1213OCR,1,KH,,,"Erasmus Rotterdamus, Desiderius","Colloquia familiaria, notis ... ad modum Jo. Minelli inlustrata ... opera M. Jo. Pauli Gumprechti. Acc. Scriverii Coronis apologetica pro Colloquiis Erasmi; eiusdem dissertatio de Colloquiorum utilitate",1736,Lips.,,Desiderius Erasmus Rotterdamus,Lips.,Leipzig,51.3397,12.3731
4065,Doc0659OCR.png,Doc0659OCR,1,NV,10,Naturvitenskap – allment,"Brøgger, (Waldemar Christopher)",To Foredrag over Istiden,,,,Waldemar Christopher Brøgger,,,,
4066,Doc0052OCR.png,Doc0052OCR,1,Va,20,?,,Almanak ... Den Søndenfjeldske Udg.,1890,Chra.,,,Chra.,Oslo,59.9139,10.7522
4067,Doc0052OCR.png,Doc0052OCR,2,Va,20,?,,Almanak ... Den Søndenfjeldske Udg.,1894,Chra.,,,Chra.,Oslo,59.9139,10.7522
4068,Doc0052OCR.png,Doc0052OCR,3,Va,20,?,,Almanak ... Den Søndenfjeldske Udg.,1896,Chra.,,,Chra.,Oslo,59.9139,10.7522
4069,Doc2550OCR.png,Doc2550OCR,1,SV,20,Indogermanske språk [-> Indoeuropeiske språk],"Madvig, Johan Nicolai",Latinsk Sproglære ... 3. forb. Udg.,1852,Kbh.,3. forb. Udg.,Johan Nicolai Madvig,Kbh.,Copenhagen,55.6761,12.5683
4070,Doc3222OCR.png,Doc3222OCR,1,KH,,,"Rigg, James H.","Modern Anglican theology: Chapters on Coleridge, Hare, Maurice, Kingsley, and Jowett, ... 2 ed. rev.",1859,London,2 ed. rev.,James H. Rigg,London,London,51.5074,-0.1278
4071,Doc1795OCR.png,Doc1795OCR,1,ST,50,Apologetikk,"Heuch, J(ohan) C(hristian)",Vantroens Væsen,1883,Kra.,,Johan Christian Heuch,Kra.,Oslo,59.9139,10.7522
4072,Doc1891OCR.png,Doc1891OCR,1,KH,152,Protestantiske kirkesamfunn og vekkelsesbevegelser,"Horn, E(rik) F(rederik) B(arth)",Om Sekterne i vor Tid.,1890,Kra.,,"Horn, Erik Frederik Barth",Kra.,Oslo,59.9139,10.7522
4073,Doc0687OCR.png,Doc0687OCR,1,KH,80,Norges kirkehistorie,"Bull, Edv.",Den pavelige legat Stephanus i Norge (1163).,1915,Kra.,,"Bull, Edvard",Kra.,Oslo,59.9139,10.7522
4074,Doc2020OCR.png,Doc2020OCR,1,PT,,,"Jensen, Gustav",Om menighets-gudstjenesten,1913,Kra.,,"Jensen, Gustav",Kra.,Oslo,59.9139,10.7522
4075,Doc2995OCR.png,Doc2995OCR,1,KH,30,"Oldkirkens kirkehistorie, patristikk",,Patrum apostolicorum opera.,1863,Lips.,Editio Altera aucta.,,Lips.,Leipzig,51.3397,12.3731
4076,Doc0638OCR.png,Doc0638OCR,1,PT,94,Lærebøker i kristendomskunnskap,"Brun, Yngvar",Bibelhistorie for middelskolen,1889,Kra.,,"Brun, Yngvar",Kra.,Oslo,59.9139,10.7522
4077,Doc3471OCR.png,Doc3471OCR,1,PT,20,Pastorallære,"Shedd, William G.T.",Homiletics and pastoral theology.,1869,Edinb.,,"Shedd, William G.T.",Edinb.,Edinburgh,55.9533,-3.1883
4078,Doc2673OCR.png,Doc2673OCR,1,PT,80,Hymnologi og kirkemusikk,,Missions-Salmer og Sange,1893,Kbh.,"3., 5. Opl.",,Kbh.,Copenhagen,55.6761,12.5683
4079,Doc0048OCR.png,Doc0048OCR,1,Jød,10,Jødedommen - allment og blandet,"Allen, John","Modern Judaism: or, a Brief account of the opinions, traditions, rites, and ceremonies, of the Jews in modern times.",1816,London,,"Allen, John",London,London,51.5074,-0.1278
4080,Doc1189OCR.png,Doc1189OCR,1,MV,,,"Engberg, Gunner",Under Korsets Mærke. Et Portræt af Missionær Johannes Johnson.,1916,Kbh.,,"Engberg, Gunner",Kbh.,Copenhagen,55.6761,12.5683
4081,Doc3900OCR.png,Doc3900OCR,1,ST,,,"Ueberweg, Friedrich",Grundriss der Geschichte der Philosophie 5.-4. Aufl. 3 T.,1876,Berl.,"5., 4. verb. Aufl.","Ueberweg, Friedrich",Berl.,Berlin,52.52,13.405
4082,Doc2817OCR.png,Doc2817OCR,1,Te,10,Matematikk,"Nicolaisen, J(ohan)",Regneskole,1894,Kra.,11.-10. Udg.,"Nicolaisen, Johan",Kra.,Oslo,59.9139,10.7522
4083,Doc2834OCR.png,Doc2834OCR,1,MV,138,Misjon og kirke på Madagaskar,"Nicolaisen, J(ens)",Vor Madagascar-mission i dens grundtræk.,1913,Stvg.,,"Nicolaisen, Jens",Stvg.,Stavanger,58.9699756,5.7331073
4084,Doc1582OCR.png,Doc1582OCR,1,ST,35,Systematisk teologi – monografier,"Greve, Jens",Om troen.,1912,Kra.,,"Greve, Jens",Kra.,Oslo,59.9139,10.7522
4085,Doc0827OCR.png,Doc0827OCR,1,Li,40,Latinske klassikere,"Cicero, M(arcus) Tullius",Kato den ældre og Lælius eller Om Alderdommen og Venskabet. Paa Dansk ved L. Ove Kjær.,1869,Kbh.,,"Cicero, Marcus Tullius",Kbh.,Copenhagen,55.6761,12.5683
4086,Doc0068OCR.png,Doc0068OCR,1,SV,20,Indogermanske språk [-> Indoeuropeiske språk],"Andersen, A(xel)",Latinske Stiløvelser ... af A. Andersen og M. Gjør.,1877,Kra.,,"Andersen, Axel",Kra.,Oslo,59.9139,10.7522
4087,Doc2645OCR.png,Doc2645OCR,1,PT,92,Annen oppbyggelseslitteratur,"Michelet, S(imon)",Det er Herren. (Prædiken),,U.s.u.å.,,"Michelet, Simon",U.s.u.å.,Unknown,,
4088,Doc3010OCR.png,Doc3010OCR,1,Li,80,Norrøn og nordisk litteratur,"Pedersen, J.L.",Nordlands Poet eller Nordlandsbilleder paa Rim.,1892,Bodø,Udg.,"Pedersen, J.L.",Bodø,Bodø,67.2804,14.405
4089,Doc2582OCR.png,Doc2582OCR,1,KH,91,,"Martensen, H(ans)",Til Forsvar mod den saakaldte Grundtvigianisme.,1863,Kbh.,2.Opl.,"Martensen, Hans",København,Copenhagen,55.6761,12.5683
4090,Doc1798OCR.png,Doc1798OCR,1,SV,20,Indogermanske språk [-> Indoeuropeiske språk],"Heuman, Ernst",Grammatisk studie öfver Santalspråket.,1892,Kbh.,,"Heuman, Ernst",København,Copenhagen,55.6761,12.5683
4091,Doc1640OCR.png,Doc1640OCR,1,KH,,,"Hallesby, O(le)",Fra kirkestriden.,1919,Kra.,,"Hallesby, Ole",Kristiania,Oslo,59.9139,10.7522
4092,Doc0943OCR.png,Doc0943OCR,1,MS,,,"Dahle, Lars",Eksamensopgaver i systematik og missionskundskab.,1908,Stvg.,,"Dahle, Lars",Stavanger,Stavanger,58.9699,5.7333
4093,Doc3847OCR.png,Doc3847OCR,1,Li,30,Greske klassikere,Thukydides,"History of the Peloponesian war, transl. from the Greek of Thucydides.",1832,London,"New ed., corr.",Thukydides,London,London,51.5074,-0.1278
4094,Doc1333OCR.png,Doc1333OCR,1,ST,10,Filosofi og idéhistorie,"Fleming, William",The vocabulary of philosophy.,1858,London,2. ed. rev.,"Fleming, William",London,London,51.5074,-0.1278
4095,Doc0616OCR.png,Doc0616OCR,1,Te,10,Matematikk,"Broch, Th(or)v(ald)",Grundtrækkene af den elementære Arithmetik.,1864,Chra.,,"Broch, Thorvald",Christiania,Oslo,59.9139,10.7522
4096,Doc2455OCR.png,Doc2455OCR,1,PT,92,Annen oppbyggelseslitteratur,O.T. Moe,Gjennem,1912,,,O. T. Moe,,,,
4097,Doc2455OCR.png,Doc2455OCR,2,PT,92,Annen oppbyggelseslitteratur,Marie Michelet,Det kristne hjem,1913,,,Marie Michelet,,,,
4098,Doc2455OCR.png,Doc2455OCR,3,PT,92,Annen oppbyggelseslitteratur,Ole C. Iversen,Opad ! ... for gutter og piker,1914,,,Ole C. Iversen,,,,
4099,Doc2455OCR.png,Doc2455OCR,4,PT,92,Annen oppbyggelseslitteratur,Ole C. Iversen,Hvad er sandhet... for unge,1914,,2 ekspl.,Ole C. Iversen,,,,
4100,Doc1824OCR.png,Doc1824OCR,1,NV,70,Medisin og helse,J. Hjøltelin,"Vandcuren i dens historiske Udvikling, nærværende Tilstand og Resultater",1842,Kbh.,,J. Hjøltelin,Kbh.,Copenhagen,55.6761,12.5683
4101,Doc2378OCR.png,Doc2378OCR,1,Hi,10,Politisk historie og kulturhistorie,Jens Lieblein,Aegyptische Chronologie. Ein kritischer Versuch,1863,Chra.,,Jens Lieblein,Chra.,Oslo,59.9139,10.7522
4102,Doc2378OCR.png,Doc2378OCR,2,Hi,10,Politisk historie og kulturhistorie,C.P. Caspari og Gisle Johnson,Lutherske kirke. Bekjendelsesskrifter. Konkordiebogen... I norsk Overs. udg.,1868,Chra.,,C. P. Caspari and Gisle Johnson,Chra.,Oslo,59.9139,10.7522
4103,Doc2232OCR.png,Doc2232OCR,1,MV,121,Misjon og kirke i Kina,Paul Kranz,Eine Missionsreise auf dem Yang tse kiang in China im Jahre 1894,1894,Berlin,2. Aufl.,Paul Kranz,Berlin,Berlin,52.52,13.405
4104,Doc2000OCR.png,Doc2000OCR,1,ST,55,,J. J. Jansen,Om Barnedaaben,1893,Kra.,2 ekspl.,J. J. Jansen,Kra.,Oslo,59.9139,10.7522
4105,Doc2585OCR.png,Doc2585OCR,1,Li,40,Latinske klassikere,Marcus Valerius Martialis,Epigrammata selecta... With English notes by F.A. Paley and W.H. Stone,1875,London,,Marcus Valerius Martialis,London,London,51.5074,-0.1278
4106,Doc2879OCR.png,Doc2879OCR,1,SV,20,Indogermanske språk [-> Indoeuropeiske språk],Marius Nygaard,Oldnorsk Grammatik til Skolebrug,1871,Bergen,,Marius Nygaard,Bergen,Bergen,60.3913,5.3221
4107,Doc2159OCR.png,Doc2159OCR,1,Et,10,Etnologi – allment,L. Ove Kjær,Studier af Oldtidslivet og Oldtidshistorien,1864,Kbh.,,L. Ove Kjær,Kbh.,Copenhagen,55.6761,12.5683
4108,Doc2381OCR.png,Doc2381OCR,1,PT,80,Hymnologi og kirkemusikk,"Lindeman, Peter",Praktisk Modulationslære for Orgel- og Pianospillere,1893,Kra.,,"Lindeman, Peter",Kra.,Oslo,59.9139,10.7522
4109,Doc3711OCR.png,Doc3711OCR,1,KH,110,Nord-Amerikas kirkehistorie,"Sverdrup, Georg",Samlede Skrifter i Udvalg,1909,"Minneapolis, Minn.",B.1-6,"Sverdrup, Georg","Minneapolis, Minn.","Minneapolis, Minnesota",44.9778,-93.265
4110,Doc1849OCR.png,Doc1849OCR,1,PT,80,Hymnologi og kirkemusikk,"Holm, Nils Johannes","Harpen, Vers-Register til, samlet af Peder Schiøtz",1849,Stvg.,,"Holm, Nils Johannes",Stvg.,Stavanger,58.969975,5.733107
4111,Doc1729OCR.png,Doc1729OCR,1,NV,20,Astronomi,"Heegaard, Poul",Populær Astronomi,,Kbh.,,"Heegaard, Poul",Kbh.,Copenhagen,55.6761,12.5683
4112,Doc0521OCR.png,Doc0521OCR,1,SV,20,Indogermanske språk [-> Indoeuropeiske språk],"Blom, Andr(eas)",Exempelsamling til Indøvelse af formlæren i Russisk,1876,Chra.,,"Blom, Andreas",Chra.,Oslo,59.9139,10.7522
4113,Doc0133OCR.png,Doc0133OCR,1,KH,50,Reformasjonstidens historie,Aurelius Augustinus,Enchiridion,1884,Chra.,,Aurelius Augustinus,Chra.,Oslo,59.9139,10.7522
4114,Doc0133OCR.png,Doc0133OCR,2,KH,50,Reformasjonstidens historie,"Cyprianus, Thascius Cæcilius",Om den almindelige Kirkes Enhed og Om Herrens Bøn,1880,Chra.,,"Cyprianus, Thascius Cæcilius",Chra.,Oslo,59.9139,10.7522
4115,Doc2277OCR.png,Doc2277OCR,1,NV,70,Medisin og helse,"Kölliger, A(lbert von)",Handbuch der Gewebelehre des Menschen,1852,Lpz.,,"Kölliger, Albert von",Lpz.,Leipzig,51.3397,12.3731
4116,Doc3700OCR.png,Doc3700OCR,1,Et,30,Norsk etnologi,"Sundt, Eilert",(Om) Giftermaal i Norge,1855,Chra.,,"Sundt, Eilert",Chra.,Oslo,59.9139,10.7522
4117,Doc3700OCR.png,Doc3700OCR,2,Et,30,Norsk etnologi,"Geibel, Emanuel",Meister Andrea... Lustspiel,1855,Stuttg.,,"Geibel, Emanuel",Stuttg.,Stuttgart,48.7758,9.1829
4118,Doc3700OCR.png,Doc3700OCR,3,Et,30,Norsk etnologi,"Fischer, C.H.",Bibelsprog til Luthers Catechismus ordnede efter Nissens Samtaler,1861,Kbh.,,"Fischer, C.H.",Kbh.,Copenhagen,55.6761,12.5683
4119,Doc4027OCR.png,Doc4027OCR,1,Bi,30,"Bibelsk geografi, arkeologi, kulturhistorie",,Wanderings over Bible lands and seas. By the author of 'Chronicler of the Schönberg-Cotta family.',1869,London,,,London,London,51.5074,-0.1278
4120,Doc3451OCR.png,Doc3451OCR,1,PT,80,Hymnologi og kirkemusikk,"Seip, M.",Salmer og sange.,1917,Kra.,,"Seip, M.",Kra.,Oslo,59.9139,10.7522
4121,Doc0942OCR.png,Doc0942OCR,1,MS,,,"Dahle, Lars",Diksionary. Ambaniandro sy Betsileo ...,,,,"Dahle, Lars",,,,
4122,Doc0143OCR.png,Doc0143OCR,1,KH,,,Backhouse,Billeder af Oldkirkens Historie. Efter Backhouse og Tylor's Early Church history.,1886,Kbh.,,Backhouse,Kbh.,Copenhagen,55.6761,12.5683
4123,Doc3142OCR.png,Doc3142OCR,1,PT,92,Annen oppbyggelseslitteratur,"Prytz, A(nthon) F(redrik) W(inter) J(akheln)",For det daglige liv. Betragtninger ... for et halvår.,1913,Bergen,,"Prytz, Anton Fredrik Winter Jakheln",Bergen,Bergen,60.3928,5.3242
4124,Doc1324OCR.png,Doc1324OCR,1,MV,138,Misjon og kirke på Madagaskar,,Ny Fitandremana ny fiangonana.,1877,U.s.,,,U.s.,United States,37.0902,-95.7129
4125,Doc3767OCR.png,Doc3767OCR,1,Jød,40,Rabbinismen,Talmud. Mischna,Ausgewählte Mischnatractate in deutscher Uebersetzung von Paul Fiebig,1905,Tüb.,,"Talmud, Mischna",Tüb.,Tübingen,48.5227,9.0522
4126,Doc0752OCR.png,Doc0752OCR,1,Li,60,Engelsk litteratur,"Carlyle, Thomas","On heroes, hero-worship and the heroic in history. 6 lectures ...",1880,London,,"Carlyle, Thomas",London,London,51.5074,-0.1278
4127,Doc3109OCR.png,Doc3109OCR,1,KH,120,Dogme- og teologihistorie,"Poel, G.",Johann Georg Hamann der Magus im Norden. Sein Leben und Mittheilungen aus seinen Schriften. T.1-2.,1874,Hamb.,2 b.,"Poel, G.",Hamb.,Hamburg,53.5511,9.9937
4128,Doc1465OCR.png,Doc1465OCR,1,NT,,,"Gerlach, Otto von",Forklaring over Det nye Testamente. Overs. af O.A. Aabel. D.1.,1867,Chra.,2. opl.,"Gerlach, Otto von",Chra.,Oslo,59.9139,10.7522
4129,Doc2705OCR.png,Doc2705OCR,1,ST,,,"Monrad, M(arcus) J(acob)",Tankeretninger i den nyere Tid. Et kritisk Rundskue.,1874,Chra.,,"Monrad, Marcus Jacob",Chra.,Oslo,59.9139,10.7522
4130,Doc4177OCR.png,Doc4177OCR,1,ST,50,Apologetikk,"Zöckler, Otto",Der Dialog im Dienste der Apologetik.,1894,Gütersl.,,"Zöckler, Otto",Gütersl.,Gütersloh,51.9065,8.3781
4131,Doc3080OCR.png,Doc3080OCR,1,ST,,,Plato(n),"(Der) Staat. Uebers. von Friedrich Schleiermacher, erl. von J.H. Kirchmann. 2. Aufl. bearb. von C.Th. Siegert.",1901,Lpz.,2. Aufl.,Plato,Lpz.,Leipzig,51.3397,12.3731
4132,Doc4103OCR.png,Doc4103OCR,1,KH,,,"Wildenhahn, A.",Familie-Bibliothek. Chra. 1858-60. 1 b.,1858,Chra.,3. Aufl.,"Wildenhahn, A.",Chra.,Oslo,59.9139,10.7522
4133,Doc2827OCR.png,Doc2827OCR,1,ST,20,Prinsipplære og religionshistorie,"Nielsen, R(asmus)",Religionsphilosophie.,1869,Kbh.,,"Nielsen, Rasmus",Kbh.,Copenhagen,55.6761,12.5683
4134,Doc0249OCR.png,Doc0249OCR,1,NT,,,"Besser, W.F.",Lukas's Evangelium forklaret i Bibellæsninger. Overs. af A. Balchen og E. Corneliussen.,1859,Chra.,,"Besser, W.F.",Chra.,Oslo,59.9139,10.7522
4135,Doc1280OCR.png,Doc1280OCR,1,SV,10,Språkvitenskap – allment,"Farrar, Frederic W(illiam)",Chapters on language.,1873,London,New ed.,"Farrar, Frederic William",London,London,51.5074,-0.1278
4136,Doc0660OCR.png,Doc0660OCR,1,Li,30,Greske klassikere,"Buchholz, E.",Anthologie aus den Lyrikern der Griechen ... erkl.,1873,Lpz.,2. verb. Aufl. B.1-2.,"Buchholz, E.",Leipzig,Leipzig,51.3397,12.3731
4137,Doc1332OCR.png,Doc1332OCR,1,ST,40,Etikk og moral,"Fleming, William",A manual of moral philosophy ...,1870,London,New edition,"Fleming, William",London,London,51.5074,-0.1278
4138,Doc1564OCR.png,Doc1564OCR,1,GT,,,"Guthe, H.",Jesaja,1907,Tüb.,,"Guthe, H.",Tübingen,Tübingen,48.5216,9.0576
4139,Doc3180OCR.png,Doc3180OCR,1,Jød,40,Rabbinismen,"Raschi, (Salomo ben Isaak)",Minha hadasa ... al Pirqe aboth ...,,Frankf.,,"Rashi, (Salomon ben Isaac)",Frankfurt,Frankfurt,50.1109,8.6821
4140,Doc1901OCR.png,Doc1901OCR,1,KH,70,Kirkehistoriske monografier,"Horning, Wilhelm",Friedrich Theodor Horning. Lebensbild eines Strassburger evangelisch-lutherischen Bekenners im 19. Jahrhundert.,1884,Strassb.,,"Horning, Wilhelm",Strasbourg,Strasbourg,48.5734,7.7521
4141,Doc2823OCR.png,Doc2823OCR,1,Ge,20,Enkelte lands geografi,"Nielsen, Oscar.",Lommereisekart over Norge.,1886,Kra.,,"Nielsen, Oscar.",Kristiania,Oslo,59.9139,10.7522
4142,Doc3889OCR.png,Doc3889OCR,1,NV,30,Fysikk,"Tyndall, John",Notes of a course of nine lectures on light ...,1872,London,4th ed.,"Tyndall, John",London,London,51.5074,-0.1278
4143,Doc3006OCR.png,Doc3006OCR,1,MV,138,Misjon og kirke på Madagaskar,"Pearson, John",Ny Filazan-kevitry ny symbolum atao hoe koa ny Credo,1879,Antan,,"Pearson, John",Antan,Antananarivo,-18.8792,47.5079
4144,Doc3071OCR.png,Doc3071OCR,1,PT,,,"Piper, Ferdinand",Kirchenrechnung,1841,Berlin,,"Piper, Ferdinand",Berlin,Berlin,52.52,13.405
4145,Doc2431OCR.png,Doc2431OCR,1,ST,,,,,1921,,3. Aufl,,,,,
4146,Doc1973OCR.png,Doc1973OCR,1,Li,60,Engelsk litteratur,"Irving, Washington","The sketch book of Geoffrey Crayon, Esq.",1843,Lpz.,,"Irving, Washington",Lpz.,Leipzig,51.3397,12.3731
4147,Doc1316OCR.png,Doc1316OCR,1,SV,10,Språkvitenskap – allment,"Findlater, Andrew",Language,1876,London,,"Findlater, Andrew",London,London,51.5074,-0.1278
4148,Doc1108OCR.png,Doc1108OCR,1,Jød,,,"Dukes, Leopold",Rabbinische Blumenlese,1844,Lpz.,,"Dukes, Leopold",Lpz.,Leipzig,51.3397,12.3731
4149,Doc0123OCR.png,Doc0123OCR,1,SV,20,Indogermanske språk [-> Indoeuropeiske språk],"Aubert, L(udvig) C(æsar) M(artin)",Den latinske Verbalflexion,1875,Chra.,,"Aubert, Ludvig Cæsar Martin",Chra.,Oslo,59.9139,10.7522
4150,Doc3466OCR.png,Doc3466OCR,1,Li,60,Engelsk litteratur,"Shakespear, William","Kong Henrik IV, Købmanden i Venedig, Hamlet.",1901,Kra.,,"Shakespear, William",Kra.,Copenhagen,55.6761,12.5683
4151,Doc4162OCR.png,Doc4162OCR,1,ST,,,"Zauleck, P.",Glaube und Naturwissenschaft,1900,Bremen,,"Zauleck, P.",Bremen,Bremen,53.0793,8.8017
4152,Doc3314OCR.png,Doc3314OCR,1,KH,,,"Sandberg, J(ørgen) F(lood)",Norges Prestegjeld. 2. Hamar bispedømme,1919,Fredrikshald,utg.,"Sandberg, Jørgen Flood",Fredrikshald,Halden,59.1243,11.3871
4153,Doc2440OCR.png,Doc2440OCR,1,KH,,,"Luther, (Martin)",Geist aus Luthers Schriften oder Concordanz der Ansichten und Urtheile des grossen Reformators.. Hg. von Ernst Zimmermann u.a. B.1-4,1828,Darmstadt,4 b.,"Luther, Martin",Darmstadt,Darmstadt,49.8728,8.6512
4154,Doc2440OCR.png,Doc2440OCR,2,KH,,,"Luther, (Martin)",Geist aus Luthers Schriften oder Concordanz der Ansichten und Urtheile des grossen Reformators.. Hg. von Ernst Zimmermann u.a. B.1-4,1831,Darmstadt,4 b.,"Luther, Martin",Darmstadt,Darmstadt,49.8728,8.6512
4155,Doc2365OCR.png,Doc2365OCR,1,Bi,,,"Levinsen, C.",Real-Concordants eller Bibel-Ordbog,1854,Kbh,,"Levinsen, C.",Kbh,Copenhagen,55.6761,12.5683
4156,Doc1384OCR.png,Doc1384OCR,1,Bi,20,"Bibelkunnskap, hermeneutikk","Frich, stiftsprovst",Den videnskabelige historiske forskning av det Gamle Testamente seet i det Nye Testamentes lys,1916,Kra,,"Frich, stiftsprovst",Kra,Oslo,59.9139,10.7522
4157,Doc0978OCR.png,Doc0978OCR,1,MV,138,Misjon og kirke på Madagaskar,"Dahle, L(ars)",Ny Fihavian' ny Soratra Masina,1915,Tanan,,"Dahle, Lars",Tanan,Antananarivo,-18.8792,47.5079
4158,Doc2708OCR.png,Doc2708OCR,1,ST,10,Filosofi og idéhistorie,"Monrad, M(arcus) J(acob)",Æsthetik. Det Skjønne og dets Forekomst i Natur og Kunst. B.1-2,1889,Chra,2 b.,"Monrad, Marcus Jacob",Chra,Oslo,59.9139,10.7522
4159,Doc2708OCR.png,Doc2708OCR,2,ST,10,Filosofi og idéhistorie,"Monrad, M(arcus) J(acob)",Æsthetik. Det Skjønne og dets Forekomst i Natur og Kunst. B.1-2,1890,Chra,2 b.,"Monrad, Marcus Jacob",Chra,Oslo,59.9139,10.7522
4160,Doc2893OCR.png,Doc2893OCR,1,SV,30,Semittiske språk,"Nöldeke, Th(eodor)",Die semitischen Sprachen. Eine Skizze,1887,Lpz,,"Nöldeke, Theodor",Lpz,Leipzig,51.3397,12.3731
4161,Doc2687OCR.png,Doc2687OCR,1,RV,60,Islam,,(Mohammedaner-Mission) Bethel bei Bielefeld. Konferenz für Mohammedaner-Mission,1913,Basel,,,Basel,Basel,47.5596,7.5886
4162,Doc0214OCR.png,Doc0214OCR,1,SV,20,Indogermanske språk [-> Indoeuropeiske språk],"Beissel, Ch.",Kortfattet engelsk Grammatik,1889,Kbh.,,Ch. Beissel,Kbh.,Copenhagen,55.6761,12.5683
4163,Doc4032OCR.png,Doc4032OCR,1,NV,60,Botanikk,"Warming, Eug(enius)",Den almindelige Botanik,1880,Kbh.,,Eugenius Warming,Kbh.,Copenhagen,55.6761,12.5683
4164,Doc0854OCR.png,Doc0854OCR,1,ST,,,"Clausen, Henrik Nikolai",Udvikling af de christelige Hovedlærdomme,1844,Kbh.,,Henrik Nikolai Clausen,Kbh.,Copenhagen,55.6761,12.5683
4165,Doc2287OCR.png,Doc2287OCR,1,PT,80,Hymnologi og kirkemusikk,"Koethe, Friedrich August",Die Psalmen. In Kirchenmelodien übergtr.,1845,Lpz.,,Friedrich August Koethe,Lpz.,Leipzig,51.3396955,12.3730747
4166,Doc2287OCR.png,Doc2287OCR,2,PT,80,Hymnologi og kirkemusikk,"Hennenhofer, Adolf",Prophet Elia,1866,Hermannsb.,,Adolf Hennenhofer,Hermannsb.,,,
4167,Doc3328OCR.png,Doc3328OCR,1,Hi,20,Nordisk historie,Saxo (Grammaticus),"Danmarks Krønike af Saxe Runemester, fordansket ved N.F.S.Grundtvig. 2. Udg.",1855,Kbh.,,Saxo Grammaticus,Kbh.,Copenhagen,55.6761,12.5683
4168,Doc3104OCR.png,Doc3104OCR,1,Li,30,Greske klassikere,Plutarchos,Vie de Périclès. Texte grec ... annoté ... par Em.Perrin,1891,Paris,,Plutarch,Paris,Paris,48.8566,2.3522
4169,Doc0132OCR.png,Doc0132OCR,1,KH,30,"Oldkirkens kirkehistorie, patristikk","Augustinus, Aurelius",De doctrina Christiana: libri 4 et Enchiridion ad Laurentium,1838,Lips.,Ed. ster.,Aurelius Augustinus,Lips.,Leipzig,51.3396955,12.3730747
4170,Doc1328OCR.png,Doc1328OCR,1,GT,66,Kommentar til Salmene,"Fjellstedt, P.",Psalmernes Bog med forklarende Anmærkninger. Overs. ved E.F. Eckhoff.,,Stvg. u.å.,,"Fjellstedt, P.",Stvg.,,,
4171,Doc1458OCR.png,Doc1458OCR,1,MV,138,Misjon og kirke på Madagaskar,,Geografy,1895,Antan.,,,Antan.,Antananarivo,,
4172,Doc0286OCR.png,Doc0286OCR,1,GT,10,Tekstutgaver og oversettelser,Louis Segond,L'Ancien Testament. Traduction nouvelle,1896,Paris,,"Segond, Louis",Paris,Paris,48.8566,2.3522
4173,Doc1201OCR.png,Doc1201OCR,1,NV,60,Botanikk,,Enumerantur plantae Scandinaviae. Points-förteckning öfver Skandinaviens växter ... 1. Fanerogamer och Kärlkryptogamer.,1900,Lund,5. uppl.,,Lund,Lund,55.7047,13.191
4174,Doc2925OCR.png,Doc2925OCR,1,PT,92,Annen oppbyggelseslitteratur,"Olsen, Andreas Olai",Herrens Veie. En Samling kristelige Fortællinger ...,1861,Bergen,,"Olsen, Andreas Olai",Bergen,Bergen,60.3913,5.3221
4175,Doc2925OCR.png,Doc2925OCR,2,PT,92,Annen oppbyggelseslitteratur,"Olsen, Andreas Olai",Vintræets Grene.,1862,Bergen,3. R.,"Olsen, Andreas Olai",Bergen,Bergen,60.3913,5.3221
4176,Doc1936OCR.png,Doc1936OCR,1,ST,,,"Høffding, Harald",Henri Bergson's Filosofi. Karakteristik og Kritik.,1914,"Kbh., Kra.",,"Høffding, Harald","Kbh., Kra.","Copenhagen, Oslo",55.6761,12.5683
4177,Doc1639OCR.png,Doc1639OCR,1,Hi,10,Politisk historie og kulturhistorie,"Hallam, Henry",View of the state of Europe during the middle ages.,,London u.å. (efter 1862),Rev.,"Hallam, Henry",London,London,51.5074,-0.1278
4178,Doc1105OCR.png,Doc1105OCR,1,MV,121,Misjon og kirke i Kina,"Dsing, Stephan","Stephan Dsing, ein chinesischer Nathanael.",1883,Basel,2. Aufl.,"Dsing, Stephan",Basel,Basel,47.5596,7.5886
4179,Doc0223OCR.png,Doc0223OCR,1,NT,40,Kommentarverk til hele NT,"Bengel, Johann Albert",Gnomon. Indices... by John Alb. Burk and transl. by A.R. Fausset. (With a) Sketch of the life and writings of J.A. Bengel by A.R. Fausset.,,U.s.u.a.,,"Bengel, Johann Albert",,,,
4180,Doc2280OCR.png,Doc2280OCR,1,GT,,,"König, Eduard",Geschichte der alttestamentlichen Religion.,1912,Gütersl.,,"König, Eduard",Gütersl.,Gütersloh,51.9039,8.3781
4181,Doc0282OCR.png,Doc0282OCR,1,GT,10,Tekstutgaver og oversettelser,,Bibelen. G.T. Esaias. Dansk. Propheten Esaias. Overs. fra Grundtexten af D.G. Monrad.,1865,Kbh.,,,Kbh.,Copenhagen,55.6761,12.5683
4182,Doc0064OCR.png,Doc0064OCR,1,KH,,,"Ammundsen, Valdemar",Den unge Luther. Studier over hans Theologi.,1907,Kbh.,,"Ammundsen, Valdemar",Kbh.,Copenhagen,55.6761,12.5683
4183,Doc4182OCR.png,Doc4182OCR,1,GT,,,"Oehler, Gust. Fr.",Theologie des Alten Testaments.,1873,Tüb.,,"Oehler, Gust. Fr.",Tüb.,Tübingen,48.5216,9.0576
4184,Doc0690OCR.png,Doc0690OCR,1,MV,138,Misjon og kirke på Madagaskar,,Bulletin de Madagascar,1899,Paris,,,Paris,Paris,48.8566,2.3522
4185,Doc0220OCR.png,Doc0220OCR,1,PT,80,Hymnologi og kirkemusikk,"Belsheim, J.","Oversigt over Kirkens Salmesang, dens Historie og om Kirkesalmebøgerne i de nordiske Lande",1889,Kra.,2. øg. Udg.,"Belsheim, J.",Kra.,Kristiania (Oslo),59.9139,10.7522
4186,Doc0487OCR.png,Doc0487OCR,1,ST,,,,"The Biblical cabinet; or Hermeneutical exegetical and philological library. Vol. 37. Philological tracts, vol. 3.",1842,Edinb.,,,Edinb.,Edinburgh,55.9533,-3.1883
4187,Doc1477OCR.png,Doc1477OCR,1,MV,121,Misjon og kirke i Kina,"Giles, Herbert A(llen)",The civilization of China,1911,London,,Herbert Allen Giles,London,London,51.5074,-0.1278
4188,Doc2941OCR.png,Doc2941OCR,1,ST,,,"Ording, Johannes",Dogmatikkens opgave og betydning,1905,Kra.,,Johannes Ording,Kra.,Oslo,59.9139,10.7522
4189,Doc2810OCR.png,Doc2810OCR,1,PT,80,Hymnologi og kirkemusikk,,The new congregational hymn book,,London,,,London,London,51.5074,-0.1278
4190,Doc1799OCR.png,Doc1799OCR,1,GT,,,"Heuman, E.D.",Bibelförklaring i församlingen. 1. Psaltaren. Ps. 1-41,1898,Sth.,,E.D. Heuman,Sth.,Stockholm,59.3293,18.0686
4191,Doc2100OCR.png,Doc2100OCR,1,Le,20,Ordbøker – moderne språk og latin,"Kaper, J.",Dansk-Norsk-Tysk Haand-Ordbog,1880,Kbh.,2. forb. Udg.,J. Kaper,Kbh.,Copenhagen,55.6761,12.5683
4192,Doc3919OCR.png,Doc3919OCR,1,Et,30,Norsk etnologi,(Universitetet),Det akademiske kollegium. Universitetet og aandsfriheten,1913,Kra.,,Universitetet,Kra.,Oslo,59.9139,10.7522
4193,Doc0418OCR.png,Doc0418OCR,1,NT,10,Tekstutgaver og oversettelser,,Bibelen. N.T. Johannes. Kinesisk. Romanisert mandarin. Yohan fuh-yin,1906,Shanghai,,,Shanghai,Shanghai,31.2304,121.4737
4194,Doc2789OCR.png,Doc2789OCR,1,Hi,15,Norsk historie,"Nansen, Fridtjof",Norge og foreningen med Sverige,1905,Kra.,,Fridtjof Nansen,Kra.,Oslo,59.9139,10.7522
4195,Doc2324OCR.png,Doc2324OCR,1,SV,20,Indogermanske språk [-> Indoeuropeiske språk],"Lassen, Christian","Anthologia Sanscritica glossario instructa, in usum scholarum. Denuo adornavit Ioannes Gildemeister.",1865,Bonna ad Thenum,,Christian Lassen,Bonna ad Thenum,Bonn,50.735851,7.10066
4196,Doc0138OCR.png,Doc0138OCR,1,SV,20,Indogermanske språk [-> Indoeuropeiske språk],"Autenrieth, A(lbert)",Engelsk Grammatik til Skolebrug.,1861,Chra.,3. Udg.,Albert Autenrieth,Chra.,Oslo,59.9138688,10.7522454
4197,Doc2670OCR.png,Doc2670OCR,1,MV,20,"Misjon - konferanser, rapporter, oversikter",,The Missionary Yearbook for 1889.,1889,London,,,London,London,51.5074,-0.1278
4198,Doc3609OCR.png,Doc3609OCR,1,PT,92,Annen oppbyggelseslitteratur,"Steen, S.",Fire prækikener og fem andre taler.,,Aalesund,,S. Steen,Aalesund,Ålesund,62.4722284,6.149482
4199,Doc1096OCR.png,Doc1096OCR,1,NV,40,Kjemi,"Drincourt, E.",Trois-année (en un volume) de chimie dans l'Enseignement primaire supérieur ... 8e éd.,1899,Paris,,E. Drincourt,Paris,Paris,48.8566,2.3522
4200,Doc1125OCR.png,Doc1125OCR,1,MV,135,Misjon og kirke i Sør-Afrika,"Døving, Carl",Billeder fra Syd-Afrika,1892,"Decorah, Iowa",Udg. Forl.,Carl Døving,"Decorah, Iowa","Decorah, Iowa",43.3033,-91.7857
4201,Doc4174OCR.png,Doc4174OCR,1,ST,,,"Zollmann, Theodor",Bibel og Natur i Harmonien af deres Aabenbaringer. Efter Orig. 3. Opl. ved J.C.H. Møller.,1873,Kbh.,,Theodor Zollmann,Kbh.,Copenhagen,55.6760968,12.5683371
4202,Doc0824OCR.png,Doc0824OCR,1,Li,40,Latinske klassikere,"Cicero, (Marcus Tullius)",Ausgewählte Reden. Erkl. von Karl Halm. 4. Aufl.,1859,Berlin,,Marcus Tullius Cicero,Berlin,Berlin,52.52,13.405
4203,Doc2198OCR.png,Doc2198OCR,1,GT,20,"Ordbøker, konkordanser og grammatikker","Kohn, Samuel",Samaritanische Studien. Beiträge zur samaritanischen Pentateuch-Üebersetzung und Lexicographie.,1868,Breslau,,"Kohn, Samuel",Breslau,Wrocław,51.1078852,17.0385376
4204,Doc2916OCR.png,Doc2916OCR,1,Et,30,Norsk etnologi,"Olafsen, O(laf)",Havebrug og Frugavl i Norge i Middelalderen. Med Bistand af Statsgartner P. Nøvik.,1898,Chra.,,"Olafsen, Olaf",Christiania,Oslo,59.9138688,10.7522454
4205,Doc0525OCR.png,Doc0525OCR,1,MV,30,Misjonshistorie,Blumhardt,Handbuch der Missionsgeschichte und Missionsgeographie. B.1-2. 3. Ausg.,1863,Calw,3. Ausg.,Blumhardt,Calw,Calw,48.7141233,8.7484512
4206,Doc2363OCR.png,Doc2363OCR,1,Bi,20,"Bibelkunnskap, hermeneutikk","Leusden, Johannes","Philologus Hebraeo-mixtus, una cum Spicilegio philologico ... Ed.4.aucta.",1739,Basilea,Ed.4.aucta.,"Leusden, Johannes",Basilea,Basel,47.5596012,7.5885761
4207,Doc0356OCR.png,Doc0356OCR,1,N;T,,,,La Nova Testamento de nia Sinjoro kaj Sovanto Jesuo Kristo.,1929,Londono,,,London,London,51.5073509,-0.1277583
4208,Doc2248OCR.png,Doc2248OCR,1,ST,2,,"Krogh-Tonning, K(nud)",Kirken og Reformationen.,1892,Kra.,,"Krogh-Tonning, Knud",Kristiania,Oslo,59.9138688,10.7522454
4209,Doc0651OCR.png,Doc0651OCR,1,PT,80,Hymnologi og kirkemusikk,,"Brüder-Gesangbuch. Gesangbuch, zum Gebrauch der evangelischen Brüder-Gemeinen.",1850,Gnadau,,,Gnadau,Gnadau,51.9822935,11.7590546
4210,Doc2172OCR.png,Doc2172OCR,1,NV,70,Medisin og helse,"Klencke, Hermann",Hauslexicon der Gesundheitslehre für Leib und Seele ...,1872,Lpz.,3. durchgearb. Aufl. 2.Abdr. B.1-2.,"Klencke, Hermann",Leipzig,Leipzig,51.3396955,12.3730747
4211,Doc2695OCR.png,Doc2695OCR,1,PT,92,Annen oppbyggelseslitteratur,"Monod, Adolph","Lucile, eller ""Tag og læs !""",1857,Kbh.,2. Opl.,"Monod, Adolphe",Kbh.,Copenhagen,55.6761,12.5683
4212,Doc3024OCR.png,Doc3024OCR,1,Hi,10,Politisk historie og kulturhistorie,"Peter, Carl",Zeittafeln der römische Geschichte,1867,Halle,4. verb. Aufl.,"Peter, Carl",Halle,Halle,51.4823,11.9688
4213,Doc0345OCR.png,Doc0345OCR,1,NT,10,Tekstutgaver og oversettelser,,Bibelen. N.T. Lukas. Bretonske. An aviel hervez Lucas.,1866,London,,,London,London,51.5074,-0.1278
4214,Doc3128OCR.png,Doc3128OCR,1,PT,90,Prekener og andaktsbøker,,Predikningar öfver kyrkoårets nya högmäsotexter utg. af Evangeliska Fosterlandsstiftelsen.,1898,Sth.,Årg.1898-99. 2 b.,,Sth.,Stockholm,59.3293,18.0686
4215,Doc0568OCR.png,Doc0568OCR,1,,20,,"Borgen, G. A.",Advarsel mod Totalafhold. Med Förord af Biskop Grimelund.,1882,Thjem.,,"Borgen, G. A.",Trondheim,Trondheim,63.4305,10.3951
4216,Doc0788OCR.png,Doc0788OCR,1,ST,,,"Chalmers, Thomas",Select works. Ed. by William Hanna.,1857,Edinb.,Vol.5.,"Chalmers, Thomas",Edinburgh,Edinburgh,55.9533,-3.1883
4217,Doc0891OCR.png,Doc0891OCR,1,ST,50,Apologetikk,"Cox, John",Sabbaten og Herrens Dag.,1897,Kra.,,"Cox, John",Kra.,Oslo,59.9139,10.7522
4218,Doc1577OCR.png,Doc1577OCR,1,Hi,10,Politisk historie og kulturhistorie,"(Grelling, Richard)",J'accuse ! Par un Allemand.,1915,Paris,"Nouv. éd. francaise, rev.","Grelling, Richard",Paris,Paris,48.8566,2.3522
4219,Doc4061OCR.png,Doc4061OCR,1,SV,20,Indogermanske språk [-> Indoeuropeiske språk],"Weisse, J(ohan) P(eter)",Latinsk Grammatik,1871,Kra.,,"Weisse, Johan Peter",Kra.,Oslo,59.9139,10.7522
4220,Doc1283OCR.png,Doc1283OCR,1,MV,10,Misjonsteori – allment,"Farrar, F(rederic) W(illiam)",Hedenske Sandhedssøgere,1913,Kbh.,Ny udg.,"Farrar, Frederic William",Kbh.,Copenhagen,55.6761,12.5683
4221,Doc3660OCR.png,Doc3660OCR,1,SV,20,Indogermanske språk [-> Indoeuropeiske språk],"Storm, Joh(an)",De romanske Sprog og Folk,1871,Kra.,,"Storm, Johan",Kra.,Oslo,59.9139,10.7522
4222,Doc3193OCR.png,Doc3193OCR,1,GT,20,"Ordbøker, konkordanser og grammatikker","Reineccius, Christian",Lexicon Hebraeo-Chaldaicum,1769,Lips.,,"Reineccius, Christian",Lips.,Leipzig,51.3397,12.3731
4223,Doc3823OCR.png,Doc3823OCR,1,ST,50,Apologetikk,"Tholuck, A(ugust)",Vermischte Schriften grösstentheils apologetischen Inhalts,1867,Gotha,2. Aufl.,"Tholuck, August",Gotha,Gotha,50.9488,10.6983
4224,Doc3176OCR.png,Doc3176OCR,1,KH,,,"Ranke, (Leopold von)","The Roman popes, their church and state, in the 16th and 17th centuries",,(Glasgow),,"Ranke, Leopold von",Glasgow,Glasgow,55.8642,-4.2518
4225,Doc2398OCR.png,Doc2398OCR,1,NV,20,Astronomi,"Lockyer, J(oseph) Norman",Astronomi for alle,1888,Kra.,,"Lockyer, Joseph Norman",Kra.,Oslo,59.9139,10.7522
4226,Doc3688OCR.png,Doc3688OCR,1,SV,,,"Stueland, Lars",Vokabolary Malagasy sy Norsky,1893,Antananarivo,,"Stueland, Lars",Antananarivo,Antananarivo,-18.8792,47.5079
4227,Doc1379OCR.png,Doc1379OCR,1,Li,30,Greske klassikere,"Freund, (Wilhelm)",Schüler-Bibliothek. Präparation(en) zu (griechischen Klassikern),,"Lpz., u. a.",6 B.,"Freund, Wilhelm","Lpz., u. a.",,,
4228,Doc0542OCR.png,Doc0542OCR,1,,,,,,,,,,,,,
4229,Doc2839OCR.png,Doc2839OCR,1,KH,,,"Nissen, Rasmus Tønder",De nordiske Kirkers Historie. Efter Forf. Død udg. ved Th.G.B. Odland,1884,Kra.,,"Nissen, Rasmus Tønder",Kra.,Oslo,,
4230,Doc0332OCR.png,Doc0332OCR,1,GT,10,Tekstutgaver og oversettelser,,Bibelen. G.T. Gen. Zulu,1863,N.Y.,,,N.Y.,New York,40.7128,-74.006
4231,Doc3983OCR.png,Doc3983OCR,1,Bi,30,"Bibelsk geografi, arkeologi, kulturhistorie","Vogt, Volrath",Reise i det Hellige Land og Syrien,1865,Kra.,,"Vogt, Volrath",Kra.,Oslo,,
4232,Doc3983OCR.png,Doc3983OCR,2,Bi,30,"Bibelsk geografi, arkeologi, kulturhistorie","Lieblein, J.",Nutidens Opdagelser om de gamle Ægyptere,1865,Chra.,,"Lieblein, J.",Chra.,Oslo,59.9139,10.7522
4233,Doc3753OCR.png,Doc3753OCR,1,Li,50,Fransk litteratur,"Taine, H(ippolyte)",Jakobinernes Ledere. Psykologisk Skildring. Ved F. Falkenstjerne,1880,Kbh.,,"Taine, Hippolyte",Kbh.,Copenhagen,55.6761,12.5683
4234,Doc3085OCR.png,Doc3085OCR,1,ST,10,Filosofi og idéhistorie,Platon,Werke. Uebers. von Friedrich Schleiermacher,,Lpz.,fort. 1877-82,Platon,Lpz.,Leipzig,51.3397,12.3731
4235,Doc0412OCR.png,Doc0412OCR,1,NT,10,Tekstutgaver og oversettelser,,Bibelen. N.T. Kinesisk. Romanisert mandarin,1888,Luen-tuen (London),,,Luen-tuen (London),London,51.5074,-0.1278
4236,Doc3916OCR.png,Doc3916OCR,1,PT,80,Hymnologi og kirkemusikk,"Undset, N(ils) S(emingsen)",Salmer over nye Texter. - 1.Række,1911,Kra.,,"Undset, Nils Semingsen",Kra.,Oslo,59.9139,10.7522
4237,Doc2427OCR.png,Doc2427OCR,1,ST,,,"Luthardt, C(hristoph) E(rnst)",Apologetiske Foredrag over Kristendommen Paa Dansk efter Orig. 2. Udg. ved J. Lund D.1-3.,1877,Kbh.,3 b.,"Luthardt, Christoph Ernst",Kbh.,Copenhagen,55.6761,12.5683
4238,Doc2338OCR.png,Doc2338OCR,1,MV,123,Misjon og kirke i Japan og det fjerne Østen,Lee Boo,"The history of prince Lee Boo, a native of the Pelew Islands. 20th ed.",1850,London,,Lee Boo,London,London,51.5074,-0.1278
4239,Doc1991OCR.png,Doc1991OCR,1,ST,,,"Jahnsen, Thorleif",Religionens virkelighet og sandhet. En psykologisk studie.,1915,Kra.,,"Jahnsen, Thorleif",Kra.,Oslo,59.9139,10.7522
4240,Doc0805OCR.png,Doc0805OCR,1,PT,92,Annen oppbyggelseslitteratur,"Christiansen, N.",Wolle. (Leegaang han wa mæ æ Tag).,1906,Kbh.,,"Christiansen, N.",Kbh.,Copenhagen,55.6761,12.5683
4241,Doc0894OCR.png,Doc0894OCR,1,ST,,,"Cremer, E.",Über die Entstehung der Christlichen Gewissheit Zur Auseinandersetzung mit Frank und Herrmann. Vortrag.,1893,Gütersl.,,"Cremer, E.",Gütersl.,Gütersloh,51.9024,8.3858
4242,Doc0134OCR.png,Doc0134OCR,1,KH,,,Aurelius Augustinus,Mod Donatisterne eller om Kirkens Enhed. Overs. av. S.B. Bugge.,1886,Chra.,,Aurelius Augustinus,Chra.,Oslo,59.9139,10.7522
4243,Doc1166OCR.png,Doc1166OCR,1,ST,,,"Eisler, Rudolf",Einführung in die Philosophie ...,1897,Lpz.,,"Eisler, Rudolf",Lpz.,Leipzig,51.3397,12.3731
4244,Doc2883OCR.png,Doc2883OCR,1,PT,80,Hymnologi og kirkemusikk,"Nyhagen, S.",Salmer og Sange,1898,Kra.,,"Nyhagen, S.",Kra.,Oslo,59.9139,10.7522
4245,Doc3642OCR.png,Doc3642OCR,1,ST,50,Apologetikk,"Stillingfleet, Edward","Origines sacrae, or ... the Truth and divine authority of the Scriptures",1675,London,,"Stillingfleet, Edward",London,London,51.5074,-0.1278
4246,Doc0604OCR.png,Doc0604OCR,1,Hi,10,Politisk historie og kulturhistorie,"Brewer, (John Sherren)","The Guide to English History and Biography, from the Invasion of Julius Caesar to the Year 1868",,Lond.,36. ed.,"Brewer, John Sherren",Lond.,London,51.5074,-0.1278
4247,Doc4203OCR.png,Doc4203OCR,1,NT,,,"Aars, Kristian B.-R.",Tømmermandens søn. En fremstilling af Kristi lære efter de 3 evangelier,1910,Kra.,,"Aars, Kristian B.-R.",Kra.,Oslo,59.9139,10.7522
4248,Doc3482OCR.png,Doc3482OCR,1,MV,90,Misjonærbiografier,"Siegumfeldt, Chr.",Minneblade om ... Vilh. Sørensen,1912,Aarhus,,"Siegumfeldt, Christian",Aarhus,Aarhus,56.1629,10.2039
4249,Doc4048OCR.png,Doc4048OCR,1,Li,10,Litteraturhistorie - allment,"Weber, Georg",Literar-historisches Lesebuch ...,1851,Lpz.,4 b.,"Weber, Georg",Lpz.,Leipzig,51.3397,12.3731
4250,Doc4048OCR.png,Doc4048OCR,2,Li,10,Litteraturhistorie - allment,"Weber, Georg",Literar-historisches Lesebuch ...,1852,Lpz.,4 b.,"Weber, Georg",Lpz.,Leipzig,51.3397,12.3731
4251,Doc2218OCR.png,Doc2218OCR,1,PT,92,Annen oppbyggelseslitteratur,"Konow, Carl",Taler ved gudstjenesten,1908,Kra.,,"Konow, Carl",Kra.,Oslo,59.9139,10.7522
4252,Doc3778OCR.png,Doc3778OCR,1,KH,,,"Taranger, (Absalon)",Hvad kirkepartiet er og hvad det vil. En haandbok for interesserte,1912,Kra.,,"Taranger, Absalon",Kra.,Oslo,59.9139,10.7522
4253,Doc3403OCR.png,Doc3403OCR,1,MV,135,Misjon og kirke i Sør-Afrika,,"Fremstilling vedkommende ""Den Norske Kirkes Mission, grundlagt af Schreuder"", angaaende dens Rettigheder til Entumeni Station i Zulu Reservet.",1886,Kra.,,,Kra.,Kristiania,59.9139,10.7522
4254,Doc2936OCR.png,Doc2936OCR,1,ST,30,Dogmatikk,"Oosterzee, J.J. van",Christian dogmatics: Transl. from the Dutch by John Watson Watson(!) and Maurice J.Evans.,1878,London,2 nd. ed.,"Oosterzee, J.J. van",London,London,51.5074,-0.1278
4255,Doc2631OCR.png,Doc2631OCR,1,Li,10,Litteraturhistorie - allment,"Merleker, Karl Friedrich","Musologie. Systematische Übersicht des Entwicklungsganges der Sprachen, Schriften, Drucke, Bibliotheken, Lehranstalten, Literaturen, Wissenschaften und Künste, der Bibliographie und des literaturhistorischen Studiums.",1857,Lpz.,,"Merleker, Karl Friedrich",Lpz.,Leipzig,51.3397,12.3731
4256,Doc1004OCR.png,Doc1004OCR,1,PT,80,Hymnologi og kirkemusikk,,Dansk Mission-Sangbog for Hedninge- og Israels-Missionen.,1910,Kbh.,,,Kbh.,København,55.6761,12.5683
4257,Doc0524OCR.png,Doc0524OCR,1,RV,60,Islam,"Blom, P(eter)",Fra Østerland.,1875,Chra.,,"Blom, P(eter)",Chra.,Kristiania,59.9139,10.7522
4258,Doc2375OCR.png,Doc2375OCR,1,RV,20,Religionsfenomenologi,"Lieblein, J(ens)",Gammelægyp tisk religion populært fremstillet. D.1-3.,1883,Kra.,3 D i 1 B.,"Lieblein, J(ens)",Kra.,Kristiania,59.9139,10.7522
4259,Doc2479OCR.png,Doc2479OCR,1,Jød,10,Jødedommen - allment og blandet,"Lyng, Ge(org) Vilh(elm)",Jødedommen. 10 populære foredrag.,1867,Chra.,,"Lyng, Ge(org) Vilh(elm)",Chra.,Kristiania,59.9139,10.7522
4260,Doc0492OCR.png,Doc0492OCR,1,Bi,10,Bibelske oppslagsverk,,Biblische Hand-Konkordanz oder alphabetisches Wortregister der Heiligen Schrift. 4. rev. Aufl.,1901,Bremen,,,Bremen,Bremen,53.0793,8.8017
4261,Doc0471OCR.png,Doc0471OCR,1,NT,10,Tekstutgaver og oversettelser,Martino Trostio,Bibelen. N.T. Syrisk. - Latin. Novum Domini nostri Jesu Christi Testamentum Syriace. Cum versione Latina.,1621,Cothen Anhaltinorum,,Martino Trostio,Cothen Anhaltinorum,"Köthen, Anhalt, Germany",51.7517,11.97316
4262,Doc3025OCR.png,Doc3025OCR,1,MV,70,Nordisk misjon - selskap utenfor Norge,Anne Marie Petersen,Danmarks verdensmission,1919,Kbh.,,Anne Marie Petersen,Kbh.,"Copenhagen, Denmark",55.6761,12.5683
4263,Doc1161OCR.png,Doc1161OCR,1,GT,30,Innledningsvitenskap,Johann Gottfried Eichhorn,Einleitung in das Alte Testament,1823,Gött.,4. Orig. Ausg. B.1-5. 5 b.,Johann Gottfried Eichhorn,Gött.,"Göttingen, Germany",51.5413,9.9158
4264,Doc3488OCR.png,Doc3488OCR,1,Bi,20,"Bibelkunnskap, hermeneutikk",Richard Simon,Historia critica Veteris Testamenti,1685,Amst.,Nova ed.,Richard Simon,Amst.,"Amsterdam, Netherlands",52.3676,4.9041
4265,Doc3584OCR.png,Doc3584OCR,1,NT,,,James Stalker,The life of St. Paul,1892,Edinb.,N. ed.,James Stalker,Edinb.,"Edinburgh, Scotland",55.9533,-3.1883
4266,Doc3002OCR.png,Doc3002OCR,1,KH,80,Norges kirkehistorie,Claus Pavels,Dagbogs-Optegnelser 1815-1816,1867,Chra.,B.2.,Claus Pavels,Chra.,"Oslo, Norway",59.9139,10.7522
4267,Doc4151OCR.png,Doc4151OCR,1,Li,30,Greske klassikere,Xenophon,Oikonomikos,1734,Hamb.,,Xenophon,Hamb.,"Hamburg, Germany",53.5511,9.9937
4268,Doc0430OCR.png,Doc0430OCR,1,Bi,45,,,Bibelen. N.T. Luk. Mbum. Lingjila a Luka,1936,Lond.,,,Lond.,"London, England",51.5074,-0.1278
4269,Doc2118OCR.png,Doc2118OCR,1,KH,,,"Kerfstedt, Johannes",Om det svenska prästerskapets ekonomiska ställning.,1895,Ups.,,"Kerfstedt, Johannes",Ups.,Uppsala,59.8586,17.6389
4270,Doc0860OCR.png,Doc0860OCR,1,Jød,40,Rabbinismen,"Cohen, S.I.",Morgenländische Pflanzen auf nördlichen Boden.,1807,Frankf. a.M.,(Vorw.),"Cohen, S.I.",Frankf. a.M.,Frankfurt am Main,50.1109,8.6821
4271,Doc3386OCR.png,Doc3386OCR,1,RV,90,Kinesiske religioner/filosofi,"Schmidt, Aage",Slægtens ældste Religion. D.1.: Kineserne.,1912,Chra.,,"Schmidt, Aage",Chra.,Oslo,59.9139,10.7522
4272,Doc3067OCR.png,Doc3067OCR,1,Ge,20,Enkelte lands geografi,,Picturesque Europe. P. 1. The British isles.,,London u.å.,,,London u.å.,London,51.5074,-0.1278
4273,Doc2769OCR.png,Doc2769OCR,1,Li,30,Greske klassikere,"Müller, Karl Otfried",Geschichte der griechischen Literatur bus auf das Zeitalter Alexanders.,,,2. Ausg. B.1-2.,"Müller, Karl Otfried",,,,
4274,Doc0035OCR.png,Doc0035OCR,1,SV,10,Språkvitenskap – allment,,Aim and principles of the International phonetic association.,1904,"Bourg-la-Reine, Seine",,,"Bourg-la-Reine, Seine",Bourg-la-Reine,48.7731,2.3136
4275,Doc0208OCR.png,Doc0208OCR,1,Hi,10,Politisk historie og kulturhistorie,"Bédier, Joseph",Les crimes allemands d'apres des témoignages allemands.,1915,Paris,,"Bédier, Joseph",Paris,Paris,48.8566,2.3522
4276,Doc3312OCR.png,Doc3312OCR,1,KH,30,"Oldkirkens kirkehistorie, patristikk","Hurter, H.",Sanctorum patrum opuscula selecta ...,1879,Oenipontum,"T.7.,38.i 1 vol.","Hurter, H.",Oenipontum,Innsbruck,47.2682,11.3928
4277,Doc1782OCR.png,Doc1782OCR,1,PT,60,Kateketikk og pedagogikk,"Hertzberg, N(ils Christian Egede)",Opdragelsen i Hjemmet. 8 Foredrag.,1880,Chra.,,"Hertzberg, Nils Christian Egede",Chra.,Oslo,59.9139,10.7522
4278,Doc2623OCR.png,Doc2623OCR,1,Ti,40,Tidsskrift – blandet innhold,,"Menighedsfakultetet. Utg. Aarsberetning for 1910., 1919., 1922.",1911,Kra.,,,Kra.,Oslo,59.9139,10.7522
4279,Doc2623OCR.png,Doc2623OCR,2,Ti,40,Tidsskrift – blandet innhold,,"Menighedsfakultetet. Utg. Aarsberetning for 1910., 1919., 1922.",1920,Kra.,,,Kra.,Oslo,59.9139,10.7522
4280,Doc2623OCR.png,Doc2623OCR,3,Ti,40,Tidsskrift – blandet innhold,,"Menighedsfakultetet. Utg. Aarsberetning for 1910., 1919., 1922.",1923,Kra.,,,Kra.,Oslo,59.9139,10.7522
4281,Doc3751OCR.png,Doc3751OCR,1,Li,40,Latinske klassikere,"Tacitus, (Publius) Cornelius","Opera ab I.Lipsio ...(etc) emend. et ill., Ab Immanuele Bekkero ... recogn.",1831,Lips.,T.2.,"Tacitus, Publius Cornelius",Lips.,Leipzig,51.3397,12.3731
4282,Doc0053OCR.png,Doc0053OCR,1,Te,20,Teknikk – allment,,Almeennyttig Haandbog for Huusholdninger og Næring drivende Borgere.,1845,Chra.,,,Chra.,Oslo,59.9139,10.7522
4283,Doc1806OCR.png,Doc1806OCR,1,Ge,10,"Reiseskildringer, atlas","Hickmann, A.L.",Geografisch-statistischer Taschen-Atlas.,,Wien u.å.,3. Aufl.,"Hickmann, A.L.",Wien,Vienna,48.2082,16.3738
4284,Doc2843OCR.png,Doc2843OCR,1,Va,20,?,,Grundstadgar för Nobelstiftelsen,1900,Sth.,,,Sth.,Stockholm,59.3293,18.0686
4285,Doc2554OCR.png,Doc2554OCR,1,MV,122,Misjon og kirke i India,"Major, E.Mabel F.",Paa Ønskernes Vinger. En Ferierejse til en indisk Flods Bredder. Autor. Overs. ved M.Wolff.,1909,Kbh./Kra.,,"Major, E.Mabel F.",Kbh./Kra.,Copenhagen/Oslo,,
4286,Doc3162OCR.png,Doc3162OCR,1,Li,50,Fransk litteratur,"Racine, (Jean)",Esther. Tragédie ... I dansk Gengivelse ved Adolf Langsted.,,Kbh. u.å.,,"Racine, Jean",Kbh.,Copenhagen,55.6761,12.5683
4287,Doc2615OCR.png,Doc2615OCR,1,ST,20,Prinsipplære og religionshistorie,"Melanchton, Philipp","Consilia sive Judicia theologica, itemque Responsiones ad quæstiones ... Una cum fragmentis narrationum historicarum",1600,Neustadium,opera Christophori Pezelii,Philip Melanchton,Neustadium,Neustadt,49.3511308,8.1314805
4288,Doc1803OCR.png,Doc1803OCR,1,PT,90,Prekener og andaktsbøker,"Heyerdahl, N.R.",Bibellæseplan (2.Aar) udg. efter Anmodning fra Norges kristelige Ungdomsforbund,1904,Kra.,2 ekspl.,N.R. Heyerdahl,Kra.,Oslo,59.9138688,10.7522454
4289,Doc2156OCR.png,Doc2156OCR,1,NV,10,Naturvitenskap – allment,"Kjerulf, Theodor",Udsigt over det sydlige Norges geologi,1879,Chra.,1 b. + atlas,Theodor Kjerulf,Chra.,Oslo,59.9138688,10.7522454
4290,Doc3696OCR.png,Doc3696OCR,1,PT,80,Hymnologi og kirkemusikk,"Sundberg, Ewald",Stilfærdige sange,1913,Kra.,,Ewald Sundberg,Kra.,Oslo,59.9138688,10.7522454
4291,Doc3509OCR.png,Doc3509OCR,1,KH,170,Moderne religiøse samfunn og retninger,"Skovgaard-Petersen, C(arl)",Hvad er spiritismen værd?,1921,,"Efter forf.s ""Tilbake til Gud""",Carl Skovgaard-Petersen,,,,
4292,Doc1563OCR.png,Doc1563OCR,1,NT,,,"Gutbirius, Aegidius",Lexicon Syriacum: Omnes Novi Testamenti Syriaci dictiones et particulas complectens,1865,London,"Denuo ed., emend. ... E.Henderson",Aegidius Gutbirius,London,London,51.5074,-0.1278
4293,Doc3380OCR.png,Doc3380OCR,1,GT,0,Det Gamle Testamente,"Schmidt, Aage",Abrahams Tid. Et Billede af babylonisk Religion og Kultur,1905,Kbh.,,Aage Schmidt,Kbh.,Copenhagen,55.6761,12.5683
4294,Doc0646OCR.png,Doc0646OCR,1,PT,92,Annen oppbyggelseslitteratur,"Bruun, Chr(istopher)",Vær fuldkomme. Præken,1912,Kra.,,Christopher Bruun,Kra.,Oslo,59.9138688,10.7522454
4295,Doc3726OCR.png,Doc3726OCR,1,RV,10,Religionshistorie,"Söderblom, Nathan",Oversikt av allmänna religionshistorien,1914,Sth.,2. genoms. uppl.,"Söderblom, Nathan",Sth.,Stockholm,59.3293,18.0686
4296,Doc2712OCR.png,Doc2712OCR,1,MV,138,Misjon og kirke på Madagaskar,"Moody, D(wright) L(yman)",Aiza moa Hianao ? sy ny teny sasany.,1876,Antan.,,"Moody, Dwight Lyman",Antan.,Antananarivo,-18.8792,47.5079
4297,Doc2527OCR.png,Doc2527OCR,1,ST,,,"McCosh, James",The method of the divine governement physical and moral.,1867,London,9th ed.,"McCosh, James",London,London,51.5074,-0.1278
4298,Doc2391OCR.png,Doc2391OCR,1,Li,40,Latinske klassikere,"Livius, Titus","Ab urbe condita libri 23., 24., 25. Texte latin publ. avec une notice sur la vie et les ouvrages de Tite-Live, des notes ..., un index ... par O. Riemann et E. Benoit.",1883,Paris,,"Livius, Titus",Paris,Paris,48.8566,2.3522
4299,Doc1557OCR.png,Doc1557OCR,1,MV,30,Misjonshistorie,"Gundert, H(ermann)",Die evangelische Mission ...,1903,Calw,4. verm. Aufl. bearb. von G. Kurze und F. Raeder.,"Gundert, Hermann",Calw,Calw,48.7079,8.7409
4300,Doc3867OCR.png,Doc3867OCR,1,ST,,,"Tregelles, S(amuel) P(rideaux)",Den første Opstandelse.,1897,Kra.,,"Tregelles, Samuel Prideaux",Kra.,Oslo,59.9139,10.7522
4301,Doc2063OCR.png,Doc2063OCR,1,ST,35,Systematisk teologi – monografier,"Jukes, Andrew",The second death and the restitution of all things: ...,1878,London,,"Jukes, Andrew",London,London,51.5074,-0.1278
4302,Doc2021OCR.png,Doc2021OCR,1,PT,92,Annen oppbyggelseslitteratur,"Jensen, Gustav",Den skjulte helligdom.,1919,Kra.,,"Jensen, Gustav",Kra.,Oslo,59.9139,10.7522
4303,Doc3692OCR.png,Doc3692OCR,1,PT,20,Pastorallære,Bernt Støylen,Forkynnelse og vækkelse. Foredrag ... af Bernt Støylen og Erling Grønland.,1907,Kra.,,Bernt Støylen,Kra.,Oslo,59.9139,10.7522
4304,Doc0818OCR.png,Doc0818OCR,1,Ti;Jød,20,,,"The Church Missionary Intelligencer. 1852., 1876-88.",1852,London,,,London,London,51.5074,-0.1278
4305,Doc0818OCR.png,Doc0818OCR,2,Ti;Jød,20,,,"The Church Missionary Intelligencer. 1852., 1876-88.",1876,London,,,London,London,51.5074,-0.1278
4306,Doc0818OCR.png,Doc0818OCR,3,Ti;Jød,20,,,"The Church Missionary Intelligencer. 1852., 1876-88.",1877,London,,,London,London,51.5074,-0.1278
4307,Doc0818OCR.png,Doc0818OCR,4,Ti;Jød,20,,,"The Church Missionary Intelligencer. 1852., 1876-88.",1878,London,,,London,London,51.5074,-0.1278
4308,Doc0818OCR.png,Doc0818OCR,5,Ti;Jød,20,,,"The Church Missionary Intelligencer. 1852., 1876-88.",1879,London,,,London,London,51.5074,-0.1278
4309,Doc0818OCR.png,Doc0818OCR,6,Ti;Jød,20,,,"The Church Missionary Intelligencer. 1852., 1876-88.",1880,London,,,London,London,51.5074,-0.1278
4310,Doc0818OCR.png,Doc0818OCR,7,Ti;Jød,20,,,"The Church Missionary Intelligencer. 1852., 1876-88.",1881,London,,,London,London,51.5074,-0.1278
4311,Doc0818OCR.png,Doc0818OCR,8,Ti;Jød,20,,,"The Church Missionary Intelligencer. 1852., 1876-88.",1882,London,,,London,London,51.5074,-0.1278
4312,Doc0818OCR.png,Doc0818OCR,9,Ti;Jød,20,,,"The Church Missionary Intelligencer. 1852., 1876-88.",1883,London,,,London,London,51.5074,-0.1278
4313,Doc0818OCR.png,Doc0818OCR,10,Ti;Jød,20,,,"The Church Missionary Intelligencer. 1852., 1876-88.",1884,London,,,London,London,51.5074,-0.1278
4314,Doc0818OCR.png,Doc0818OCR,11,Ti;Jød,20,,,"The Church Missionary Intelligencer. 1852., 1876-88.",1885,London,,,London,London,51.5074,-0.1278
4315,Doc0818OCR.png,Doc0818OCR,12,Ti;Jød,20,,,"The Church Missionary Intelligencer. 1852., 1876-88.",1886,London,,,London,London,51.5074,-0.1278
4316,Doc0818OCR.png,Doc0818OCR,13,Ti;Jød,20,,,"The Church Missionary Intelligencer. 1852., 1876-88.",1887,London,,,London,London,51.5074,-0.1278
4317,Doc0818OCR.png,Doc0818OCR,14,Ti;Jød,20,,,"The Church Missionary Intelligencer. 1852., 1876-88.",1888,London,,,London,London,51.5074,-0.1278
4318,Doc0454OCR.png,Doc0454OCR,1,NT,10,Tekstutgaver og oversettelser,P.O. Schjøtt,Bibelen. N.T. 1.Kor. Norsk. Første Korintherbrev af P.O.Schjøtt,1922,Kra.,,P.O. Schjøtt,Kra.,Oslo,59.9139,10.7522
4319,Doc1287OCR.png,Doc1287OCR,1,RV,20,Religionsfenomenologi,James A. Farrer,Primitive manners and customs.,1879,London,,James A. Farrer,London,London,51.5074,-0.1278
4320,Doc2045OCR.png,Doc2045OCR,1,ST,30,Dogmatikk,"(Johnson, Gisle ?)","Den systemat(iske) Theologies 2 den Deel, eller Den chrl. Dogmatik ...",,,Håndskrevet,Gisle Johnson,,,,
4321,Doc0310OCR.png,Doc0310OCR,1,GT,,,Santis Pagnini,Bibelen. G.T. Salmene. Latin. Liber psalmorum Hebraice cum versione Latina Santis Pagnini.,1726,Basilea,,Santes Pagnino,Basilea,Basel,47.5596,7.5886
4322,Doc2666OCR.png,Doc2666OCR,1,MV,80,Misjon i andre land (Europa og Nord-Amerika),,Die Mission der Brüdergemeine. (Herrnhut u.å.),,,,,,,,
4323,Doc2915OCR.png,Doc2915OCR,1,Le,20,Ordbøker – moderne språk og latin,John Ogilvie,"The imperial dictionary, ... on the basis of Webster's English dictionary; ...",1850,Glasgow,2 vol.,John Ogilvie,Glasgow,Glasgow,55.8642,-4.2518
4324,Doc3280OCR.png,Doc3280OCR,1,NT,90,Nytestamentlig teologi. Urkirkens historie,Viktor Rydberg,Ny Testamentes Lærdomme om Forudtilværelsen og de sidste Ting.,1881,Kbh.,,Viktor Rydberg,Kbh.,København,55.6761,12.5683
4325,Doc4128OCR.png,Doc4128OCR,1,GT,64,Kommentar til profetbøkene,Henning Bernhard Witter,"Novilunii initatio ... ad mentem Talmudistarum, pro festis Judæorum determinandis, ...",1703,Jena,,Henning Bernhard Witter,Jena,Jena,50.9271,11.5892
4326,Doc4128OCR.png,Doc4128OCR,2,GT,64,Kommentar til profetbøkene,Eduard Pocock,Commentarius in prophetian Joelis ...,1695,Lips.,,Eduard Pocock,Lips.,Leipzig,51.3397,12.3731
4327,Doc3949OCR.png,Doc3949OCR,1,Ti,40,Tidsskrift – blandet innhold,,Videnskabs-selskabet i Kristiania. Forhandlinger.,1889,Kra.,36 b.,,Kra.,Oslo,59.9139,10.7522
4328,Doc1256OCR.png,Doc1256OCR,1,GT,30,Innledningsvitenskap,Heinrich Ewald,Die Alterthümer des Volkes Israel.,1866,Gött.,3. Ausg.,Heinrich Ewald,Gött.,Göttingen,51.5406,9.9158
4329,Doc2633OCR.png,Doc2633OCR,1,KH,,,Heinrich Merz,"Katharina Luther, Katharina Melanchthon, Anna Zwingli. Biografiske Skitser efter ""Christliche Frauenbilder""",1883,Chra.,,Heinrich Merz,Chra.,Oslo,59.9139,10.7522
4330,Doc3593OCR.png,Doc3593OCR,1,NT,,,Christopher Starke,"Synopsis bibliothecae exegeticae in Novum Testamentum, ...",1873,Sth.,1.-2. uppl.,Christopher Starke,Sth.,Stockholm,59.3293,18.0686
4331,Doc1551OCR.png,Doc1551OCR,1,NV,70,Medisin og helse,Gustav Guldberg,Grundtræk af menneskets anatomi.,1893,Kra.,,Gustav Guldberg,Kra.,Oslo,59.9139,10.7522
4332,Doc0714OCR.png,Doc0714OCR,1,PT,20,Pastorallære,Carl Büchsel,Præsten og de kirkelige Handlinger. Overs. af Johannes Clausen.,1867,Kbh.,2. opl.,Carl Büchsel,Kbh.,København,55.6761,12.5683
4333,Doc1186OCR.png,Doc1186OCR,1,ST,,,"Elmquist, Thorvald",Til Værn imod Nutidens Vantro. En Haandsrækning for Lægfolk.,1900,Kbh.,,"Elmquist, Thorvald",Kbh.,Copenhagen,55.6761,12.5683
4334,Doc3899OCR.png,Doc3899OCR,1,Va,20,?,"Ud haug, Andreas",Det kongelige norske universitet av 7. juni 1917,1917,Oslo,,"Ud haug, Andreas",Oslo,Oslo,59.9139,10.7522
4335,Doc4050OCR.png,Doc4050OCR,1,ST,,,"Weber, L(udwig), Hg.",Die Wissenschaften und Künste der Gegenwart in ihrer Stellung zum biblischen Christentum. Zusammenhängende Einzelbilder von verschiedenen Verfassern.,1898,Gütersl.,,"Weber, Ludwig",Gütersl.,Gütersloh,51.9066,8.3866
4336,Doc3101OCR.png,Doc3101OCR,1,Li,30,Greske klassikere,Plutarch(os),"Themistokles und Kamillus, Alexander und Julius Cäsar. Ubers. mit Anm. von G.G. Bredow.",1814,Breslau,,Plutarchos,Breslau,Wrocław,51.1079,17.0385
4337,Doc3677OCR.png,Doc3677OCR,1,MV,15,"Misjon - fortellinger, misjonsmotivering",,Streiflys over Hedningefolk.,1911,Kbh.,,,Kbh.,Copenhagen,55.6761,12.5683
4338,Doc0739OCR.png,Doc0739OCR,1,NT,,,"Calvin, Johann",In omnes Novi testamenti epistolas commentarii. Vol. 3. Epistolas catholicas complectens. Acc. Indices 2. Ed.2. emend.,1834,Hale Saxonum,Ed.2. emend.,"Calvin, Johann",Hale Saxonum,Halle (Saale),51.4823,11.9685
4339,Doc0151OCR.png,Doc0151OCR,1,SV,40,Asiatiske språk,"Baller, F.W.",An analytical Chinese-English dictionary,1900,Shangh.,,"Baller, F.W.",Shangh.,Shanghai,31.2304,121.4737
4340,Doc1140OCR.png,Doc1140OCR,1,NV,70,Medisin og helse,"Ebbell, B(endix)",Rakitens ætiologi. Et forsøg paa en ny theori. Særtr. av N.mag.f.lægev. nr.3.1908.,1908,Kra.,,"Ebbell, Bendix",Kra.,Oslo (formerly Kristiania),59.9139,10.7522
4341,Doc2587OCR.png,Doc2587OCR,1,Ge,20,Enkelte lands geografi,"Martin, G. Currie",One Hundred and Fifty Days in China.,1910,London,,"Martin, G. Currie",London,London,51.5074,-0.1278
4342,Doc2217OCR.png,Doc2217OCR,1,ST,,,"Konow, Carl",Forskjellen mellem den ældre og nyere Kristendomsopfatning.,1907,Bergen,,"Konow, Carl",Bergen,Bergen,60.39299,5.32415
4343,Doc2990OCR.png,Doc2990OCR,1,SV,20,Indogermanske språk [-> Indoeuropeiske språk],"Passy, Paul",La légende du quatrème mage en transcription phonétique.,1896,Paris,,"Passy, Paul",Paris,Paris,48.8566,2.3522
4344,Doc1740OCR.png,Doc1740OCR,1,PT,80,Hymnologi og kirkemusikk,"Heinrich, Karl",Erzählungen über evangelische Kirchenlieder und über einzelne Verse ... 1.-2. Aufl.,1850,Eckartsberga u. Halle,1.-2. Aufl.,"Heinrich, Karl",Eckartsberga u. Halle,Eckartsberga and Halle,51.3,11.4333
4345,Doc3604OCR.png,Doc3604OCR,1,MV,135,Misjon og kirke i Sør-Afrika,"Stavem, O(le)",Et bantufolk og kristendommen ...,1915,Stvg.,,"Stavem, O(le)",Stvg.,Stavanger,58.97,5.733
4346,Doc3317OCR.png,Doc3317OCR,1,SV,20,Indogermanske språk [-> Indoeuropeiske språk],"Sanders, Daniel",Kurzgefasstes Wörterbuch - - der deutschen Sprache. 10te Aufl.,1877,Berlin,10te Aufl.,"Sanders, Daniel",Berlin,Berlin,52.52,13.405
4347,Doc0255OCR.png,Doc0255OCR,1,ST,50,Apologetikk,"Bettex, F(rederic)",Tro och kritik. Ett ord till troende. ... Öfvers. från 3. tillökade tyska uppl. af J.W. Heldén.,1905,Göteb.,,"Bettex, F(rederic)",Göteborg,Gothenburg,57.7089,11.9746
4348,Doc3038OCR.png,Doc3038OCR,1,Et,10,Etnologi – allment,"Petersen, Joh.",Billeder af Livet i Oldtiden hos Grækerne og Romerne.,1874,Kbh.,,"Petersen, Joh.",Kbh.,Copenhagen,55.6761,12.5683
4349,Doc3672OCR.png,Doc3672OCR,1,ST,,,"Strauss, David Friedrich",Fremstilling af den christelige Troeslære i dens historiske Udvikling og i dens Kamp med den moderne Videnskab.,1842,Kbh.,,"Strauss, David Friedrich",Kbh.,Copenhagen,55.6761,12.5683
4350,Doc1916OCR.png,Doc1916OCR,1,NV,10,Naturvitenskap – allment,"Humboldt, Alexander von",Kosmos. Udkast til en physisk Verdensbeskrivelse.,1855,Kbh.,1-2 Opl. B.1-4.,"Humboldt, Alexander von",Kbh.,Copenhagen,55.6761,12.5683
4351,Doc1262OCR.png,Doc1262OCR,1,KH,,,"Fabri, Friedrich","Die neuesten Erweckungen in Amerika, Irland und andern Ländern.",1860,Barmen,,"Fabri, Friedrich",Barmen,Barmen,51.2563,7.1508
4352,Doc0999OCR.png,Doc0999OCR,1,PT,92,Annen oppbyggelseslitteratur,"Dahler, Christen L(arsen)","""Deilig er jorden""",1908,Bergen,,"Dahler, Christen Larsen",Bergen,Bergen,60.3913,5.3221
4353,Doc2371OCR.png,Doc2371OCR,1,MV,122,Misjon og kirke i India,,Licht im Dickicht,1879,Basel,,,Basel,Basel,47.5596,7.5886
4354,Doc0120OCR.png,Doc0120OCR,1,MV,130,Misjon og kirke i Afrika,"Atkins, John Black",The relief of Ladysmith,1900,London,3rd ed.,"Atkins, John Black",London,London,51.5074,-0.1278
4355,Doc2208OCR.png,Doc2208OCR,1,MV,121,Misjon og kirke i Kina,"Kolmodin, A.",Kina och västerlandet.,1892,Ups.,,"Kolmodin, A.",Ups.,Uppsala,59.8586,17.6389
4356,Doc3824OCR.png,Doc3824OCR,1,ST,50,Apologetikk,"Tholuck, A(ugust) (1799-1877)",Vermischte Schriften grösstentheils apologetischen Inhalts. 2. Aufl.,1867,Gotha,2. Aufl.,"Tholuck, August",Gotha,Gotha,50.9482,10.6977
4357,Doc3824OCR.png,Doc3824OCR,2,ST,50,Apologetikk,"Tholuck, A(ugust) (1799-1877)",Die Propheten und ihre Weissagungen 2. Aufl.,1867,Gotha,2. Aufl.,"Tholuck, August",Gotha,Gotha,50.9482,10.6977
4358,Doc2786OCR.png,Doc2786OCR,1,KU;Et;Hi,30,,"Mørch, Andreas",Frå gamle dagar. Folkeminne frå Sigdal og Eggedal.,1932,Oslo,,"Mørch, Andreas",Oslo,Oslo,59.9139,10.7522
4359,Doc3608OCR.png,Doc3608OCR,1,NV,70,Medisin og helse,"Steen, Caroline",Hjemmets sundhetspleie,1915,Bergen,,"Steen, Caroline",Bergen,Bergen,60.3913,5.3221
4360,Doc2976OCR.png,Doc2976OCR,1,PT,80,Hymnologi og kirkemusikk,"Palmqvist, G.","""Pilgrims Sånger ...""",1874,Sth.,6. uppl.,"Palmqvist, G.",Sth.,Stockholm,59.3293,18.0686
4361,Doc4022OCR.png,Doc4022OCR,1,SV,20,Indogermanske språk [-> Indoeuropeiske språk],"Wallem, N(i)els Th(omas)",Øvelser til den franske syntax. B.1-2.,1883,Kra.,,"Wallem, Niels Thomas",Kra.,Oslo,59.9139,10.7522
4362,Doc0506OCR.png,Doc0506OCR,1,NV,60,Botanikk,"Bjørlykke, K(nut) O(laf)",Norske planter. En skoleflora ... 2. udg.,1897,Kra.,,"Bjørlykke, Knut Olaf",Kra.,Oslo,59.9139,10.7522
4363,Doc1488OCR.png,Doc1488OCR,1,PT,92,Annen oppbyggelseslitteratur,"Gjertsen, M. Falk",Kom hjem ! 7 prædikener over lignelsen om den fortapte søn,1898,Bergen,,"Gjertsen, M. Falk",Bergen,Bergen,60.3913,5.3221
4364,Doc0175OCR.png,Doc0175OCR,1,MV,30,Misjonshistorie,"Barth, Heinrich",Reiser og Opdagelser i Nord- og Mellem-Afrika. B.1-2.,1860,Kbh.,,"Barth, Heinrich",Kbh.,Copenhagen,55.6761,12.5683
4365,Doc2610OCR.png,Doc2610OCR,1,SV,10,Språkvitenskap – allment,"Meinhof, Carl",Linguistik. 3. Aufl.,1905,Hann.,,"Meinhof, Carl",Hann.,Hannover,52.3759,9.732
4366,Doc0314OCR.png,Doc0314OCR,1,GT,10,Tekstutgaver og oversettelser,,Bibelen. G.T. Salm. Norsk. Psalmernes Bog. Ny Overs.,1899,Kra.,,,Kra.,Oslo,59.9139,10.7522
4367,Doc4030OCR.png,Doc4030OCR,1,ST,30,Dogmatikk,"Wangemann, Hermann Theodor",Christliche Glaubenslehre für gebildete Leser,1865,Berlin,,"Wangemann, Hermann Theodor",Berlin,Berlin,52.52,13.405
4368,Doc0672OCR.png,Doc0672OCR,1,ST,,,"Bugge, Christian August",Udviklingslærens Moral. En Fremstilling og Kritik.,1890,Chra.,,"Bugge, Christian August",Chra.,Oslo,59.9139,10.7522
4369,Doc4181OCR.png,Doc4181OCR,1,KH,,,"Oehler, Gustav Friedrich",Lehrbuch der Symbolik. Hg. von Johannes Delitzsch.,1876,Tüb.,,"Oehler, Gustav Friedrich",Tüb.,Tübingen,48.5227,9.0522
4370,Doc0809OCR.png,Doc0809OCR,1,MV,10,Misjonsteori – allment,"Christlieb, Fader",Aftensamtaler om Hedningemissionen. (Udg.) af R. Grundemann.,1893,Kbh.,,"Christlieb, Fader",Kbh.,Copenhagen,55.6761,12.5683
4371,Doc3148OCR.png,Doc3148OCR,1,ST,30,Dogmatikk,"Quenstedt, Johann Andreas","Theologia didactico-polemica, sive Systema theologicum",1701,Wittemb.,Ed. 4,"Quenstedt, Johann Andreas",Wittemb.,Wittenberg,51.8715,12.6304
4372,Doc1648OCR.png,Doc1648OCR,1,SV,20,Indogermanske språk [-> Indoeuropeiske språk],"Hals, Christian August",Engelske Præpositioner og Stiløvelser. 3. Opl.,1878,Chra.,3. Opl.,"Hals, Christian August",Chra.,Oslo,59.9139,10.7522
4373,Doc0104OCR.png,Doc0104OCR,1,PT,92,Annen oppbyggelseslitteratur,"Arndt, Johann",Informatorium biblicum eller Påminnelser före den heliga skriffts läsning.,1910,Engelholm,,"Arndt, Johann",Engelholm,Ängelholm,56.2428,12.8625
4374,Doc3580OCR.png,Doc3580OCR,1,Ge,,,"Stabenfeldt, Nils (red.)",Stavanger : utsigt over byens historie og næringsliv samt Stvgr. ungdomsforeningers historie 1868-1911,1911,Stavanger,,"Stabenfeldt, Nils",Stavanger,Stavanger,58.9699756,5.7331073
4375,Doc0233OCR.png,Doc0233OCR,1,PT,92,Annen oppbyggelseslitteratur,"Bergman, C.H.","Kristliga föredrag Jesu Kristi fødelse, dess betydelse och innebörd",1911,Sth.,,"Bergman, C.H.",Sth.,Stockholm,59.3293,18.0686
4376,Doc1907OCR.png,Doc1907OCR,1,MV,15,"Misjon - fortellinger, misjonsmotivering","Hove, E(ndre)",En aaben plads for dit hjerte,1904,Stvg.,,"Hove, Endre",Stvg.,Stavanger,58.9699756,5.7331073
4377,Doc4107OCR.png,Doc4107OCR,1,ST,15,Filosofihistorie,"Wildhagen, A.",Vor tids determinisme,1887,Kra.,,"Wildhagen, A.",Kra.,Kristiania (Oslo),59.9139,10.7522
4378,Doc3326OCR.png,Doc3326OCR,1,PT,90,Prekener og andaktsbøker,"Saurin, Jacob",Predigten über verschiedene Texte der Heiligen Schrift,1745,Lpz.,1.-3.Aufl. T.1-7,"Saurin, Jacob",Lpz.,Leipzig,51.3396955,12.3730747
4379,Doc3326OCR.png,Doc3326OCR,2,PT,90,Prekener og andaktsbøker,"Saurin, Jacob",Fortgesetzte Predigten,1748,Lpz.,T.8-9,"Saurin, Jacob",Lpz.,Leipzig,51.3396955,12.3730747
4380,Doc3326OCR.png,Doc3326OCR,3,PT,90,Prekener og andaktsbøker,"Saurin, Jacob",Predigten,1750,Lpz.,T.10,"Saurin, Jacob",Lpz.,Leipzig,51.3396955,12.3730747
4381,Doc2166OCR.png,Doc2166OCR,1,PT,92,Annen oppbyggelseslitteratur,"Klaveness, Th(or)v(ald)",Bjørnsons gravfærd. Præken,1910,Kra.,,"Klaveness, Thorvald",Kra.,Kristiania (Oslo),59.9139,10.7522
4382,Doc3363OCR.png,Doc3363OCR,1,SV,20,Indogermanske språk [-> Indoeuropeiske språk],"Schleicher, August",Compendium der vergleichenden Grammatik der indogermanischen Sprachen,1866,Weimar,2. verm. Aufl.,"Schleicher, August",Weimar,Weimar,50.9803,11.329
4383,Doc1998OCR.png,Doc1998OCR,1,PT,92,Annen oppbyggelseslitteratur,"Jansen, J.J.",Er Jesus virkelig opstanden?,1912,Kra.,,"Jansen, J.J.",Kra.,Kristiania (Oslo),59.9139,10.7522
4384,Doc1426OCR.png,Doc1426OCR,1,SV,40,Asiatiske språk,"Gabelentz, Georg von der",Anfangsgründe der chinesischen Grammatik,1883,Lpz.,,"Gabelentz, Georg von der",Lpz.,Leipzig,51.3397,12.3731
4385,Doc1697OCR.png,Doc1697OCR,1,KH,,,"Harnack, Adolf",Dogmengeschichte. 2. neu bearb. Aufl.,1893,Freib. i B.,,"Harnack, Adolf",Freib. i B.,Freiburg im Breisgau,47.999,7.8421
4386,Doc2788OCR.png,Doc2788OCR,1,KH,,,M.J.,Nadverdnydelse udenfor Kirkehuset. Et Udsalg af Menighedsvækkelsen.,1907,Kra.,,M.J.,Kra.,Kristiania,59.9115,10.7579
4387,Doc1469OCR.png,Doc1469OCR,1,GT,64,Kommentar til profetbøkene,"Gesenius, Wilhelm","Philologisch-kritischer und historischer Commentar über den Jesaia. T.1,1-2.,2.",1821,Lpz.,,"Gesenius, Wilhelm",Lpz.,Leipzig,51.3397,12.3731
4388,Doc4196OCR.png,Doc4196OCR,1,SV,20,Indogermanske språk [-> Indoeuropeiske språk],"Aars, J(akob Jonathan)",Norske retskrivningsregler med alfabetisk ordliste. 11. udg.,1894,Kra.,,"Aars, Jakob Jonathan",Kra.,Kristiania,59.9115,10.7579
4389,Doc0359OCR.png,Doc0359OCR,1,NT,,,,Bibelen. N.T. Luk. Flamsk. Sinte Lucas evangelium.,,U.s.u.å.,,,U.s.u.å.,Unknown,,
4390,Doc1972OCR.png,Doc1972OCR,1,Li,60,Engelsk litteratur,"Irving, Washington",Lives of the successors of Mahomet.,1850,Lpz.,,"Irving, Washington",Lpz.,Leipzig,51.3397,12.3731
4391,Doc0620OCR.png,Doc0620OCR,1,SV,30,Semittiske språk,"Brockelmann, C(arl)",Semitische Sprachwissenschaft 2. verb. Aufl.,1916,Berlin,,"Brockelmann, Carl",Berlin,Berlin,52.52,13.405
4392,Doc0585OCR.png,Doc0585OCR,1,SV,20,Indogermanske språk [-> Indoeuropeiske språk],"Bradley, W. W(indham)",Latin prose exercises,1868,London,New ed.,"Bradley, W. W.",London,London,51.5074,-0.1278
4393,Doc0802OCR.png,Doc0802OCR,1,Væ,20,,"Christensen, Arthur",Engelsk og tysk Folkeaand. Kultur og Verdenskrig.,1915,Kbh.,,"Christensen, Arthur",Kbh.,Copenhagen,55.6761,12.5683
4394,Doc3203OCR.png,Doc3203OCR,1,GT,,,"Reusch, Fr. Heinrich",Den bibelske Skabelseshistorie og dens Forhold til Naturforskningens Resultater.,1879,Kra.,,"Reusch, Fr. Heinrich",Kra.,Oslo,59.9139,10.7522
4395,Doc2651OCR.png,Doc2651OCR,1,MV,10,Misjonsteori – allment,"Miescher, Pfarrer",Die Aufgabe der Mission in Beziehung auf die verschiedenen Motive des Übertritts.,1905,Berlin,2 ekspl.,"Miescher, Pfarrer",Berlin,Berlin,52.52,13.405
4396,Doc0773OCR.png,Doc0773OCR,1,GT,64,Kommentar til profetbøkene,"Caspari, C(arl) P(aul)",Über Micha den Morasthiten und seine prophetische Schrift.,1852,Chra.,Univ. progr.,"Caspari, Carl Paul",Chra.,Oslo,59.9139,10.7522
4397,Doc0061OCR.png,Doc0061OCR,1,KH,30,"Oldkirkens kirkehistorie, patristikk",Ambrosius,Om Naadens Hemmeligheder og Om Boden.,1897,Chra.,Skr.,Ambrosius,Chra.,Oslo,59.9139,10.7522
4398,Doc0061OCR.png,Doc0061OCR,2,KH,30,"Oldkirkens kirkehistorie, patristikk",(Didaké),Den ældste Kirkeordning,,,,Didaké,,,,
4399,Doc1487OCR.png,Doc1487OCR,1,PT,90,Prekener og andaktsbøker,"Gjerløw, Ragnvald",Korte søndagsbetragtninger. Ældre tekst række.,1904,Skien,,"Gjerløw, Ragnvald",Skien,Skien,59.2096,9.608
4400,Doc2474OCR.png,Doc2474OCR,1,NV,10,Naturvitenskap – allment,"Lyell, Charles",The student's elements of geology.,1885,London,4 th ed. rev. By Martin Duncan.,"Lyell, Charles",London,London,51.5074,-0.1278
4401,Doc1115OCR.png,Doc1115OCR,1,NT,,,"Dächsel, August","Brevet til Hebræerne, St. Jakobs almindelige Brev, St. Peters 1. ...2. alm. Brev, St. Johannes's 1. alm. ...2. ...3. Brev, St. Judas's alm. Brev og St. Johannes's Aabenbaring med en i Texten indskudt Fortolkning",1890,Kra.,,"Dächsel, August",Kra.,Oslo,59.9139,10.7522
4402,Doc0582OCR.png,Doc0582OCR,1,KH,10,Kirkehistorie,"Bourdalone, (Louis)",Sermons. Par Jacques Porcher,1894,Paris,Petite bibliotheque des grands écrivaints,"Bourdalone, Louis",Paris,Paris,48.8566,2.3522
4403,Doc2637OCR.png,Doc2637OCR,1,MV,122,Misjon og kirke i India,"Metz, J.F.",Die Volksstämme der Nilagiri's,1857,Basel,,"Metz, J.F.",Basel,Basel,47.5596,7.5886
4404,Doc0499OCR.png,Doc0499OCR,1,ST,,,"Birks, T.R.",The Bible and modern thought,1862,London,N. ed.,"Birks, T.R.",London,London,51.5074,-0.1278
4405,Doc3467OCR.png,Doc3467OCR,1,Li,60,Engelsk litteratur,"Shakespeare, (William)",The tragedy of King Richard the third. Ed. by William Aldis Wright,1880,Oxf.,Select plays,"Shakespeare, William",Oxf.,Oxford,51.752,-1.2577
4406,Doc4132OCR.png,Doc4132OCR,1,RV,20,Religionsfenomenologi,Woldemar,Fra Hexernes Tid. Kuriøse Historier,1887,Kbh.,,Woldemar,Kbh.,Copenhagen,55.6761,12.5683
4407,Doc3226OCR.png,Doc3226OCR,1,SV,20,Indogermanske språk [-> Indoeuropeiske språk],"Rinn, Wilhelm",Littérature-composition et style. Rev. et publ. par Charles Rinn,1885,Paris,2 e éd.,"Rinn, Wilhelm",Paris,Paris,48.8566,2.3522
4408,Doc2424OCR.png,Doc2424OCR,1,MV,10,Misjonsteori – allment,"Lunde, Johan",Har vi raad til at drive hedningemission?,1911,Stvg.,,"Lunde, Johan",Stvg.,Stavanger,58.9699,5.7331
4409,Doc1624OCR.png,Doc1624OCR,1,KH,,,"Hagenbach, K(arl) R(udolf)",Den nyeste Tids Kirkehistorie. Overs. af L.C.Hansen. D.1-2.,1860,Kbh.,2 D i 1 b.,"Hagenbach, Carl Rudolf",Kbh.,Copenhagen,55.6761,12.5683
4410,Doc3480OCR.png,Doc3480OCR,1,SV,20,Indogermanske språk [-> Indoeuropeiske språk],"Sidgwick, A.",Introduction to Greek prose composition with exercise.,1876,London,,"Sidgwick, A.",London,London,51.5074,-0.1278
4411,Doc2518OCR.png,Doc2518OCR,1,ST,,,"Laache, N(ils) J(akob)",Om ægteskabet og valg af ægtefælde.,1894,Kra.,2 ekpl.,"Laache, Nils Jakob",Kra.,Kristiania,59.9139,10.7522
4412,Doc2505OCR.png,Doc2505OCR,1,SV,20,Indogermanske språk [-> Indoeuropeiske språk],"Løkke, Jakob",Kort Omrids af Modersmaalets Grammatik. 16. Opl.,1881,Chra.,16. Opl.,"Løkke, Jakob",Chra.,Kristiania,59.9139,10.7522
4413,Doc2505OCR.png,Doc2505OCR,2,SV,20,Indogermanske språk [-> Indoeuropeiske språk],"Løkke, Jakob",Kort Omrids af Modersmaalets Grammatik. 4. Opl.,1868,Kra.,4. Opl.,"Løkke, Jakob",Kra.,Kristiania,59.9139,10.7522
4414,Doc1941OCR.png,Doc1941OCR,1,ST,15,Filosofihistorie,"Høffding, Harald",Den nyere Filosofis Historie fra Renaissancens Slutning til vore Dage. B. 1-2.,1895,Kbh.,2 b.,"Høffding, Harald",Kbh.,Copenhagen,55.6761,12.5683
4415,Doc4154OCR.png,Doc4154OCR,1,Li,30,Greske klassikere,Xenophon,Memorabilia; chiefly from the text of Kühner: With notes by Percival Frost. New ed.,1876,London,New ed.,Xenophon,London,London,51.5074,-0.1278
4416,Doc1736OCR.png,Doc1736OCR,1,GT,20,"Ordbøker, konkordanser og grammatikker","Heiligstedt, August",Präparation zum Buche Hiob mit den nötigen die Übersetzung und das Verständnis des Textes erleichternden Anmerkungen ; Präparation zu den Psalmen mit den nötigen die Übersetzung und das Verständnis des Textes erleichternden Anmerkungen,1890,Halle,,"Heiligstedt, August",Halle,Halle,51.4821,11.9698
4417,Doc0322OCR.png,Doc0322OCR,1,SV,30,Semittiske språk,Bibelen. G.T. Pentateuchen. Samaritansk. 1682. Christophori Cellari,"Horae Samaritanae, Excerpta Pentateuchi Samaritanae versionis cum Latina interpretatione",1682,Ciza,,"Cellari, Christophori",Ciza,,,
4418,Doc0322OCR.png,Doc0322OCR,2,SV,30,Semittiske språk,"Talmud, Pirke Abhoth",Tractatus Talmudicus ... Capitula patrum. Una cum Versione Hebraica 2 capitum Danielis,1665,Ultrajectum,,"Leusden, Johanne",Ultrajectum,Utrecht,52.0907,5.1214
4419,Doc0887OCR.png,Doc0887OCR,1,SV,50,"Malayiske språk, gassisk språk","Cousins, W.E.",Ny Ohabolan'ny ntaolo nangania sy nalahatry W.E.Cousins sy J:Parrett.,1885,Antan.,,"Cousins, W.E.",Antan.,Antananarivo,-18.8792,47.5079
4420,Doc0588OCR.png,Doc0588OCR,1,SV,50,"Malayiske språk, gassisk språk","Brandes, Jan Lourens Andries",Bijdrage tot de vergelijkende klankleer der westersche afdeeling van de Maleisch-Polynesiche Taalfamilie ...,1884,Utrecht,,"Brandes, Jan Lourens Andries",Utrecht,Utrecht,52.0907,5.1214
4421,Doc3157OCR.png,Doc3157OCR,1,NT,,,"Qvisling, J(on) L(aurits)",Om aanderme eller englene efter den hellige skrifts lære.,1890,Kra.,,"Qvisling, Jørgen Laurits",Kra.,Oslo,59.9139,10.7522
4422,Doc3157OCR.png,Doc3157OCR,2,NT,,,,Lignelsen om Den rige Mand og den fattige Lazarus. Til Oplysning om Forholdene efter Døden.,1889,Kra.,,,Kra.,Oslo,59.9139,10.7522
4423,Doc1655OCR.png,Doc1655OCR,1,KH,50,Reformasjonstidens historie,"Hamberger, Julius",Die Lehre des deutschen Philosophen Jakob Böhme in einem ... Auszue aus dessen ... Schriften dargestellt ...,1844,Münch.,,"Hamberger, Julius",Münch.,Munich,48.1351,11.582
4424,Doc2510OCR.png,Doc2510OCR,1,SV,20,Indogermanske språk [-> Indoeuropeiske språk],"Løland, Torkel",Nordahl Rolfsens læsebogstil. En liden undersøgelse.,1902,Kra.,,"Løland, Torkel",Kra.,Oslo,59.9139,10.7522
4425,Doc2126OCR.png,Doc2126OCR,1,KH,,,"Kierkegaard, Søren (Aabye)",Af (hans) Efterladte Papirer. 1833-1843. Med indledende Notiser ved H.P.Barfod.,1869,Kbh.,,"Kierkegaard, Søren",Kbh.,Copenhagen,55.6761,12.5683
4426,Doc2748OCR.png,Doc2748OCR,1,ST,,,"Munk, S.",Philosophie und philosophische Schriftsteller der Juden. Eine historische Skizze. Aus dem Französischen mit erläuternden und ergänzenden Anm. von B. Beer.,1852,Lpz.,,"Munk, Salomon",Lpz.,Leipzig,51.3397,12.3731
4427,Doc1847OCR.png,Doc1847OCR,1,ST,,,"Holm, Jak(ob)","Herligheds-Haabet eller Kristelig Oplysning om ""de sidste Ting"", ...",1882,Kbh.,,"Holm, Jakob",Kbh.,Copenhagen,55.6761,12.5683
4428,Doc2815OCR.png,Doc2815OCR,1,GT,64,Kommentar til profetbøkene,John King,Lectures upon Jonah,1594,,,John King,,,,
4429,Doc2815OCR.png,Doc2815OCR,2,GT,64,Kommentar til profetbøkene,John Rainolds,The prophesy of Obadiah,1864,Edinb.,,John Rainolds,Edinb.,Edinburgh,55.9533,-3.1883
4430,Doc2815OCR.png,Doc2815OCR,3,GT,64,Kommentar til profetbøkene,John Rainolds,The Prophesy of Haggai,1864,Edinb.,,John Rainolds,Edinb.,Edinburgh,55.9533,-3.1883
4431,Doc2397OCR.png,Doc2397OCR,1,ST,,,John Locke,An essay concerning human understanding,1793,London,19th ed.,John Locke,London,London,51.5074,-0.1278
4432,Doc2472OCR.png,Doc2472OCR,1,ST,10,Filosofi og idéhistorie,H. Tambs Lyche,Ny-idealisme. En kort Oversigt over nye strømninger og tendenser i vor tid,1896,Kra.,,H. Tambs Lyche,Kra.,Oslo,59.9139,10.7522
4433,Doc2353OCR.png,Doc2353OCR,1,MV,15,"Misjon - fortellinger, misjonsmotivering",Gustav Leonhardi,Nat og Morgen,1862,Kbh.,2. h.,Gustav Leonhardi,Kbh.,Copenhagen,55.6761,12.5683
4434,Doc1580OCR.png,Doc1580OCR,1,KH,,,Jens Greve,Den kirkelige situation. Et indlæg i kampen for kirkens frihet og ret,1913,Kra.,,Jens Greve,Kra.,Oslo,59.9139,10.7522
4435,Doc2602OCR.png,Doc2602OCR,1,RV,10,Religionshistorie,L. F. Alfred Maury,La magic et l'astrologie dans l'antiquité et au moyen age,1877,Paris,4e éd.,L. F. Alfred Maury,Paris,Paris,48.8566,2.3522
4436,Doc3041OCR.png,Doc3041OCR,1,Li,80,Norrøn og nordisk litteratur,N. M. Petersen,Islændernes Færd Hjemme og Ude. Nial Saga eller Fortællingen om Nial og hans Sønner. Eyrbyggja Saga og Laksdøla Saga,1901,Kbh.,3dje Udg.,N. M. Petersen,Kbh.,Copenhagen,55.6761,12.5683
4437,Doc1773OCR.png,Doc1773OCR,1,GT,68,Kommentar til skriftene forøvrig,Franz Herrmann,Das Buch Hiob. Aus dem Grundtext übersetzt und mit Erläuterungen versehen,,Lpz.,,Franz Herrmann,Lpz.,Leipzig,51.3397,12.3731
4438,Doc2549OCR.png,Doc2549OCR,1,SV,10,Språkvitenskap – allment,J.N. Madvig,Om de grammatikalske Betegnelsernes Tilblivelse og Væsen,1856,Kobenhavn,,J.N. Madvig,Copenhagen,Copenhagen,55.6761,12.5683
4439,Doc1879OCR.png,Doc1879OCR,1,NV,70,Medisin og helse,Halfdan Hopstock,"Lærebog i menneskets anatomi, fysiologi og sundhedspleie",1902,Kra.,2. udg.,Halfdan Hopstock,Oslo,Oslo,59.9139,10.7522
4440,Doc1172OCR.png,Doc1172OCR,1,NT,90,Nytestamentlig teologi. Urkirkens historie,S. Eitrem,Eine christliche Inschrift aus Chios,1910,Kra.,,S. Eitrem,Oslo,Oslo,59.9139,10.7522
4441,Doc1286OCR.png,Doc1286OCR,1,Bi,10,Bibelske oppslagsverk,John Farrar,"The proper names of the Bible; their orthography, pronunciation, and signification",1839,London,,John Farrar,London,London,51.5074,-0.1278
4442,Doc3746OCR.png,Doc3746OCR,1,Li,40,Latinske klassikere,Publius Cornelius Tacitus,"Annals, transl. into English by Alfred John Church and William Jackson Brodribb",1877,London,2. ed.,Tacitus,London,London,51.5074,-0.1278
4443,Doc2890OCR.png,Doc2890OCR,1,Et,10,Etnologi – allment,Anton Nyström,Allmän Kulturhistoria. D. I-VII,1867,Sth.,,Anton Nyström,Stockholm,Stockholm,59.3293,18.0686
4444,Doc0213OCR.png,Doc0213OCR,1,Ti,20,Misjonsblad (utenfor Norge),,Das Beiblatt der fliegenden Blätter,1857,Hamb.,7.Jhg.,,Hamburg,Hamburg,53.5511,9.9937
4445,Doc0962OCR.png,Doc0962OCR,1,MS,,,L. Dahle eller A. Walen,Liste over gassiske person-navn. Deres opprinnelse.,,,,,,,,
4446,Doc4199OCR.png,Doc4199OCR,1,SV,20,Indogermanske språk [-> Indoeuropeiske språk],"Aars, J(akob Jonathan)",Oversigt over den græske moduslære,1883,Kra.,,"Aars, Jakob Jonathan",Kra.,Oslo,59.91,10.75
4447,Doc1344OCR.png,Doc1344OCR,1,Ge,10,"Reiseskildringer, atlas","Foncin, P(ierre)",L'année préparatoire de géographie,1897,Paris,119 e éd.,"Foncin, Pierre",Paris,Paris,48.8566,2.3522
4448,Doc3369OCR.png,Doc3369OCR,1,NT,,,"Schleusner, Joh(ann) Friedr(ich)",Novum lexicon Graeco-Latinum in Novum testamentum,1814,Edinb.,Ed. 4. emend. T.1-2.,"Schleusner, Johann Friedrich",Edinb.,Edinburgh,55.9533,-3.1883
4449,Doc0572OCR.png,Doc0572OCR,1,SV,20,Indogermanske språk [-> Indoeuropeiske språk],"Borring, L(aurits) S(tephan)",Haandbog i det franske Sprog for den barnlige Alder,1856,Kbh.,8. Opl.,"Borring, Laurits Stephan",Kbh.,Copenhagen,55.6761,12.5683
4450,Doc0039OCR.png,Doc0039OCR,1,Li,30,Greske klassikere,Aischylos,"The tragedies of Aeschylus re-ed., with an English commentary by F.A. Paley",1870,London,3 rd ed. rev.,Aischylos,London,London,51.5074,-0.1278
4451,Doc0967OCR.png,Doc0967OCR,1,MS,,,"Dahle, Lars",Den norske-danske Salmesang i Grundtræk,,,,"Dahle, Lars",,,,
4452,Doc1310OCR.png,Doc1310OCR,1,MV,138,Misjon og kirke på Madagaskar,,Misjonslitt. Fihirana,1883,Antan.,,,Antan.,Antananarivo,-18.8792,47.5079
4453,Doc1598OCR.png,Doc1598OCR,1,MV,30,Misjonshistorie,"Grundemann, R(einholt)",Die Entwickelung der evangelischen Mission im letzten Jahrzehnte (1878-1888),1890,Bielef.,,"Grundemann, Reinholt",Bielef.,Bielefeld,52.0235,8.5336
4454,Doc4015OCR.png,Doc4015OCR,1,SV,,,"Wahrmund, Adolf",Praktisches Handbuch der neu-arabischen Sprache,1861,Giessen,,Adolf Wahrmund,Giessen,Giessen,50.5761,8.6512
4455,Doc2058OCR.png,Doc2058OCR,1,Ge,10,"Reiseskildringer, atlas",,Jordglobusen og dens Anvendelse. Veiledning til Benyttelse af Parmanns Skole- og Familie-Globus.,1894,Kra.,,,Kra.,Oslo,59.9139,10.7522
4456,Doc0958OCR.png,Doc0958OCR,1,MS,,,"Dahle, Lars",Isagogik generalis. Gassisk tekst.,,U.s.u.å.,,Lars Dahle,U.s.u.å.,Unknown,,
4457,Doc1523OCR.png,Doc1523OCR,1,ST,,,"Granfelt, Axel Fredrik","Den biblisk-kristliga läran om de yttersta tingen. Exegetisk-dogmatisk undersökning, framstäld i föreläsningar.",1879,Sth.,,Axel Fredrik Granfelt,Sth.,Stockholm,59.3293,18.0686
4458,Doc1587OCR.png,Doc1587OCR,1,Bi,10,Bibelske oppslagsverk,"G(rimstvedt), K.",Bibel-ordbog,1891,Kra.,7.opl.,K. Grimstvedt,Kra.,Oslo,59.9139,10.7522
4459,Doc1587OCR.png,Doc1587OCR,2,Bi,10,Bibelske oppslagsverk,"G(rimstvedt), K.",Bibel-ordbog,1904,Kra.,7.opl.,K. Grimstvedt,Kra.,Oslo,59.9139,10.7522
4460,Doc1820OCR.png,Doc1820OCR,1,NV,10,Naturvitenskap – allment,"Hitchcock, Edward",The religion of geology and its connected sciences,1851,Glasgow,,Edward Hitchcock,Glasgow,Glasgow,55.8642,-4.2518
4461,Doc0095OCR.png,Doc0095OCR,1,PT,,,"Arctander, Regine Brun",Fadervor,1923,(Stvg.),,Regine Brun Arctander,(Stvg.),Stavanger,58.9699756,5.7331073
4462,Doc1319OCR.png,Doc1319OCR,1,Li,20,Arabisk og orientalsk litteratur,Firdussi,Das Heldenbuch von Iran aus dem Schah Nameh von J. Görres (übers. mit einer Einleitung),1820,Berlin,2 B.,Firdussi,Berlin,Berlin,52.52,13.405
4463,Doc4049OCR.png,Doc4049OCR,1,KH,,,"Weber, L(udvig)",Geschichte der sittlich-religiösen und socialen Entwicklung Deutschlands in den letzten 35 Jahren. Zusammenhängende Einzelbilder von verschiedenen Verfassern.,1895,Gütersl.,,"Weber, Ludvig",Gütersl.,Gütersloh,51.9031,8.3858
4464,Doc2525OCR.png,Doc2525OCR,1,KH,,,"McCarthy, Michael J. F.",The Jesuits and the British press.,1910,Edinb.,,"McCarthy, Michael J. F.",Edinb.,Edinburgh,55.9533,-3.1883
4465,Doc1759OCR.png,Doc1759OCR,1,SV,10,Språkvitenskap – allment,"Hensel, God(t)fr(i)ed","Synopsis universae philologiae, in qua miranda unitas et harmonia linguarum ...",1741,Norimb.,,"Hensel, Gottfried",Norimb.,Nuremberg,49.4521,11.0767
4466,Doc0198OCR.png,Doc0198OCR,1,PT,92,Annen oppbyggelseslitteratur,"Baxter, Richard",The saints' everlasting rest: ...,1843,London,,"Baxter, Richard",London,London,51.5074,-0.1278
4467,Doc0821OCR.png,Doc0821OCR,1,Li,40,Latinske klassikere,"Cicero, M(arcus) Tullius",Accusatio in C. Verrem. Liber quartus ... Med en Indledning og Anm. .. af J.P. Bang.,1873,Kbh.,,"Cicero, Marcus Tullius",Kbh.,Copenhagen,55.6761,12.5683
4468,Doc1632OCR.png,Doc1632OCR,1,Ge,10,"Reiseskildringer, atlas","Hall, Birger","Fra Østen. Reiseerindringer fra Ægypten, Syrien og Palæstina.",1888,Kra.,,"Hall, Birger",Kra.,Christiania (Oslo),59.9139,10.7522
4469,Doc2642OCR.png,Doc2642OCR,1,NV,30,Fysikk,"Meyer, Kirstine",Radium og radioaktive Stoffer ...,1904,Kbh. Kra.,,"Meyer, Kirstine",Kbh. Kra.,Copenhagen/Christiania,55.6761,12.5683
4470,Doc0985OCR.png,Doc0985OCR,1,,,,"Dahle, L.",2 regnskapsprotokoller vedr. forhandl. av bøker av L. Dahle. 1898-1921. Ført for Dahle av Haakon A. Olsen.,,,,"Dahle, L.",,,,
4471,Doc1942OCR.png,Doc1942OCR,1,ST,15,Filosofihistorie,"Høffding, H(arald)",Philosophien i Tydskland efter Hegel.,1872,Kbh.,,"Høffding, Harald",Kbh.,Copenhagen,55.6761,12.5683
4472,Doc2647OCR.png,Doc2647OCR,1,PT,,,"Michelsen, Edv.",Det gamle Testamente til Opbyggelse.,1907,Kra.,2 ekspl.,"Michelsen, Edvard",Kra.,Oslo,59.9139,10.7522
4473,Doc1174OCR.png,Doc1174OCR,1,RV,100,Antikkens religioner,"Eitrem, S.",Hermes und die Toten.,1909,Kra.,,"Eitrem, Sigurd",Kra.,Oslo,59.9139,10.7522
4474,Doc4006OCR.png,Doc4006OCR,1,SV,20,Indogermanske språk [-> Indoeuropeiske språk],"Voss, V(alentin)",De vigtigste gloser til 1.-7. bog af Homers Odyssey.,1886,Chra.,2 ekspl.,"Voss, Valentin",Chra.,Oslo,59.9139,10.7522
4475,Doc1520OCR.png,Doc1520OCR,1,SV,50,"Malayiske språk, gassisk språk",,Gramara malagasy ...,1871,Antan.,,,Antan.,Antananarivo,-18.8792,47.5079
4476,Doc3163OCR.png,Doc3163OCR,1,Li,50,Fransk litteratur,"Racine, (Jean)",Théatre choisi ... par E.Geruzez.,1886,Paris,,"Racine, Jean",Paris,Paris,48.8566,2.3522
4477,Doc0590OCR.png,Doc0590OCR,1,ST,,,"Breda, O(laus) C.(aspersen)",Livstro.,1912,Kra.,,"Breda, Olaus Caspersen",Kra.,Oslo,59.9139,10.7522
4478,Doc0820OCR.png,Doc0820OCR,1,MV,138,Misjon og kirke på Madagaskar,Church of England (mission),Ny salamon...,1884,Antan.,,Church of England (mission),Antan.,Antananarivo,-18.8792,47.5079
4479,Doc0504OCR.png,Doc0504OCR,1,PT,92,Annen oppbyggelseslitteratur,"Björk, Fr(edrik)","""Den mig bekänner ..."" Predikan.",1917,Klippan,,"Björk, Fredrik",Klippan,Klippan,56.1377,13.1285
4480,Doc1061OCR.png,Doc1061OCR,1,SV,30,Semittiske språk,"Dietrich, Franz Eduard Christoph",Abhandlungen für Semitische Wortforschung.,1844,Lpz.,,"Dietrich, Franz Eduard Christoph",Leipzig,Leipzig,51.3396,12.3731
4481,Doc4063OCR.png,Doc4063OCR,1,MV,122,Misjon og kirke i India,"Weitbrecht, Mrs.",Kvindeligt missionsarbeide i Indien. Overs. (fra tysk) af Edvard Sverdrup.,1896,Kra.,,"Weitbrecht, Mrs.",Kristiania,Oslo,59.9139,10.7522
4482,Doc0295OCR.png,Doc0295OCR,1,GT,10,Tekstutgaver og oversettelser,C.D. Ginsburg,"Bibelen. G.T. Josva.Dom., Sam., Kong., Hebraisk. Prophetae priores ... rev.",1911,London,,"Ginsburg, C.D.",London,London,51.5074,-0.1278
4483,Doc3291OCR.png,Doc3291OCR,1,KH,,,,The sabbath as made known in the word of God. 7th ed.,1891,Edinb.,7th ed.,,Edinburgh,Edinburgh,55.9533,-3.1883
4484,Doc2436OCR.png,Doc2436OCR,1,PT,90,Prekener og andaktsbøker,"Luther, Martin",Christelige Betragtninger til hver Dag i Aaret. Udvalgte Steder af hans samlede Skrifter. Overs. af H.P. Møller.,1861,Kbh.,,"Luther, Martin",København,Copenhagen,55.6761,12.5683
4485,Doc3998OCR.png,Doc3998OCR,1,SV,20,Indogermanske språk [-> Indoeuropeiske språk],"Vollbrecht, Ferdinand",Wörterbuch zu Xenophons Anabasis. 5. verb. Aufl.,1883,Lpz.,5. verb. Aufl.,"Vollbrecht, Ferdinand",Leipzig,Leipzig,51.3396,12.3731
4486,Doc3497OCR.png,Doc3497OCR,1,KH,,,"Skagestad, G.",Lægmands-bevægelsen i Tyskland,1911,Kra.,,"Skagestad, G.",Kristiania,Oslo,59.9139,10.7522
4487,Doc2149OCR.png,Doc2149OCR,1,SV,30,Semittiske språk,"Kirsch, Georg-Wilhelm",Chrestomathia Syriaca Cum Lexico Syriaco,1789,Lips.,,"Kirsch, Georg-Wilhelm",Lips.,Leipzig,51.3397,12.3731
4488,Doc2149OCR.png,Doc2149OCR,2,SV,30,Semittiske språk,,,1836,Lips.,Denuo ed. Georgius Henricus Bernstein,,Lips.,Leipzig,51.3397,12.3731
4489,Doc2456OCR.png,Doc2456OCR,1,PT,92,Annen oppbyggelseslitteratur,Th. Frethow,Litt om den kristelige barneopdragelse,1914,,,Thomas Frethow,,,,
4490,Doc2456OCR.png,Doc2456OCR,2,PT,92,Annen oppbyggelseslitteratur,Johs. Johnson,Fremad marsj! ... for ungdommen,,,,John Johnson,,,,
4491,Doc2456OCR.png,Doc2456OCR,3,PT,92,Annen oppbyggelseslitteratur,Marie Michelet,Den selv erhvervende kvindelige ungdom,1915,,,Marie Michelet,,,,
4492,Doc2456OCR.png,Doc2456OCR,4,PT,92,Annen oppbyggelseslitteratur,Bretteville Jensen,Litt om Kristendom og folkeliv,1915,,Sogneprest,Bretteville Jensen,,,,
4493,Doc1630OCR.png,Doc1630OCR,1,Hi,10,Politisk historie og kulturhistorie,"Hahn, P.","Varzin. Persönliche Erinnerungen an den Fürsten Otto von Bismarck. Mit einem Beitrag ""Johanna Bismarck"" von Maximilian Harden.",,Berl.,,"Hahn, P.",Berl.,Berlin,52.52,13.405
4494,Doc0060OCR.png,Doc0060OCR,1,KH,,,"Alzog, Johannes",Universalgeschichte der christlichen Kirche. Lehrbuch für akademische Vorlesungen,1855,Mainz,6. durchgearb. Aufl. Abth. 3,"Alzog, Johannes",Mainz,Mainz,49.9929,8.2473
4495,Doc4029OCR.png,Doc4029OCR,1,MV,10,Misjonsteori – allment,Wangemann,Brüderlicher Rath und Anweisung für Hülfvereine und Freunde der Berliner Mission,1875,Berlin,,Wangemann,Berlin,Berlin,52.52,13.405
4496,Doc3804OCR.png,Doc3804OCR,1,ST,35,Systematisk teologi – monografier,"Theiner, Anton",Das Seligkeits-Dogma der römisch-katholischen Kirche.,1847,Breslau,,"Theiner, Anton",Breslau,Wrocław,51.1079,17.0385
4497,Doc3381OCR.png,Doc3381OCR,1,GT,,,"Schmidt, Aage",Bibelkritikens Hovedspørgsmaal. Et Indlæg,1908,Chra.,3 ekspl.,"Schmidt, Aage",Chra.,Oslo,59.9139,10.7522
4498,Doc0833OCR.png,Doc0833OCR,1,Li,40,Latinske klassikere,"Cicero, M(arcus) Tullius",Opera omnia adiectis indicibus et adnotatione iterum ed. car. Frid. Aug. Nobbe. Nova ed. ster.,1849,Lips.,T.2,"Cicero, Marcus Tullius",Lips.,Leipzig,51.3397,12.3731
4499,Doc0902OCR.png,Doc0902OCR,1,Bi,10,Bibelske oppslagsverk,"Cruden, Alexander",A complete concordance to the Old and New Testament,1854,London,,Alexander Cruden,London,London,51.5074,-0.1278
4500,Doc0258OCR.png,Doc0258OCR,1,ST,,,Bettex F(rederic),Aabenbaring.,1911,Kra.,,Frederic Bettex,Kra.,Oslo,,
4501,Doc3947OCR.png,Doc3947OCR,1,MV,15,"Misjon - fortellinger, misjonsmotivering","Vestrum, Olaus",Mission,,Levanger,,Olaus Vestrum,Levanger,Levanger,63.7443,11.3
4502,Doc1145OCR.png,Doc1145OCR,1,NT,,,Ebrard J.H. A.,The gospel history: A compendium of critical investigations in support of the historical character of the 4 gospels. Transl. by James Martin. Rev. and ed. by Alexander B. Bruce.,1869,Edinb.,,J.H.A. Ebrard,Edinb.,Edinburgh,55.9533,-3.1883
4503,Doc3198OCR.png,Doc3198OCR,1,NT,,,"Renan, Ernest",Apostlene. Overs. efter Originalens ottende Oplag af A. Wolff.,1883,Kbh.,,Ernest Renan,Kbh.,Copenhagen,55.6761,12.5683
4504,Doc1119OCR.png,Doc1119OCR,1,PT,94,Lærebøker i kristendomskunnskap,"Dächsel, K(arl) A(ugust)",Hilfsbuch zur Vorbereitung auf den Katechismus Unterricht mit einem Anhang von Gebeten,1878,Breslau,,Karl August Dächsel,Breslau,Wrocław,51.1079,17.0385
4505,Doc3263OCR.png,Doc3263OCR,1,ST,40,Etikk og moral,"Rothe, Richard",Theologische Ethik B.1-2,1845,Wittenb.,2 b.,Richard Rothe,Wittenb.,Wittenberg,51.8661,12.6443
4506,Doc0284OCR.png,Doc0284OCR,1,GT,10,Tekstutgaver og oversettelser,,Bibelen. G.T. Salmer. Dansk.Psalmerne overs. af Chr. Hermansen,1867,Kbh.,,,Kbh.,Copenhagen,55.6761,12.5683